:020000040800F2
:1000000008410124E902000881000108C1E100085B
:100010007900010899050008016E01080000000040
:10002000000000000000000000000000710C01084A
:10003000911400080000000099040108090D01084E
:100040000303000803030008030300080303000878
:100050000303000803030008030300080303000868
:10006000030300080303000803030008B1080008A5
:10007000C1080008D1080008E1080008F1080008DC
:10008000010900081109000803030008C114000851
:10009000D114000803030008030300080303000849
:1000A0000303000803030008030300080303000818
:1000B0000303000803030008210F010803030008DD
:1000C00003030008030300080303000803030008F8
:1000D000410801080934010803030008030300086C
:1000E000991400080303000800000000030300083F
:1000F00003030008030300080303000821090008A4
:100100000303000803030008310F0108030300087C
:1001100003030008111C010803030008030300087F
:1001200031090008410900085109000803030008CB
:100130006109000803030008030300080303000823
:1001400000000000000000000000000000000000AF
:100150000303000803030008030300080303000867
:100160000303000803030008030300080303000857
:1001700003030008F9000108030300080000000061
:100180000303000803030008211C0108311C0108B7
:100190000303000803030008030300080303000827
:1001A0000303000803030008030300080000000025
:1001B0000303000803030008030300080303000807
:1001C0000303000803030008000000000000000013
:1001D0000000000000000000030300080000000011
:1001E000000000000000000000000000000000000F
:1001F00000000000000000000303000803030008E3
:1002000003030008030300080000000003030008C4
:1002100003030008030300080303000803030008A6
:1002200003030008000000000303000800000000B2
:100230000303000803030008000000000303000894
:100240000303000803030008030300080303000876
:100250000303000803030008030300080303000866
:100260000303000803030008030300080303000856
:100270000303000803030008030300080000000054
:100280000303000803030008030300080303000836
:100290000000000003030008030300080000000042
:1002A000000000000303000803030008411C0108CC
:1002B000F93301080303000803030008E1140008F0
:1002C000030300080303000803030008DFF814D049
:1002D00000F0E6F800F070F800480047012D020831
:1002E00000F0FAF808410124064880470648004714
:1002F000FEE7FEE7FEE7FEE7FEE7FEE7FEE7FEE7D6
:10030000FEE7FEE7E10D0108CD0200082DE9F05FF0
:100310000546002092469B46884606468146402474
:100320001BE0284641464746224600F06DF85346FA
:100330005A46C01A914110D311461846224600F081
:1003400054F82D1A67EB01084F4622460120002180
:1003500000F04BF817EB00094E41201EA4F10104F8
:10036000DFDC484631462A464346BDE8F09F40EA76
:1003700001039B0703D009E008C9121F08C0042A23
:10038000FAD203E011F8013B00F8013B521EF9D20A
:100390007047D2B201E000F8012B491EFBD2704732
:1003A0000022F6E710B513460A4604461946FFF741
:1003B000F0FF204610BD00007CB5074800900748BC
:1003C00001900546009C04E02046016808448047EF
:1003D000241DAC42F8D17CBDB04E0208B84E0208D4
:1003E0000B460146184600F01FB8202A04DB203ACD
:1003F00000FA02F1002070479140C2F1200320FA78
:1004000003F3194390407047202A04DB203A21FA75
:1004100002F00021704721FA02F3D040C2F120021D
:1004200091400843194670472DE9F04107461546AB
:100430000E46102023F086FE040013D06760C4E946
:1004400002650948AFF3008000F042F801682160BE
:1004500006490460002008600348AFF300800020D4
:10046000BDE8F0810120FBE7A12002081000002474
:1004700070B521F0004303430CD0C1F30A550024AA
:10048000D5EB040564EB0403D617AD1AB34102DBC8
:100490000020014670BD201841EB025170BD0000E4
:1004A0001CB509480090094801900546009C06E0EB
:1004B000E06840F0010394E8070098471034AC422C
:1004C000F6D3FFF707FF0000904E0208B04E020877
:1004D000004870470C0000242DE9F84306461548F3
:1004E000AFF30080FFF7F4FF81464D46E846124F18
:1004F00016E026B1E068B04201D0254610E0206841
:1005000028600C48C7F80080AFF30080D4E90101EF
:1005100088470848AFF300803968414500D04D4610
:100520002C68002CE5D1002038600248AFF3008031
:10053000BDE8F883A120020810000024704770B5C0
:100540008C1810F8015B15F0070301D110F8013B7E
:100550002A1106D110F8012B03E010F8016B01F805
:10056000016B5B1EF9D12B0705D40023521E0DD45D
:1005700001F8013BFAE710F8013BCB1A921C03E0AB
:1005800013F8015B01F8015B521EF9D5A142D8D3E3
:10059000002070BD00000000FFE7FEE70000000043
:1005A00080B594B013901291139800684AF200013C
:1005B000C4F20001884227D1FFE7139840F290214E
:1005C000C2F20041086012984863002008900A9027
:1005D0000B9002210C91012107910D910E900F902B
:1005E00045F2E040C2F2004009900AA904F008FC7C
:1005F0000799089A099804F0BFFA089A09984FF0E9
:10060000007104F0B9FA6DE0139800684AF20041F5
:10061000C4F20001884225D1FFE7139840F27831F7
:10062000C2F20041086012984863002005900A90C9
:100630000B9002210C910D910E900F9045F280507D
:10064000C2F2004006900AA904F0DAFB059A069867
:10065000102104F091FA059A06984FF0007104F009
:100660008BFA3EE0139800684DF20041C4F200019D
:10067000884235D1FFE7139840F2D031C2F20041F1
:10068000086012984863002003900A900B900221A2
:1006900001910C91012102910D910E900F9045F264
:1006A0002060C2F2004004900AA904F0A9FB019A5C
:1006B000029B049869460B60114604F02DFC029AD7
:1006C0000498114604F048FB0299039A049804F038
:1006D00053FA039A04984FF0007104F04DFAFFE7C3
:1006E000FFE7FFE7139805F0DBFC14B080BD0000C6
:1006F00080B58EB00D90ADF832100B92ADF82A3067
:10070000BDF832000190002002900390BDF82A004D
:10071000082804DCFFE7BDF82A000490FFE7BDF8D5
:100720002A000C2803D1FFE709200490FFE7BDF859
:100730002A00102803D1FFE70A200490FFE7BDF844
:100740002A00142803D1FFE70B200490FFE7BDF82F
:100750002A00182803D1FFE70C200490FFE7BDF81A
:100760002A00202803D1FFE70D200490FFE7BDF801
:100770002A00302803D1FFE70E200490FFE7BDF8E0
:100780002A00402803D1FFE70F200490FFE7002054
:10079000059006900790089009900D980B9A01A972
:1007A00004F06AFA0EB080BD84B08DF80F0002919B
:1007B000ADF806209DF80F000146009123281DD8B2
:1007C0000099DFE801F012131415161B1B1B1B1BED
:1007D0001B1B1B1B1B1B1B1B1B1B1B1B1B1B1B1B69
:1007E0001B1B1B1B1B1B1718191A08E007E006E050
:1007F00005E004E003E002E001E000E0FFE70020A4
:1008000004B07047000000000020704700000000A6
:1008100080B582B044F66440C2F20040009041F6D8
:100820008871C2F200410022019213F09DF90098F4
:1008300041F28871C2F2004113F076F9019802B0DA
:1008400080BD00000000000080B584B003900291DC
:10085000039944F66440C2F20040009013F064F93A
:10086000009813F005F903990298026840F2D44009
:10087000C2F2004001903030FFF779FD01980299F3
:100880000968A0F86010426E0398029909689047C1
:10089000002004B080BD000083B0029001918DF86B
:1008A000032000208DF802009DF9020003B070477C
:1008B00080B545F23000C2F2004002F025F880BD5C
:1008C00080B544F6B870C2F2004002F01DF880BD59
:1008D00080B544F64070C2F2004002F015F880BDC9
:1008E00080B545F20030C2F2004002F00DF880BD44
:1008F00080B545F28820C2F2004002F005F880BDC4
:1009000080B545F2A800C2F2004001F0FDFF80BDB5
:1009100080B545F22010C2F2004001F0F5FF80BD25
:1009200080B545F29810C2F2004001F0EDFF80BDA5
:1009300080B545F21020C2F2004001F0E5FF80BD15
:1009400080B545F2F030C2F2004001F0DDFF80BD1D
:1009500080B545F26840C2F2004001F0D5FF80BD8D
:1009600080B545F27830C2F2004001F0CDFF80BD85
:1009700083B002900298016801201022C4F20202A2
:100980009142009000F0A380FFE7029801680120E7
:100990002822C4F202029142009000F09880FFE702
:1009A0000298016801204022C4F2020291420090A4
:1009B00000F08D80FFE70298016801205822C4F200
:1009C00002029142009000F08280FFE702980168E5
:1009D00001207022C4F202029142009077D0FFE71A
:1009E0000298016801208822C4F20202914200901C
:1009F0006DD0FFE7029801680120A022C4F2020234
:100A00009142009063D0FFE7029801680120B8226C
:100A1000C4F202029142009059D0FFE702980168A7
:100A2000012040F21042C4F20202914200904ED0E6
:100A3000FFE702980168012040F22842C4F2020256
:100A40009142009043D0FFE702980168012040F2F4
:100A50004042C4F202029142009038D0FFE702986F
:100A60000168012040F25842C4F202029142009013
:100A70002DD0FFE702980168012040F27042C4F2D5
:100A800002029142009022D0FFE702980168012003
:100A900040F28842C4F202029142009017D0FFE770
:100AA00002980168012040F2A042C4F20202914281
:100AB00000900CD0FFE7029800684FF64831CBF663
:100AC000FD710844B0FA80F040090090FFE70098FB
:100AD000C00740B3FFE70298007810384AF6AB2110
:100AE000CAF6AA21A0FB011000090190019800F0AC
:100AF000070144F27430C0F60200405C0299C865F8
:100B00000198042807D3FFE702990868042262F3DA
:100B10000900886506E00299086840F2FF329043B8
:100B20008865FFE705E00299086820F0FF00886506
:100B3000FFE70298806D03B07047000000000000DE
:100B400084B0039003980068019003980168012025
:100B500045F20842C5F60202914200904ED0FFE7EE
:100B600003980168012045F21C42C5F60202914239
:100B7000009043D0FFE703980168012045F230421E
:100B8000C5F602029142009038D0FFE70398016851
:100B9000012045F24442C5F60202914200902DD058
:100BA000FFE703980168012045F25842C5F60202AA
:100BB0009142009022D0FFE703980168012045F29E
:100BC0006C42C5F602029142009017D0FFE70398ED
:100BD0000168012045F28042C5F602029142009070
:100BE0000CD0FFE7039800684AF66C31CAF2FD7139
:100BF0000844B0FA80F040090090FFE70098C00771
:100C000010B3FFE70398007808384CF6CD41CCF6D6
:100C1000CC41A0FB011000090290029945F60000AA
:100C2000C5F6020000EB810003990866039945F6BA
:100C30008000C5F602004866029800F01F010120FE
:100C400088400399886635E00398007810384AF6A2
:100C5000AB21CAF6AA21A0FB01100009029001985D
:100C600040F2B841C4F2020188420CD8FFE7019873
:100C700040F21041C4F20201884204D3FFE7029817
:100C800008300290FFE7029940F60000C4F202002B
:100C900000EB810003990866039940F68000C4F2D6
:100CA00002004866029800F01F0101208840039965
:100CB0008866FFE704B0704783B00290029800791D
:100CC00001900198002800F08A80FFE70198082829
:100CD00000F28580FFE702980168012045F2084292
:100CE000C5F60202914200904ED0FFE702980168DB
:100CF000012045F21C42C5F602029142009043D009
:100D0000FFE702980168012045F23042C5F6020271
:100D10009142009038D0FFE702980168012045F227
:100D20004442C5F60202914200902DD0FFE702989E
:100D30000168012045F25842C5F602029142009036
:100D400022D0FFE702980168012045F26C42C5F607
:100D500002029142009017D0FFE70298016801203B
:100D600045F28042C5F60202914200900CD0FFE7A6
:100D7000029800684AF66C31CAF2FD710844B0FA74
:100D800080F040090090FFE70098C00780B1FFE7BE
:100D9000019945F6FC00C5F6020000EB81000299BE
:100DA000C866029945F64010C5F6020008670FE0D4
:100DB000019940F6FC00C4F2020000EB81000299A8
:100DC000C866029940F64010C4F202000867FFE7C7
:100DD0000198411E0120884002994867FFE703B04F
:100DE000704700000000000085B0049000208DF8DE
:100DF0000F000498806918BBFFE70498806A02908E
:100E000003281BD80299DFE801F0020D02180498AC
:100E100090F82F00C00720B1FFE701208DF80F00E8
:100E2000FFE70CE00498C06AB0F1C07F04D1FFE78F
:100E300001208DF80F00FFE701E000E0FFE747E049
:100E400004988069B0F5005F26D1FFE70498806AB6
:100E5000019003281ED80199DFE801F00206021173
:100E600001208DF80F0016E0049890F82F00C007BD
:100E700020B1FFE701208DF80F00FFE70BE0049899
:100E8000C06AB0F1C07F04D1FFE701208DF80F00E8
:100E9000FFE700E0FFE71AE00498806A009003286B
:100EA00004D3FFE70098032804D00EE001208DF85A
:100EB0000F000BE0049890F82F00C00720B1FFE767
:100EC00001208DF80F00FFE700E0FFE7FFE7FFE7F5
:100ED0009DF80F0005B0704789B008900791069201
:100EE00005930898806D04900898806D0390089889
:100EF000016801201022C4F202029142029000F027
:100F00000381FFE70898016801202822C4F2020249
:100F10009142029000F0F880FFE7089801680120F4
:100F20004022C4F202029142029000F0ED80FFE7FD
:100F30000898016801205822C4F2020291420290EE
:100F400000F0E280FFE70898016801207022C4F2F7
:100F500002029142029000F0D780FFE708980168F2
:100F600001208822C4F202029142029000F0CC805B
:100F7000FFE7089801680120A022C4F20202914212
:100F8000029000F0C180FFE7089801680120B822B4
:100F9000C4F202029142029000F0B680FFE7089886
:100FA0000168012040F21042C4F202029142029014
:100FB00000F0AA80FFE708980168012040F228426B
:100FC000C4F202029142029000F09E80FFE708986E
:100FD0000168012040F24042C4F2020291420290B4
:100FE00000F09280FFE708980168012040F2584223
:100FF000C4F202029142029000F08680FFE7089856
:101000000168012040F27042C4F202029142029053
:101010007AD0FFE708980168012040F28842C4F2C4
:101020000202914202906FD0FFE708980168012008
:1010300040F2A042C4F202029142029064D0FFE763
:1010400008980168012040F2B842C4F202029142BD
:10105000029059D0FFE708980168012045F2084244
:10106000C5F60202914202904ED0FFE7089801684F
:10107000012045F21C42C5F602029142029043D083
:10108000FFE708980168012045F23042C5F60202E8
:101090009142029038D0FFE708980168012045F29C
:1010A0004442C5F60202914202902DD0FFE7089813
:1010B0000168012045F25842C5F6020291420290B1
:1010C00022D0FFE708980168012045F26C42C5F67E
:1010D00002029142029017D0FFE7089801680120B0
:1010E00045F28042C5F60202914202900CD0FFE721
:1010F000089800684AF66C31CAF2FD710844B0FAEB
:1011000080F040090290FFE70298C00770B1FFE746
:101110000898416E806E48600898C06E28B1FFE75D
:101120000898016F406F4860FFE7FFE70898016883
:1011300001201022C4F202029142019000F0A3802B
:10114000FFE70898016801202822C4F202029142B8
:10115000019000F09880FFE7089801680120402284
:10116000C4F202029142019000F08D80FFE70898DE
:10117000016801205822C4F202029142019000F05D
:101180008280FFE70898016801207022C4F2020201
:101190009142019077D0FFE70898016801208822EA
:1011A000C4F20202914201906DD0FFE708980168F5
:1011B0000120A022C4F202029142019063D0FFE715
:1011C000089801680120B822C4F2020291420190FD
:1011D00059D0FFE708980168012040F21042C4F29C
:1011E0000202914201904ED0FFE708980168012069
:1011F00040F22842C4F202029142019043D0FFE73C
:1012000008980168012040F24042C4F20202914273
:10121000019038D0FFE708980168012040F2584259
:10122000C4F20202914201902DD0FFE708980168B4
:10123000012040F27042C4F202029142019022D099
:10124000FFE708980168012040F28842C4F20202D8
:101250009142019017D0FFE708980168012040F201
:10126000A042C4F20202914201900CD0FFE708981C
:1012700000684FF64831CBF6FD710844B0FA80F0B3
:1012800040090190FFE70198C00750B3FFE70898B5
:10129000C06D00F01F013F208840049988600898C5
:1012A0000168086820F4802008600598089909689A
:1012B000486008988068402809D1FFE70698089997
:1012C00009688860079808990968C86008E0079865
:1012D000089909688860069808990968C860FFE756
:1012E00082E008980168012045F20842C5F6020232
:1012F000914200904ED0FFE708980168012045F226
:101300001C42C5F602029142009043D0FFE70898C4
:101310000168012045F23042C5F602029142009078
:1013200038D0FFE708980168012045F24442C5F62D
:101330000202914200902DD0FFE708980168012039
:1013400045F25842C5F602029142009022D0FFE7D2
:1013500008980168012045F26C42C5F602029142EC
:10136000009017D0FFE708980168012045F28042FD
:10137000C5F60202914200900CD0FFE70898006881
:101380004AF66C31CAF2FD710844B0FA80F04009A7
:101390000090FFE70098C00720B3FFE70898C06DF2
:1013A00000F01F01012088400399486005980899C2
:1013B0000968486008988068402809D1FFE70698C6
:1013C000089909688860079808990968C86008E062
:1013D0000798089909688860069808990968C8609C
:1013E000FFE700E0FFE7FFE709B0704700000000FB
:1013F00081B000904EF6FC51CEF20001086840F03A
:101400008070086041F6B071CEF2000108684CF6B9
:101410005562CCF2AC521043086041F20401CEF2A6
:1014200000010020086041F20002CEF200021168C3
:1014300041F001011160009944F24022C0F20F0214
:101440004A4340F20841C2F200410A600A6844F689
:10145000D353C1F26203A2FB0332920940F20C4360
:10146000C2F200431A6009684DF68362C4F21B326F
:10147000A1FB0221890C40F21042C2F2004211602D
:1014800040F22441C2F20041086001B07047000000
:10149000704700000000000080B54FF4806004F049
:1014A000EFFE4FF4805004F0EBFE80BD0000000022
:1014B00081B0EFF3108072B60090FFE7FEE7000006
:1014C00080B545F2E040C2F2004003F01DFF80BD50
:1014D00080B545F28050C2F2004003F015FF80BD98
:1014E00080B545F22060C2F2004003F00DFF80BDE0
:1014F00084B002900298406B009002980068D0F887
:1015000084004FF6FC718843009940EA81000299FB
:101510000968C1F8840002980068D0F8840020F4BB
:101520007F00029A1168926B40EA0240C1F8840081
:101530000298816B00980844009002980068D0F8E7
:1015400088006FF38F00009940EA810002990968D2
:10155000C1F8880002980068D0F8880020F4FE00E6
:10156000029A1168D26B40EA0240C1F888000298E2
:10157000C16B009800EB4100009002980068D0F821
:10158000A0006FF38F00009940EA8100029909687A
:10159000C1F8A00002980068D0F8A00020F4FE0076
:1015A000029A1168126C40EA0240C1F8A000029948
:1015B000086C496C009A00FB0120009002980068BA
:1015C000D0F8B0006FF38F00009940EA81000299D3
:1015D0000968C1F8B00002980068D0F8B00020F4A3
:1015E000FE00029A1168926C40EA0240C1F8B00015
:1015F0000299886CC96C009A00FB01200090029847
:101600000068D0F8AC006FF38F00009940EA8100C9
:1016100002990968C1F8AC000299086D496D009AF9
:1016200000FB0120009002980068D0F8F0006FF3F2
:101630008F00009940EA810002990968C1F8F00022
:1016400002980068D0F8F00020F47C10029A11682B
:10165000926D40EA0240C1F8F0000298816D009856
:1016600000EB4100009002980068D0F8C0006FF3D2
:101670008F00009940EA810002990968C1F8C00012
:1016800002980068D0F8C00020F47C10029A11681B
:10169000D26D40EA0240C1F8C00002980068D0F85C
:1016A000C00020F07C50029A1168126E40EA02607D
:1016B000C1F8C00002994A6B4AF60040C4F200002B
:1016C00000EB8200C86602998A6BC86E00EB82004C
:1016D00008670299CA6B086F00EBC200486702995D
:1016E0000A6C4B6C486F5A4300EB82008867029982
:1016F0008A6CCB6C886F5A4300EB8200C8670299F2
:101700000A6D4B6DC86F5A4300EB8200C1F8800030
:1017100002998A6DD1F8800000EBC200C1F8840004
:101720000299CA6D8B6ED1F884005A4300EB820097
:10173000C1F8880002990A6E8B6ED1F888005A436E
:1017400000EB8200C1F890000298D0F890004DF2B2
:10175000FD31C4F2000188420FD3FFE70299D1F8AE
:101760009C0040F02000C1F89C000299032081F801
:10177000980001208DF80F0017E00298C06E0190CC
:10178000FFE701980299D1F89010884208D2FFE74C
:10179000019900200860FFE7019804300190F0E70C
:1017A000FFE700208DF80F00FFE79DF80F0004B061
:1017B000704700000000000088B007900691059275
:1017C00004930698406848B9FFE706980168826864
:1017D0000069104340EA8140039009E006980168DF
:1017E000826800691043084340F080400390FFE79F
:1017F0000698D0F820C0C16842698369C06940EA90
:101800000C601843104340EA014002900798826E32
:10181000D0F884000499514300EB810001900398B3
:1018200001990860019804300190029801990860BC
:1018300001980430019000200090FFE7009806997D
:10184000CA6844F26431C0F60201895C88420DD254
:10185000FFE7059800994058019908600198043005
:101860000190FFE7009804300090E7E708B0704768
:1018700080B584B04EF60000C1F6F17000680390A8
:101880004EF60400C1F6F170006802904EF60800B2
:10189000C1F6F17000680190019903980844039023
:1018A000039888B1FFE7039840F2A011C2F200410B
:1018B0000091023108220DF03BF800990298123194
:1018C00004220DF035F8FFE704B080BD00000000F1
:1018D00080B58AB0089004F0EFFE0490089828B90B
:1018E000FFE701208DF8270000F0AABC089890F8C7
:1018F000350002280ED0FFE7089980204865FFE7F1
:101900000899002081F83400FFE701208DF82700B6
:1019100000F096BC0898016801201022C4F202026F
:101920009142039000F0A380FFE70898016801202E
:101930002822C4F202029142039000F09880FFE74F
:101940000898016801204022C4F2020291420390EB
:1019500000F08D80FFE70898016801205822C4F24A
:1019600002029142039000F08280FFE7089801682C
:1019700001207022C4F202029142039077D0FFE767
:101980000898016801208822C4F202029142039063
:101990006DD0FFE7089801680120A022C4F202027E
:1019A0009142039063D0FFE7089801680120B822B4
:1019B000C4F202029142039059D0FFE708980168EF
:1019C000012040F21042C4F20202914203904ED034
:1019D000FFE708980168012040F22842C4F20202A1
:1019E0009142039043D0FFE708980168012040F23C
:1019F0004042C4F202029142039038D0FFE70898B7
:101A00000168012040F25842C4F202029142039060
:101A10002DD0FFE708980168012040F27042C4F21F
:101A200002029142039022D0FFE70898016801204A
:101A300040F28842C4F202029142039017D0FFE7BD
:101A400008980168012040F2A042C4F202029142CB
:101A500003900CD0FFE7089800684FF64831CBF6AA
:101A6000FD710844B0FA80F040090390FFE7039845
:101A7000C00780B1FFE708980168086820F01E00E1
:101A8000086008980168486920F08000486108985B
:101A90000068059009E008980168086820F00E00C9
:101AA0000860089800680590FFE708980168012021
:101AB0001022C4F202029142029000F00381FFE77B
:101AC0000898016801202822C4F202029142029083
:101AD00000F0F880FFE70898016801204022C4F276
:101AE00002029142029000F0ED80FFE70898016841
:101AF00001205822C4F202029142029000F0E280DA
:101B0000FFE70898016801207022C4F202029142A6
:101B1000029000F0D780FFE7089801680120882232
:101B2000C4F202029142029000F0CC80FFE70898D4
:101B300001680120A022C4F202029142029000F04A
:101B4000C180FFE7089801680120B822C4F20202B0
:101B50009142029000F0B680FFE7089801680120EA
:101B600040F21042C4F202029142029000F0AA80B8
:101B7000FFE708980168012040F22842C4F20202FF
:101B80009142029000F09E80FFE7089801680120D2
:101B900040F24042C4F202029142029000F0928070
:101BA000FFE708980168012040F25842C4F202029F
:101BB0009142029000F08680FFE7089801680120BA
:101BC00040F27042C4F20202914202907AD0FFE7E2
:101BD00008980168012040F28842C4F20202914252
:101BE00002906FD0FFE708980168012040F2A04200
:101BF000C4F202029142029064D0FFE708980168A3
:101C0000012040F2B842C4F202029142029059D03F
:101C1000FFE708980168012045F20842C5F6020274
:101C2000914202904ED0FFE708980168012045F2EA
:101C30001C42C5F602029142029043D0FFE7089889
:101C40000168012045F23042C5F60202914202903D
:101C500038D0FFE708980168012045F24442C5F6F4
:101C60000202914202902DD0FFE7089801680120FE
:101C700045F25842C5F602029142029022D0FFE797
:101C800008980168012045F26C42C5F602029142B3
:101C9000029017D0FFE708980168012045F28042C2
:101CA000C5F60202914202900CD0FFE70898006846
:101CB0004AF66C31CAF2FD710844B0FA80F040096E
:101CC0000290FFE70298C00738B1FFE70898016E5D
:101CD000086820F480700860FFE708980068102109
:101CE000C4F20201884200F08180FFE70898006892
:101CF0002821C4F20201884278D0FFE708980068E2
:101D00004021C4F20201884270D0FFE708980068C1
:101D10005821C4F20201884268D0FFE708980068A1
:101D20007021C4F20201884260D0FFE70898006881
:101D30008821C4F20201884258D0FFE70898006861
:101D4000A021C4F20201884250D0FFE70898006841
:101D5000B821C4F20201884248D0FFE70898006821
:101D600040F21041C4F2020188423FD0FFE70898D8
:101D7000006840F22841C4F20201884236D0FFE7F1
:101D80000898006840F24041C4F2020188422DD018
:101D9000FFE70898006840F25841C4F20201884207
:101DA00024D0FFE70898006840F27041C4F20201B5
:101DB00088421BD0FFE70898006840F28841C4F2CF
:101DC0000201884212D0FFE70898006840F2A04163
:101DD000C4F20201884209D0FFE70898006840F287
:101DE000B841C4F20201884207D1FFE708980168B0
:101DF000086820F00100086006E00898016808689B
:101E000020F001000860FFE7FFE705980068C007C1
:101E1000C8B1FFE704F050FC0499401A062811D31A
:101E2000FFE70899202048650899032081F83500CC
:101E3000FFE70899002081F83400FFE701208DF8C2
:101E40002700FDE1E1E70898016801201022C4F2B3
:101E500002029142019000F0A380FFE70898016818
:101E600001202822C4F202029142019000F09880E1
:101E7000FFE70898016801204022C4F20202914263
:101E8000019000F08D80FFE708980168012058223A
:101E9000C4F202029142019000F08280FFE70898AC
:101EA000016801207022C4F202029142019077D0B1
:101EB000FFE70898016801208822C4F202029142DB
:101EC00001906DD0FFE7089801680120A022C4F2BC
:101ED00002029142019063D0FFE708980168012057
:101EE000B822C4F202029142019059D0FFE708984B
:101EF0000168012040F21042C4F2020291420190B6
:101F00004ED0FFE708980168012040F22842C4F251
:101F100002029142019043D0FFE708980168012036
:101F200040F24042C4F202029142019038D0FFE7F1
:101F300008980168012040F25842C4F2020291421E
:101F400001902DD0FFE708980168012040F270420F
:101F5000C4F202029142019022D0FFE70898016882
:101F6000012040F28842C4F202029142019017D04F
:101F7000FFE708980168012040F2A042C4F2020283
:101F8000914201900CD0FFE7089800684FF6483165
:101F9000CBF6FD710844B0FA80F040090190FFE7EC
:101FA0000198C00760B1FFE70898806D0790089816
:101FB000C06D00F01F013F208840079988600BE04A
:101FC0000898806D06900898C06D00F01F010120F0
:101FD000884006994860FFE70898016801201022B0
:101FE000C4F202029142009000F00381FFE70898DA
:101FF000016801202822C4F202029142009000F000
:10200000F880FFE70898016801204022C4F202022C
:102010009142009000F0ED80FFE7089801680120F0
:102020005822C4F202029142009000F0E280FFE7E1
:102030000898016801207022C4F2020291420090C7
:1020400000F0D780FFE70898016801208822C4F2D9
:1020500002029142009000F0CC80FFE708980168EE
:102060000120A022C4F202029142009000F0C1803F
:10207000FFE7089801680120B822C4F202029142E9
:10208000009000F0B680FFE708980168012040F258
:102090001042C4F202029142009000F0AA80FFE7D1
:1020A00008980168012040F22842C4F202029142DD
:1020B000009000F09E80FFE708980168012040F240
:1020C0004042C4F202029142009000F09280FFE789
:1020D00008980168012040F25842C4F2020291427D
:1020E000009000F08680FFE708980168012040F228
:1020F0007042C4F20202914200907AD0FFE7089841
:102100000168012040F28842C4F20202914200902C
:102110006FD0FFE708980168012040F2A042C4F2A6
:1021200002029142009064D0FFE708980168012004
:1021300040F2B842C4F202029142009059D0FFE747
:1021400008980168012045F20842C5F60202914252
:1021500000904ED0FFE708980168012045F21C422C
:10216000C5F602029142009043D0FFE7089801684B
:10217000012045F23042C5F602029142009038D06B
:10218000FFE708980168012045F24442C5F60202C3
:10219000914200902DD0FFE708980168012045F298
:1021A0005842C5F602029142009022D0FFE70898FB
:1021B0000168012045F26C42C5F60202914200908E
:1021C00017D0FFE708980168012045F28042C5F664
:1021D0000202914200900CD0FFE7089800684AF68E
:1021E0006C31CAF2FD710844B0FA80F040090090E9
:1021F000FFE70098C007A0B1FFE70898416E806E26
:1022000048600898C06E58B1FFE70898C16E08682A
:1022100020F4807008600898016F406F4860FFE705
:10222000FFE70899012081F83500FFE708990020B1
:1022300081F83400FFE7FFE700208DF82700FFE773
:102240009DF827000AB080BD80B586B00490049840
:1022500020B9FFE701208DF8170046E3049890F8B5
:102260003500022807D0FFE7049980204865012047
:102270008DF8170039E30498016801201022C4F298
:1022800002029142029000F0A380FFE704980168E7
:1022900001202822C4F202029142029000F09880AC
:1022A000FFE70498016801204022C4F20202914233
:1022B000029000F08D80FFE7049801680120582209
:1022C000C4F202029142029000F08280FFE704987B
:1022D000016801207022C4F202029142029077D07C
:1022E000FFE70498016801208822C4F202029142AB
:1022F00002906DD0FFE7049801680120A022C4F28B
:1023000002029142029063D0FFE704980168012025
:10231000B822C4F202029142029059D0FFE7049819
:102320000168012040F21042C4F202029142029080
:102330004ED0FFE704980168012040F22842C4F221
:1023400002029142029043D0FFE704980168012005
:1023500040F24042C4F202029142029038D0FFE7BC
:1023600004980168012040F25842C4F202029142EE
:1023700002902DD0FFE704980168012040F27042DE
:10238000C4F202029142029022D0FFE70498016851
:10239000012040F28842C4F202029142029017D01A
:1023A000FFE704980168012040F2A042C4F2020253
:1023B000914202900CD0FFE7049800684FF6483134
:1023C000CBF6FD710844B0FA80F040090290FFE7B7
:1023D0000298C007002800F09D80FFE704990420C0
:1023E00081F83500049800681021C4F20201884287
:1023F00000F08180FFE7049800682821C4F2020100
:10240000884278D0FFE7049800684021C4F20201B6
:10241000884270D0FFE7049800685821C4F2020196
:10242000884268D0FFE7049800687021C4F2020176
:10243000884260D0FFE7049800688821C4F2020156
:10244000884258D0FFE704980068A021C4F2020136
:10245000884250D0FFE704980068B821C4F2020116
:10246000884248D0FFE70498006840F21041C4F267
:10247000020188423FD0FFE70498006840F22841FB
:10248000C4F20201884236D0FFE70498006840F2A7
:102490004041C4F2020188422DD0FFE70498006851
:1024A00040F25841C4F20201884224D0FFE7049868
:1024B000006840F27041C4F2020188421BD0FFE77D
:1024C0000498006840F28841C4F20201884212D0A8
:1024D000FFE70498006840F2A041C4F2020188427C
:1024E00009D0FFE70498006840F2B841C4F2020145
:1024F000884207D1FFE704980168086820F00100CE
:10250000086006E004980168086820F0010008608F
:10251000FFE7E5E104980168086820F00E00086014
:10252000049800681021C4F20201884200F0818002
:10253000FFE7049800682821C4F20201884278D09D
:10254000FFE7049800684021C4F20201884270D07D
:10255000FFE7049800685821C4F20201884268D05D
:10256000FFE7049800687021C4F20201884260D03D
:10257000FFE7049800688821C4F20201884258D01D
:10258000FFE704980068A021C4F20201884250D0FD
:10259000FFE704980068B821C4F20201884248D0DD
:1025A000FFE70498006840F21041C4F2020188423B
:1025B0003FD0FFE70498006840F22841C4F20201CE
:1025C000884236D0FFE70498006840F24041C4F2E8
:1025D000020188422DD0FFE70498006840F258417C
:1025E000C4F20201884224D0FFE70498006840F258
:1025F0007041C4F2020188421BD0FFE704980068D2
:1026000040F28841C4F20201884212D0FFE70498E8
:10261000006840F2A041C4F20201884209D0FFE7FD
:102620000498006840F2B841C4F20201884207D120
:10263000FFE704980168086820F00100086006E0E0
:1026400004980168086820F001000860FFE704981A
:10265000016801201022C4F202029142019000F0B0
:102660000381FFE70498016801202822C4F20202D6
:102670009142019000F0F880FFE704980168012082
:102680004022C4F202029142019000F0ED80FFE787
:102690000498016801205822C4F20202914201907C
:1026A00000F0E280FFE70498016801207022C4F284
:1026B00002029142019000F0D780FFE70498016880
:1026C00001208822C4F202029142019000F0CC80E5
:1026D000FFE7049801680120A022C4F2020291429F
:1026E000019000F0C180FFE7049801680120B82242
:1026F000C4F202029142019000F0B680FFE7049814
:102700000168012040F21042C4F20202914201909D
:1027100000F0AA80FFE704980168012040F22842F7
:10272000C4F202029142019000F09E80FFE70498FB
:102730000168012040F24042C4F20202914201903D
:1027400000F09280FFE704980168012040F25842AF
:10275000C4F202029142019000F08680FFE70498E3
:102760000168012040F27042C4F2020291420190DD
:102770007AD0FFE704980168012040F28842C4F251
:102780000202914201906FD0FFE704980168012096
:1027900040F2A042C4F202029142019064D0FFE7ED
:1027A00004980168012040F2B842C4F2020291424A
:1027B000019059D0FFE704980168012045F20842D2
:1027C000C5F60202914201904ED0FFE704980168DD
:1027D000012045F21C42C5F602029142019043D00D
:1027E000FFE704980168012045F23042C5F6020275
:1027F0009142019038D0FFE704980168012045F22A
:102800004442C5F60202914201902DD0FFE70498A0
:102810000168012045F25842C5F60202914201903A
:1028200022D0FFE704980168012045F26C42C5F60A
:1028300002029142019017D0FFE70498016801203D
:1028400045F28042C5F60202914201900CD0FFE7AA
:10285000049800684AF66C31CAF2FD710844B0FA77
:1028600080F040090190FFE70198C00728B3FFE717
:102870000498016E086820F4807008600498806DE8
:1028800003900498C06D00F01F0101208840039957
:1028900048600498416E806E48600498C06E58B1DC
:1028A000FFE70498C16E086820F4807008600498FF
:1028B000016F406F4860FFE7FFE70499012081F84E
:1028C0003500FFE70499002081F83400FFE7049801
:1028D000006D20B1FFE70498016D8847FFE7FFE72F
:1028E000FFE700208DF81700FFE79DF8170006B0FE
:1028F00080BD00000000000081B000900098406D95
:1029000001B070470000000080B590B00F9000202B
:102910000B9040F2E400C2F20040006848F2B511AA
:10292000C1F64E31A0FB0110800A0A900F98806D0D
:1029300009900F98806D0890099800680E9008988B
:1029400000680D900F98016801201022C4F2020265
:102950009142079000F0A380FFE70F9801680120E3
:102960002822C4F202029142079000F09880FFE70B
:102970000F98016801204022C4F2020291420790A0
:1029800000F08D80FFE70F98016801205822C4F203
:1029900002029142079000F08280FFE70F980168E1
:1029A00001207022C4F202029142079077D0FFE723
:1029B0000F98016801208822C4F202029142079018
:1029C0006DD0FFE70F9801680120A022C4F2020237
:1029D0009142079063D0FFE70F9801680120B82269
:1029E000C4F202029142079059D0FFE70F980168A4
:1029F000012040F21042C4F20202914207904ED0F0
:102A0000FFE70F980168012040F22842C4F2020259
:102A10009142079043D0FFE70F980168012040F2F0
:102A20004042C4F202029142079038D0FFE70F986B
:102A30000168012040F25842C4F20202914207901C
:102A40002DD0FFE70F980168012040F27042C4F2D8
:102A500002029142079022D0FFE70F9801680120FF
:102A600040F28842C4F202029142079017D0FFE779
:102A70000F980168012040F2A042C4F20202914284
:102A800007900CD0FFE70F9800684FF64831CBF65F
:102A9000FD710844B0FA80F040090790FFE70798FD
:102AA000C007002800F01385FFE70E980F99C96D45
:102AB00001F01F01C8400007002840F1B080FFE787
:102AC0000F9800681021C4F20201884200F0818052
:102AD000FFE70F9800682821C4F20201884278D0ED
:102AE000FFE70F9800684021C4F20201884270D0CD
:102AF000FFE70F9800685821C4F20201884268D0AD
:102B0000FFE70F9800687021C4F20201884260D08C
:102B1000FFE70F9800688821C4F20201884258D06C
:102B2000FFE70F980068A021C4F20201884250D04C
:102B3000FFE70F980068B821C4F20201884248D02C
:102B4000FFE70F98006840F21041C4F2020188428A
:102B50003FD0FFE70F98006840F22841C4F202011D
:102B6000884236D0FFE70F98006840F24041C4F237
:102B7000020188422DD0FFE70F98006840F25841CB
:102B8000C4F20201884224D0FFE70F98006840F2A7
:102B90007041C4F2020188421BD0FFE70F98006821
:102BA00040F28841C4F20201884212D0FFE70F9838
:102BB000006840F2A041C4F20201884209D0FFE758
:102BC0000F98006840F2B841C4F20201884207D170
:102BD000FFE70F980068006800F00400069006E028
:102BE0000F980068006800F008000690FFE706985C
:102BF000A0B1FFE70F980168086820F004000860A2
:102C00000F98C06D00F01F01082088400999886066
:102C10000F99486D40F001004865FFE7FFE70E9807
:102C20000F99C96D01F01F01C840C007002800F0CE
:102C3000A980FFE70F9800681021C4F202018842C2
:102C400000F08180FFE70F9800682821C4F202019C
:102C5000884278D0FFE70F9800684021C4F2020153
:102C6000884270D0FFE70F9800685821C4F2020133
:102C7000884268D0FFE70F9800687021C4F2020113
:102C8000884260D0FFE70F9800688821C4F20201F3
:102C9000884258D0FFE70F980068A021C4F20201D3
:102CA000884250D0FFE70F980068B821C4F20201B3
:102CB000884248D0FFE70F98006840F21041C4F204
:102CC000020188423FD0FFE70F98006840F2284198
:102CD000C4F20201884236D0FFE70F98006840F244
:102CE0004041C4F2020188422DD0FFE70F980068EE
:102CF00040F25841C4F20201884224D0FFE70F9805
:102D0000006840F27041C4F2020188421BD0FFE724
:102D10000F98006840F28841C4F20201884212D044
:102D2000FFE70F98006840F2A041C4F20201884218
:102D300009D0FFE70F98006840F2B841C4F20201E1
:102D4000884207D1FFE70F980068406900F08000D3
:102D5000059005E00F980068006800200590FFE7E7
:102D6000059870B1FFE70F98C06D00F01F010120BA
:102D70008840099988600F99486D40F002004865C5
:102D8000FFE7FFE70E980F99C96D01F01F01C840DA
:102D90004007002840F1A980FFE70F980068102144
:102DA000C4F20201884200F08180FFE70F980068BA
:102DB0002821C4F20201884278D0FFE70F9800680A
:102DC0004021C4F20201884270D0FFE70F980068EA
:102DD0005821C4F20201884268D0FFE70F980068CA
:102DE0007021C4F20201884260D0FFE70F980068AA
:102DF0008821C4F20201884258D0FFE70F9800688A
:102E0000A021C4F20201884250D0FFE70F98006869
:102E1000B821C4F20201884248D0FFE70F98006849
:102E200040F21041C4F2020188423FD0FFE70F9800
:102E3000006840F22841C4F20201884236D0FFE720
:102E40000F98006840F24041C4F2020188422DD040
:102E5000FFE70F98006840F25841C4F2020188422F
:102E600024D0FFE70F98006840F27041C4F20201DD
:102E700088421BD0FFE70F98006840F28841C4F2F7
:102E80000201884212D0FFE70F98006840F2A0418B
:102E9000C4F20201884209D0FFE70F98006840F2AF
:102EA000B841C4F20201884207D1FFE70F980068D9
:102EB000006800F00200049005E00F9800680068C8
:102EC00000200490FFE7049870B1FFE70F98C06DF1
:102ED00000F01F0104208840099988600F99486D0F
:102EE00040F004004865FFE7FFE70E980F99C96DB1
:102EF00001F01F01C840C006002840F1DE80FFE756
:102F00000F9800681021C4F20201884200F081800D
:102F1000FFE70F9800682821C4F20201884278D0A8
:102F2000FFE70F9800684021C4F20201884270D088
:102F3000FFE70F9800685821C4F20201884268D068
:102F4000FFE70F9800687021C4F20201884260D048
:102F5000FFE70F9800688821C4F20201884258D028
:102F6000FFE70F980068A021C4F20201884250D008
:102F7000FFE70F980068B821C4F20201884248D0E8
:102F8000FFE70F98006840F21041C4F20201884246
:102F90003FD0FFE70F98006840F22841C4F20201D9
:102FA000884236D0FFE70F98006840F24041C4F2F3
:102FB000020188422DD0FFE70F98006840F2584187
:102FC000C4F20201884224D0FFE70F98006840F263
:102FD0007041C4F2020188421BD0FFE70F980068DD
:102FE00040F28841C4F20201884212D0FFE70F98F4
:102FF000006840F2A041C4F20201884209D0FFE714
:103000000F98006840F2B841C4F20201884207D12B
:10301000FFE70F980068006800F00800039006E0E2
:103020000F980068006800F004000390FFE7039821
:10303000002841D0FFE70F98C06D00F01F0110205D
:103040008840099988600F9800680068400300284C
:103050001AD5FFE70F98006800680003002809D41C
:10306000FFE70F98006C20B1FFE70F98016C8847CD
:10307000FFE708E00F98806C20B1FFE70F98816CA4
:103080008847FFE7FFE716E00F9800680068C00573
:10309000002807D4FFE70F980168086820F00800AF
:1030A0000860FFE70F98006C20B1FFE70F98016CF4
:1030B0008847FFE7FFE7FFE7FFE70E980F99C96D25
:1030C00001F01F01C8408006002840F12681FFE77B
:1030D0000F9800681021C4F20201884200F081803C
:1030E000FFE70F9800682821C4F20201884278D0D7
:1030F000FFE70F9800684021C4F20201884270D0B7
:10310000FFE70F9800685821C4F20201884268D096
:10311000FFE70F9800687021C4F20201884260D076
:10312000FFE70F9800688821C4F20201884258D056
:10313000FFE70F980068A021C4F20201884250D036
:10314000FFE70F980068B821C4F20201884248D016
:10315000FFE70F98006840F21041C4F20201884274
:103160003FD0FFE70F98006840F22841C4F2020107
:10317000884236D0FFE70F98006840F24041C4F221
:10318000020188422DD0FFE70F98006840F25841B5
:10319000C4F20201884224D0FFE70F98006840F291
:1031A0007041C4F2020188421BD0FFE70F9800680B
:1031B00040F28841C4F20201884212D0FFE70F9822
:1031C000006840F2A041C4F20201884209D0FFE742
:1031D0000F98006840F2B841C4F20201884207D15A
:1031E000FFE70F980068006800F01000029006E00A
:1031F0000F980068006800F002000290FFE7029854
:10320000002800F08980FFE70F98C06D00F01F01D3
:1032100020208840099988600F9890F8350004288C
:1032200037D1FFE70F980168086820F016000860A2
:103230000F980168486920F0800048610F98006C81
:1032400020B9FFE70F98806C38B1FFE70F9801684D
:10325000086820F008000860FFE70F98C06D00F0D4
:103260001F013F208840099988600F99012081F84B
:103270003500FFE70F99002081F83400FFE70F9831
:10328000006D20B1FFE70F98016D8847FFE700F060
:1032900019BC0F9800680068400300281AD5FFE7A2
:1032A0000F98006800680003002809D4FFE70F9812
:1032B000406C20B1FFE70F98416C8847FFE708E0BA
:1032C0000F98C06B20B1FFE70F98C16B8847FFE7ED
:1032D000FFE720E00F9800680068C005002811D4BF
:1032E000FFE70F980168086820F0100008600F9948
:1032F000012081F83500FFE70F99002081F83400A4
:10330000FFE7FFE70F98C06B20B1FFE70F98C16B95
:103310008847FFE7FFE7FFE7FFE70F98406D0028CA
:1033200000F0D480FFE70F98406DC007002800F040
:10333000C480FFE70F99042081F835000F980068DA
:103340001021C4F20201884200F08180FFE70F984B
:1033500000682821C4F20201884278D0FFE70F9864
:1033600000684021C4F20201884270D0FFE70F9844
:1033700000685821C4F20201884268D0FFE70F9824
:1033800000687021C4F20201884260D0FFE70F9804
:1033900000688821C4F20201884258D0FFE70F98E4
:1033A0000068A021C4F20201884250D0FFE70F98C4
:1033B0000068B821C4F20201884248D0FFE70F98A4
:1033C000006840F21041C4F2020188423FD0FFE79A
:1033D0000F98006840F22841C4F20201884236D0BA
:1033E000FFE70F98006840F24041C4F202018842B2
:1033F0002DD0FFE70F98006840F25841C4F2020157
:10340000884224D0FFE70F98006840F27041C4F270
:10341000020188421BD0FFE70F98006840F2884104
:10342000C4F20201884212D0FFE70F98006840F210
:10343000A041C4F20201884209D0FFE70F9800685A
:1034400040F2B841C4F20201884207D1FFE70F9869
:103450000168086820F00100086006E00F98016824
:10346000086820F001000860FFE7FFE70B980130D3
:103470000B900A99884201D9FFE707E0FFE70F9810
:1034800000680068C0070028F0D1FFE70F980068C7
:103490000068C00728B1FFE70F99032081F83500C5
:1034A00004E00F99012081F83500FFE7FFE70F994D
:1034B000002081F83400FFE7FFE70F98C06C20B1CF
:1034C000FFE70F98C16C8847FFE7FFE7FAE20F9824
:1034D0000168012045F20842C5F6020291420190BE
:1034E0004ED0FFE70F980168012045F21C42C5F657
:1034F00002029142019043D0FFE70F98016801203A
:1035000045F23042C5F602029142019038D0FFE701
:103510000F980168012045F24442C5F6020291422B
:1035200001902DD0FFE70F980168012045F2584225
:10353000C5F602029142019022D0FFE70F98016880
:10354000012045F26C42C5F602029142019017D06B
:10355000FFE70F980168012045F28042C5F602029C
:10356000914201900CD0FFE70F9800684AF66C3149
:10357000CAF2FD710844B0FA80F040090190FFE7FB
:103580000198C007002800F09B82FFE70F980068B1
:1035900000680C900D980F99C96D01F01F01C8408B
:1035A0004007002840F1D780FFE79DF83000400732
:1035B000002840F1D080FFE70F98C06D00F01F0198
:1035C00004208840089948609DF8310000060028D2
:1035D00018D5FFE79DF83200C00748B9FFE70F98FC
:1035E000806C20B1FFE70F98816C8847FFE708E007
:1035F0000F98006C20B1FFE70F98016C8847FFE738
:10360000FFE7A7E09DF830008006002800F19980D0
:10361000FFE70F9800681021C4F20201884200F011
:103620008180FFE70F9800682821C4F202018842D8
:1036300078D0FFE70F9800684021C4F20201884269
:1036400070D0FFE70F9800685821C4F20201884249
:1036500068D0FFE70F9800687021C4F20201884229
:1036600060D0FFE70F9800688821C4F20201884209
:1036700058D0FFE70F980068A021C4F202018842E9
:1036800050D0FFE70F980068B821C4F202018842C9
:1036900048D0FFE70F98006840F21041C4F20201E1
:1036A00088423FD0FFE70F98006840F22841C4F2FB
:1036B0000201884236D0FFE70F98006840F240418F
:1036C000C4F2020188422DD0FFE70F98006840F253
:1036D0005841C4F20201884224D0FFE70F980068E5
:1036E00040F27041C4F2020188421BD0FFE70F98FC
:1036F000006840F28841C4F20201884212D0FFE71C
:103700000F98006840F2A041C4F20201884209D03B
:10371000FFE70F98006840F2B841C4F20201884206
:1037200007D1FFE70F980168086820F008000860DB
:1037300006E00F980168086820F004000860FFE7C1
:10374000FFE70F98006C20B1FFE70F98016C8847E6
:10375000FFE7FFE7B3E10D980F99C96D01F01F0175
:10376000C8408007002840F1E180FFE79DF8300065
:103770008007002840F1DA80FFE70F98C06D00F065
:103780001F0102208840089948609DF8310000061A
:10379000002818D5FFE79DF83200C00748B9FFE7B9
:1037A0000F98406C20B1FFE70F98416C8847FFE706
:1037B00008E00F98C06B20B1FFE70F98C16B8847F6
:1037C000FFE7FFE7B1E09DF830008006002800F138
:1037D000A380FFE70F9800681021C4F2020188421D
:1037E00000F08180FFE70F9800682821C4F20201F1
:1037F000884278D0FFE70F9800684021C4F20201A8
:10380000884270D0FFE70F9800685821C4F2020187
:10381000884268D0FFE70F9800687021C4F2020167
:10382000884260D0FFE70F9800688821C4F2020147
:10383000884258D0FFE70F980068A021C4F2020127
:10384000884250D0FFE70F980068B821C4F2020107
:10385000884248D0FFE70F98006840F21041C4F258
:10386000020188423FD0FFE70F98006840F22841EC
:10387000C4F20201884236D0FFE70F98006840F298
:103880004041C4F2020188422DD0FFE70F98006842
:1038900040F25841C4F20201884224D0FFE70F9859
:1038A000006840F27041C4F2020188421BD0FFE779
:1038B0000F98006840F28841C4F20201884212D099
:1038C000FFE70F98006840F2A041C4F2020188426D
:1038D00009D0FFE70F98006840F2B841C4F2020136
:1038E000884207D1FFE70F980168086820F01400AC
:1038F000086006E00F980168086820F00A00086078
:10390000FFE70F99012081F83500FFE70F990020AC
:1039100081F83400FFE7FFE70F98C06B20B1FFE7A5
:103920000F98C16B8847FFE7FFE7C7E00D980F9935
:10393000C96D01F01F01C8400007002840F1BC809C
:10394000FFE79DF830000007002840F1B580FFE751
:103950000F9800681021C4F20201884200F08180B3
:10396000FFE70F9800682821C4F20201884278D04E
:10397000FFE70F9800684021C4F20201884270D02E
:10398000FFE70F9800685821C4F20201884268D00E
:10399000FFE70F9800687021C4F20201884260D0EE
:1039A000FFE70F9800688821C4F20201884258D0CE
:1039B000FFE70F980068A021C4F20201884250D0AE
:1039C000FFE70F980068B821C4F20201884248D08E
:1039D000FFE70F98006840F21041C4F202018842EC
:1039E0003FD0FFE70F98006840F22841C4F202017F
:1039F000884236D0FFE70F98006840F24041C4F299
:103A0000020188422DD0FFE70F98006840F258412C
:103A1000C4F20201884224D0FFE70F98006840F208
:103A20007041C4F2020188421BD0FFE70F98006882
:103A300040F28841C4F20201884212D0FFE70F9899
:103A4000006840F2A041C4F20201884209D0FFE7B9
:103A50000F98006840F2B841C4F20201884207D1D1
:103A6000FFE70F980168086820F01C00086006E076
:103A70000F980168086820F00E000860FFE70F98B3
:103A8000C06D00F01F01012000FA01F1089A516099
:103A90000F9948650F9981F83500FFE70F990020CD
:103AA00081F83400FFE70F98C06C20B1FFE70F9852
:103AB000C16C8847FFE700E0FFE7FFE7FFE700E0B2
:103AC000FFE7FFE710B080BD10B58EB00C9002F09C
:103AD000F3FD0A900C9828B9FFE701208DF8370014
:103AE00000F09EBC0C98016801201022C4F2020272
:103AF0009142079000F0A380FFE70C980168012035
:103B00002822C4F202029142079000F09880FFE759
:103B10000C98016801204022C4F2020291420790F1
:103B200000F08D80FFE70C98016801205822C4F254
:103B300002029142079000F08280FFE70C98016832
:103B400001207022C4F202029142079077D0FFE771
:103B50000C98016801208822C4F202029142079069
:103B60006DD0FFE70C9801680120A022C4F2020288
:103B70009142079063D0FFE70C9801680120B822BA
:103B8000C4F202029142079059D0FFE70C980168F5
:103B9000012040F21042C4F20202914207904ED03E
:103BA000FFE70C980168012040F22842C4F20202AB
:103BB0009142079043D0FFE70C980168012040F242
:103BC0004042C4F202029142079038D0FFE70C98BD
:103BD0000168012040F25842C4F20202914207906B
:103BE0002DD0FFE70C980168012040F27042C4F22A
:103BF00002029142079022D0FFE70C980168012051
:103C000040F28842C4F202029142079017D0FFE7C7
:103C10000C980168012040F2A042C4F202029142D5
:103C200007900CD0FFE70C9800684FF64831CBF6B0
:103C3000FD710844B0FA80F040090790FFE707984B
:103C4000C007002800F07881FFE70C98406A08B1AF
:103C5000FFE7FFE70C99022081F83500FFE70C9998
:103C6000002081F83400FFE70C9800681021C4F2AE
:103C70000201884200F08180FFE70C98006828214B
:103C8000C4F20201884278D0FFE70C980068402116
:103C9000C4F20201884270D0FFE70C9800685821F6
:103CA000C4F20201884268D0FFE70C9800687021D6
:103CB000C4F20201884260D0FFE70C9800688821B6
:103CC000C4F20201884258D0FFE70C980068A02196
:103CD000C4F20201884250D0FFE70C980068B82176
:103CE000C4F20201884248D0FFE70C98006840F215
:103CF0001041C4F2020188423FD0FFE70C980068EF
:103D000040F22841C4F20201884236D0FFE70C9805
:103D1000006840F24041C4F2020188422DD0FFE722
:103D20000C98006840F25841C4F20201884224D045
:103D3000FFE70C98006840F27041C4F2020188422B
:103D40001BD0FFE70C98006840F28841C4F20201E2
:103D5000884212D0FFE70C98006840F2A041C4F2FC
:103D60000201884209D0FFE70C98006840F2B84190
:103D7000C4F20201884207D1FFE70C980168086885
:103D800020F00100086006E00C980168086820F047
:103D900001000860FFE7FFE70C9800680068C007B3
:103DA00098B1FFE702F088FC0A99401A06280BD365
:103DB000FFE70C99202048650C99032081F8350015
:103DC00001208DF837002BE3E6E70C9800680068C7
:103DD0000B900B9848F23F01CFF6106108400B9012
:103DE0000C998868D1F80CC00B694A6940EA0C004C
:103DF000184310438A691043CA691043096A014392
:103E00000B9808430B900C98406A042808D1FFE7F0
:103E10000C99C86A096B01430B9808430B90FFE7A4
:103E20000C984068292807D3FFE70C9841680120C7
:103E30002F29069036D3FFE70C9840683F2807D318
:103E4000FFE70C9841680120432906902AD3FFE739
:103E50000C984068472807D3FFE70C984168012079
:103E6000492906901ED3FFE70C9840684F2807D3D6
:103E7000FFE70C98416801205329069012D3FFE711
:103E80000C98416800207429059008D3FFE70C982E
:103E900041680020782938BF01200590FFE7059888
:103EA0000690FFE70698C00728B1FFE70B9840F49B
:103EB00080100B90FFE70B980C99096808600C982C
:103EC000006840690B900B9820F007000B900C984D
:103ED000416A0B9808430B900C98406A04281AD149
:103EE000FFE70C98816A0B9808430B900C98C06A06
:103EF00080B1FFE70C98FCF777FF50B1FFE70C9912
:103F0000402048650C99012081F835008DF8370074
:103F100086E2FFE7FFE70B980C99096848610C9867
:103F2000FCF726FD09900C98C06D00F01F013F20A2
:103F300088400999886026E10C980168012045F2C3
:103F40000842C5F60202914204904ED0FFE70C9859
:103F50000168012045F21C42C5F60202914204901C
:103F600043D0FFE70C980168012045F23042C5F6C6
:103F700002029142049038D0FFE70C9801680120BA
:103F800045F24442C5F60202914204902DD0FFE76B
:103F90000C980168012045F25842C5F60202914290
:103FA000049022D0FFE70C980168012045F26C4292
:103FB000C5F602029142049017D0FFE70C98016801
:103FC000012045F28042C5F60202914204900CD0D5
:103FD000FFE70C9800684AF66C31CAF2FD7108449C
:103FE000B0FA80F040090490FFE70498C007002869
:103FF00000F0BD80FFE70C980168012045F20842FF
:10400000C5F60202914203904ED0FFE70C9801687A
:10401000012045F21C42C5F602029142039043D0B2
:10402000FFE70C980168012045F23042C5F6020214
:104030009142039038D0FFE70C980168012045F2C7
:104040004442C5F60202914203902DD0FFE70C983E
:104050000168012045F25842C5F6020291420390E0
:1040600022D0FFE70C980168012045F26C42C5F6AA
:1040700002029142039017D0FFE70C9801680120DB
:1040800045F28042C5F60202914203900CD0FFE750
:104090000C9800684AF66C31CAF2FD710844B0FA17
:1040A00080F040090390FFE70398C00708B1FFE7DD
:1040B000FFE70C99022081F83500FFE70C990020FA
:1040C00081F83400FFE70C98006800680B900B98AB
:1040D0006FF310100B900C988068402803D1FFE715
:1040E0001020029008E00C9880688038B0FA80F0C8
:1040F000400980030290FFE702980C99CA680B6997
:10410000D1F814C0D1F818E0CC694EEA040E4CEA9C
:104110000E0C43EA0C031A4340EAD200096A40EA53
:1041200011110B9808430B900B980C9909680860C3
:104130000C9908684AF6F832CAF2FD7210444CF63F
:10414000CD42CCF6CC42A0FB02026FF0030000EAA5
:104150009200C8650C98FCF70BFC08900C98C06D99
:1041600000F01F0101208840089948600AE00C997E
:10417000402048650C99032081F8350001208DF816
:1041800037004DE1FFE70C98016801201022C4F2CE
:1041900002029142019000F00381FFE70C98016850
:1041A00001202822C4F202029142019000F0F8801E
:1041B000FFE70C98016801204022C4F202029142FC
:1041C000019000F0ED80FFE70C9801680120582273
:1041D000C4F202029142019000F0E280FFE70C98E5
:1041E000016801207022C4F202029142019000F0A5
:1041F000D780FFE70C98016801208822C4F20202F0
:104200009142019000F0CC80FFE70C9801680120FA
:10421000A022C4F202029142019000F0C180FFE7A7
:104220000C9801680120B822C4F202029142019068
:1042300000F0B680FFE70C980168012040F21042C0
:10424000C4F202029142019000F0AA80FFE70C98AC
:104250000168012040F22842C4F20202914201901A
:1042600000F09E80FFE70C980168012040F2404278
:10427000C4F202029142019000F09280FFE70C9894
:104280000168012040F25842C4F2020291420190BA
:1042900000F08680FFE70C980168012040F2704230
:1042A000C4F20202914201907AD0FFE70C980168B3
:1042B000012040F28842C4F20202914201906FD084
:1042C000FFE70C980168012040F2A042C4F202020C
:1042D0009142019064D0FFE70C980168012040F200
:1042E000B842C4F202029142019059D0FFE70C9803
:1042F0000168012045F20842C5F602029142019090
:104300004ED0FFE70C980168012045F21C42C5F62B
:1043100002029142019043D0FFE70C98016801200E
:1043200045F23042C5F602029142019038D0FFE7D3
:104330000C980168012045F24442C5F60202914200
:1043400001902DD0FFE70C980168012045F25842FA
:10435000C5F602029142019022D0FFE70C98016855
:10436000012045F26C42C5F602029142019017D03D
:10437000FFE70C980168012045F28042C5F6020271
:10438000914201900CD0FFE70C9800684AF66C311E
:10439000CAF2FD710844B0FA80F040090190FFE7CD
:1043A0000198C00790B3FFE70C98FCF7C9FB0C9885
:1043B0008068802804D1FFE70C9900204860FFE75F
:1043C0000C990879096E08600C98416E806E4860FF
:1043D0000C98406888B1FFE70C98406808280CD812
:1043E000FFE70C98FCF768FC0C98C16E0020086091
:1043F0000C98016F406F486007E00C990020C86678
:104400000C9908670C994867FFE7FFE70C990020B3
:1044100048650C9A012182F835108DF83700FFE7C6
:104420009DF837000EB010BD80B588B0069005919C
:104430000492039300208DF80B00069820B9FFE743
:1044400001208DF81F006CE3FFE7069890F8340018
:10445000012804D1FFE702208DF81F0061E30699CF
:10446000012081F83400FFE7FFE7069890F8350057
:10447000012840F04383FFE70699022081F83500C8
:10448000069900204865069800681021C4F20201D0
:10449000884200F08180FFE7069800682821C4F276
:1044A0000201884278D0FFE7069800684021C4F2F4
:1044B0000201884270D0FFE7069800685821C4F2D4
:1044C0000201884268D0FFE7069800687021C4F2B4
:1044D0000201884260D0FFE7069800688821C4F294
:1044E0000201884258D0FFE706980068A021C4F274
:1044F0000201884250D0FFE706980068B821C4F254
:104500000201884248D0FFE70698006840F2104157
:10451000C4F2020188423FD0FFE70698006840F2EB
:104520002841C4F20201884236D0FFE706980068AD
:1045300040F24041C4F2020188422DD0FFE70698C4
:10454000006840F25841C4F20201884224D0FFE7DB
:104550000698006840F27041C4F2020188421BD004
:10456000FFE70698006840F28841C4F202018842E1
:1045700012D0FFE70698006840F2A041C4F20201A1
:10458000884209D0FFE70698006840F2B841C4F2BB
:104590000201884207D1FFE706980168086820F009
:1045A0000100086006E006980168086820F0010034
:1045B0000860FFE706980599049A039BFCF78CFCBA
:1045C0000698016801201022C4F202029142019073
:1045D00000F0A380FFE70698016801202822C4F2BA
:1045E00002029142019000F09880FFE7069801686E
:1045F00001204022C4F202029142019000F08D801D
:10460000FFE70698016801205822C4F20202914295
:10461000019000F08280FFE7069801680120702277
:10462000C4F202029142019077D0FFE70698016838
:1046300001208822C4F20202914201906DD0FFE76E
:10464000069801680120A022C4F202029142019062
:1046500063D0FFE7069801680120B822C4F2020285
:104660009142019059D0FFE706980168012040F27D
:104670001042C4F20202914201904ED0FFE7069828
:104680000168012040F22842C4F2020291420190E6
:1046900043D0FFE706980168012040F24042C4F28F
:1046A00002029142019038D0FFE70698016801208C
:1046B00040F25842C4F20202914201902DD0FFE72D
:1046C00006980168012040F27042C4F20202914251
:1046D000019022D0FFE706980168012040F288424D
:1046E000C4F202029142019017D0FFE706980168D8
:1046F000012040F2A042C4F20202914201900CD08B
:10470000FFE7069800684FF64831CBF6FD71084484
:10471000B0FA80F040090190FFE70198C007A8B106
:10472000FFE70698006800680B2161F344000699D2
:10473000096808600698006C38B1FFE706980168C0
:10474000086840F008000860FFE714E00698006879
:104750000068052161F3430006990968086006981E
:10476000006C38B1FFE706980168086840F0040063
:104770000860FFE7FFE70698016801201022C4F2F5
:1047800002029142009000F00381FFE70698016861
:1047900001202822C4F202029142009000F0F88029
:1047A000FFE70698016801204022C4F2020291420C
:1047B000009000F0ED80FFE7069801680120582284
:1047C000C4F202029142009000F0E280FFE70698F6
:1047D000016801207022C4F202029142009000F0B0
:1047E000D780FFE70698016801208822C4F2020200
:1047F0009142009000F0CC80FFE70698016801200C
:10480000A022C4F202029142009000F0C180FFE7B2
:10481000069801680120B822C4F202029142009079
:1048200000F0B680FFE706980168012040F21042D0
:10483000C4F202029142009000F0AA80FFE70698BD
:104840000168012040F22842C4F202029142009025
:1048500000F09E80FFE706980168012040F2404288
:10486000C4F202029142009000F09280FFE70698A5
:104870000168012040F25842C4F2020291420090C5
:1048800000F08680FFE706980168012040F2704240
:10489000C4F20202914200907AD0FFE706980168C4
:1048A000012040F28842C4F20202914200906FD08F
:1048B000FFE706980168012040F2A042C4F202021C
:1048C0009142009064D0FFE706980168012040F211
:1048D000B842C4F202029142009059D0FFE7069814
:1048E0000168012045F20842C5F60202914200909B
:1048F0004ED0FFE706980168012045F21C42C5F63C
:1049000002029142009043D0FFE70698016801201F
:1049100045F23042C5F602029142009038D0FFE7DE
:1049200006980168012045F24442C5F60202914210
:1049300000902DD0FFE706980168012045F258420B
:10494000C5F602029142009022D0FFE70698016866
:10495000012045F26C42C5F602029142009017D048
:10496000FFE706980168012045F28042C5F6020281
:10497000914200900CD0FFE7069800684AF66C312F
:10498000CAF2FD710844B0FA80F040090090FFE7D8
:104990000098C007D0B1FFE70698006E0068C0031A
:1049A000002807D5FFE70698016E086840F480707C
:1049B0000860FFE70698C06E38B1FFE70698C16E41
:1049C000086840F480700860FFE7FFE70698006819
:1049D0001021C4F20201884200F08180FFE70698AE
:1049E00000682821C4F20201884278D0FFE70698C7
:1049F00000684021C4F20201884270D0FFE70698A7
:104A000000685821C4F20201884268D0FFE7069886
:104A100000687021C4F20201884260D0FFE7069866
:104A200000688821C4F20201884258D0FFE7069846
:104A30000068A021C4F20201884250D0FFE7069826
:104A40000068B821C4F20201884248D0FFE7069806
:104A5000006840F21041C4F2020188423FD0FFE7F3
:104A60000698006840F22841C4F20201884236D01C
:104A7000FFE70698006840F24041C4F20201884214
:104A80002DD0FFE70698006840F25841C4F20201B9
:104A9000884224D0FFE70698006840F27041C4F2D3
:104AA000020188421BD0FFE70698006840F2884167
:104AB000C4F20201884212D0FFE70698006840F273
:104AC000A041C4F20201884209D0FFE706980068BD
:104AD00040F2B841C4F20201884207D1FFE70698CC
:104AE0000168086840F00100086006E00698016867
:104AF000086840F001000860FFE70DE006994FF4F8
:104B000000604865FFE70699002081F83400FFE760
:104B100001208DF80B00FFE79DF80B008DF81F00BA
:104B2000FFE79DF81F0008B080BD000000000000F6
:104B300080B584B0039001F0BFFD0290039801900E
:104B40000198013048B1FFE740F2F010C2F2004096
:104B50000178019808440190FFE7FFE701F0ACFD00
:104B60000299401A0199884201D2FFE7F6E704B0A2
:104B700080BD00000000000085B00390029101920A
:104B8000039890F898008DF803009DF80300012821
:104B900005D0FFE79DF8030002285DD1FFE70298EA
:104BA00003990968896D084207D1FFE703980168F6
:104BB000C86D40F00100C86515E0029803990968C6
:104BC000896D08400299884207D1FFE70398016880
:104BD000C86D40F00200C86504E003980168032036
:104BE000C865FFE7FFE79DF809008007002809D5A1
:104BF000FFE7019A03980168D1F8E0001043C1F87B
:104C0000E000FFE79DF809004007002809D5FFE70D
:104C1000019A03980168D1F8E4001043C1F8E40058
:104C2000FFE7FFE702984FF6FF71C3F6CF7100EA86
:104C3000010203980168486D10434865029A4AF6DC
:104C40001401C4F20001086840EA92700860FFE7AE
:104C500000208DF813000AE00399D1F89C0040F081
:104C60000200C1F89C0001208DF81300FFE79DF8B9
:104C7000130005B07047000080B586B00490039122
:104C800002920398406808B9FFE700E0FFE7049844
:104C900090F89800022845D1FFE704980068D0F802
:104CA000C00010F07C5F0BD1FFE70499D1F89C00A5
:104CB00040F02000C1F89C0001208DF817003CE076
:104CC00004980068D0F8C400800200280BD5FFE7E4
:104CD0000499D1F89C0040F40070C1F89C000120B8
:104CE0008DF8170029E004980068D0F8C400C0F3DC
:104CF0000440019004980399029A019BFCF75CFD23
:104D00000199012000FA01F1049A1268C2F8D0104A
:104D1000019988400499C1F89400FFE700208DF8BC
:104D200017000AE00499D1F89C0040F00800C1F88F
:104D30009C0001208DF81700FFE79DF8170006B0D2
:104D400080BD00000000000082B00190009102B020
:104D5000704700000000000084B0029001910092B2
:104D6000019808B9FFE700E0FFE7029890F8980083
:104D7000012836D1FFE7019870B9FFE70298006873
:104D8000D0F8F00020F07C50009940EA01600299D0
:104D90000968C1F8F00020E0019801280ED1FFE772
:104DA00002980068D0F8A00020F0FE40009940EA88
:104DB000016002990968C1F8A0000DE0029800683E
:104DC000D0F8B00020F0FE40009940EA016002995E
:104DD0000968C1F8B000FFE7FFE700208DF80F0079
:104DE0000AE00299D1F89C0040F00400C1F89C0050
:104DF00001208DF80F00FFE79DF80F0004B0704709
:104E000087B005900491059890F898008DF80300FC
:104E10009DF80300012805D0FFE79DF80300022854
:104E20006AD1FFE70498C068072801D1FFE7FFE7D0
:104E30000498006878BBFFE70498C068072801D091
:104E4000FFE7FFE70498C06807280CD1FFE7049A42
:104E500010699169D269000440EA0220084340F0D9
:104E6000605003900CE004998868CB680A6949692E
:104E7000800740EAC36040EA024008430390FFE72E
:104E80000598C06E0499496800EB81000190039871
:104E9000019908602CE00498C068072801D0FFE75A
:104EA000FFE70498C168006940EA417003900498E4
:104EB000C068072804D1FFE704988069029006E0E3
:104EC00004988168406940EA81700290FFE7059884
:104ED000006F0499496800EBC100019003980199A3
:104EE0000860019804300190029801990860FFE77A
:104EF00000208DF81B000AE00599D1F89C0040F0D5
:104F00000200C1F89C0001208DF81B00FFE79DF80E
:104F10001B0007B07047000085B0DDF814C0039097
:104F2000029101920093039890F89800012812D101
:104F3000FFE702980001019940EA8100009940EAE8
:104F400041000599084303990968C1F880000020D1
:104F50008DF813000AE00399D1F89C0040F004009A
:104F6000C1F89C0001208DF81300FFE79DF81300A5
:104F700005B070470000000081B0009001B070479C
:104F800080B582B0019000919DF803008007002851
:104F900036D5FFE7019801F0ABF8019801F080F8F1
:104FA000019800684AF20001C4F20001884206D16B
:104FB000FFE7019801210022FFF7DEFD1FE00198C5
:104FC00000684AF20041C4F20001884206D1FFE7BE
:104FD000019810210022FFF7CFFD0FE00198006833
:104FE0004DF20041C4F20001884206D1FFE701986A
:104FF00001210022FFF7C0FDFFE7FFE7FFE7FFE722
:1050000002B080BD000000008AB0089007910692AF
:10501000059300200190089890F898008DF80300FF
:105020009DF80300022840F05C81FFE707984028C4
:1050300051D1FFE708980068D0F8A00010F4FE0FE7
:105040000BD1FFE70899D1F89C0040F02000C1F88F
:105050009C0001208DF827004EE108980068D0F8E8
:10506000A400400658B9FFE70899D1F89C0040F425
:105070008070C1F89C0001208DF827003CE1089861
:105080000068D0F8A40000F080710120B0EB116F2F
:105090000DD1FFE708980068D0F8A0100120B0EB10
:1050A000D17F03D1FFE701200190FFE7FFE70898D8
:1050B0000068D0F8A40000F47C51019800EB1120A6
:1050C00001900898426C406F0199514300EB8100B8
:1050D0000490FFE770E00798412851D1FFE7089856
:1050E0000068D0F8B00010F4FE0F0BD1FFE708996C
:1050F000D1F89C0040F02000C1F89C0001208DF800
:105100002700F9E008980068D0F8B400400658B9C4
:10511000FFE70899D1F89C0040F48070C1F89C002A
:1051200001208DF82700E7E008980068D0F8B40067
:1051300000F080710120B0EB116F0DD1FFE70898EE
:105140000068D0F8B0100120B0EBD17F03D1FFE7A9
:1051500001200190FFE7FFE708980068D0F8B4004D
:1051600000F47C51019800EB112001900898C26C6A
:10517000806F0199514300EB81000490FFE71AE032
:1051800007980899096D88420BD3FFE70899D1F871
:105190009C0040F02000C1F89C0001208DF8270001
:1051A000AAE00898426DC06F0799514300EB810057
:1051B0000490FFE7FFE7FFE70498006800F08040F5
:1051C000069948600698406838B9FFE70498006877
:1051D000C0F38A400699086006E00498006820F051
:1051E000604006990860FFE70498006800F00050EE
:1051F000069988600498006800F0004006990861EC
:10520000049804300490049800880699C8610498B2
:105210000068C0F303400699C8600498006800F471
:105220008010069948610498006800F400100699FF
:10523000886104980068C0F30660069908620498C3
:105240000068C00F069948620498043004900498DE
:10525000039000200290FFE702980699CA6844F282
:105260006431C0F60201895C88420AD2FFE70398E4
:10527000029A805C05998854FFE7029801300290F9
:10528000EAE70798402806D1FFE7019808990968DE
:10529000C1F8A80021E00798412806D1FFE701984E
:1052A00008990968C1F8B80016E007981F2808D8BF
:1052B000FFE707990120884008990968C1F898001C
:1052C00009E0079800F01F0101208840089909684B
:1052D000C1F89C00FFE7FFE7FFE700208DF82700FB
:1052E0000AE00899D1F89C0040F00800C1F89C0041
:1052F00001208DF82700FFE79DF827000AB07047CE
:1053000081B0009001B0704780B594B013904AF618
:105310001000C4F200000068800712904AF61400E2
:10532000C4F200000168129800EA8170129013988C
:105330000068006D00F47040119013980068416D92
:1053400011980840119013980068006D00F00F004C
:10535000109013980068416D1098084010901398B1
:105360000068006D00F0F0000F9013980068416D28
:105370000F9808400F9013980068006D00F071506E
:105380000E9013980068416D0E9808400E90139887
:105390000068006D00F060700D9013980068416D1A
:1053A0000D9808400D9013980068406D0390139875
:1053B0000068006D01909DF80D00C007B8B1FFE7CF
:1053C0009DF80500C00788B1FFE7FFE71398016863
:1053D0004FF4807008654AF61001C4F20001002005
:1053E0000860FFE71398FFF78BFFFFE7FFE79DF8E3
:1053F0000D0000F004010020B0EB910F28D0FFE772
:105400009DF8050000F004010020B0EB910F1ED0C4
:10541000FFE713980068D0F8DC000B901398006841
:10542000D0F8E4100B9808400B90FFE71398016840
:105430004FF4806008654AF61001C4F200010020B4
:105440000860FFE713980B9900F0F2FEFFE7FFE713
:105450001298B8B1FFE7FFE712984FF6FF71C3F655
:10546000CF7108401399096808651298800F4AF6B1
:105470001001C4F200010860FFE713981299FFF7CA
:1054800063FCFFE71198B8B1FFE7FFE711984FF60B
:10549000FF71C3F6CF710840139909680865119828
:1054A000800F4AF61001C4F200010860FFE713986C
:1054B000119900F0D1FEFFE71098B8B1FFE7FFE7C0
:1054C00010984FF6FF71C3F6CF7108401399096821
:1054D00008651098800F4AF61001C4F200010860B8
:1054E000FFE71398109900F023FDFFE70F98B8B17C
:1054F000FFE7FFE70F984FF6FF71C3F6CF71084043
:105500001399096808650F98800F4AF61001C4F2D4
:1055100000010860FFE713980F9900F065FDFFE7B1
:105520009DF80D0000F008010020B0EBD10F1BD05A
:10553000FFE79DF8050000F008010020B0EBD10F57
:1055400011D0FFE7FFE7139801684FF4006008658A
:105550004AF61001C4F2000100200860FFE713982A
:1055600000F082FEFFE7FFE79DF80D0000F002016A
:105570000020B0EB510F28D0FFE79DF8050000F0A8
:1055800002010020B0EB510F1ED0FFE71398006816
:10559000D0F8D8000C9013980068D0F8E0100C9860
:1055A00008400C90FFE7139801684FF400700865FD
:1055B0004AF61001C4F2000100200860FFE71398CA
:1055C0000C9900F03DFEFFE7FFE79DF80E0000F0AC
:1055D00008010020B0EBD10F1BD0FFE79DF80600BB
:1055E00000F008010020B0EBD10F11D0FFE7FFE77A
:1055F000139801684FF4002008654AF61001C4F2C0
:10560000000100200860FFE7139800F08DFCFFE721
:10561000FFE79DF80E00C007B8B1FFE79DF8060050
:10562000C00788B1FFE7FFE7139801684FF48030A7
:1056300008654AF61001C4F2000100200860FFE787
:10564000139800F0F1FDFFE7FFE79DF80E0000F072
:1056500004010020B0EB910F1BD0FFE79DF806007E
:1056600000F004010020B0EB910F11D0FFE7FFE73D
:10567000139801684FF4802008654AF61001C4F2BF
:10568000000100200860FFE7139800F0C9FDFFE764
:10569000FFE79DF80E0000F002010020B0EB510F73
:1056A0001FD0FFE79DF8060000F002010020B0EBDC
:1056B000510F15D0FFE7FFE7139801684FF4003052
:1056C00008654AF61001C4F2000100200860FFE7F7
:1056D0001399D1F89C0040F08000C1F89C00FFE7CE
:1056E000FFE70D98B8B1FFE7FFE70D984FF6FF71A0
:1056F000C3F6CF7108401399096808650D98800FAB
:105700004AF61001C4F200010860FFE713980D99F2
:10571000FFF736FCFFE70E98D0B1FFE7FFE70E98E2
:105720004FF6FF71C3F6CF710840139909680865F9
:105730000E98800F4AF61001C4F200010860FFE7DE
:105740000E9A1399D1F89C001043C1F89C00FFE712
:10575000139800684AF20001C4F20001884240F048
:10576000B980FFE71398406880688007002800F040
:10577000B080FFE713984068006A00F00F000A90BD
:1057800013984068416A0A9808400A901398406844
:10579000006A00F03000099013984068416A099847
:1057A0000840099013984068006A00F4C07008909F
:1057B00013984068416A0898084008901398406818
:1057C000006A00F4FC40079013984068416A07980B
:1057D0000840079013984068006A00F4F020069093
:1057E00013984068416A06980840069013984068EC
:1057F000406A029013984068006A00900A9848B185
:10580000FFE70A9813994968086213980A9900F00B
:10581000EFFCFFE7099848B1FFE709981399496839
:1058200008621398099900F0F3FCFFE79DF808005F
:1058300000F040010020B0EB911F1FD0FFE79DF862
:10584000000000F040010020B0EB911F15D0FFE7F1
:1058500013984068C06B000C059013984068C06BAB
:1058600000F03F00049013984168402008621398AC
:105870000599049A00F0C4FCFFE7FFE7089848B1D7
:10588000FFE708981399496808621398089900F08F
:10589000A7FCFFE7079860B1FFE7079813994968ED
:1058A0000862079A1399D1F89C001043C1F89C0034
:1058B000FFE7069860B1FFE7069813994968086208
:1058C000069A1399D1F89C001043C1F89C00FFE799
:1058D000FFE7FFE71398D0F89C0020B1FFE713988B
:1058E000FFF74AFBFFE714B080BD00000000000096
:1058F00080B598B0169044F20831C0F6020101A8B4
:105900004C22FAF734FD169820B9FFE701208DF8F4
:105910005F00D9E1169800684AF20001C4F2000164
:10592000884206D1FFE71699086800F58070486044
:10593000FFE716988068B0F5407F01D1FFE7FFE7E9
:105940001698006C08B1FFE7FFE71698806C08B165
:10595000FFE7FFE71698006D08B1FFE7FFE716982D
:10596000006E08B1FFE7FFE71699C86D096E08449D
:1059700008B1FFE7FFE7169890F8980040B9FFE7F5
:105980001699002081F89900169800F0A1F9FFE718
:1059900016980168886920F01000886100F08CFE7C
:1059A0001590FFE71698006880690007002817D552
:1059B000FFE700F081FE1599401A0B280FD3FFE78F
:1059C0001699D1F89C0040F00100C1F89C0016998E
:1059D000032081F8980001208DF85F0074E1E1E771
:1059E00016980168886940F00100886100F064FE43
:1059F0001590FFE7169800688069C007B8B9FFE7FF
:105A000000F05AFE1599401A0B280FD3FFE716999C
:105A1000D1F89C0040F00100C1F89C0016990320C9
:105A200081F8980001208DF85F004DE1E2E71698BB
:105A30000168886940F0020088611698007C01289E
:105A400007D1FFE716980168886920F04000886157
:105A500006E016980168886940F040008861FFE719
:105A60001698407C012807D1FFE7169801688869DD
:105A700040F48040886106E016980168886920F447
:105A800080408861FFE71698807C012807D1FFE7F6
:105A900016980168886920F48050886106E016989D
:105AA0000168886940F480508861FFE716980068B3
:105AB000806920F44070169A1168926810438861DA
:105AC00016980168886920F0A4008861169801681A
:105AD000086920F0100008611698C068012807D1F5
:105AE000FFE716980168886940F0040088612BE0A0
:105AF0001698C06830B3FFE71698C068022819D01E
:105B0000FFE716980168886940F080008861169860
:105B10000168086940F0100008611698C068032801
:105B200007D1FFE716980168886940F02000886176
:105B3000FFE706E016980168886940F02000886158
:105B4000FFE700E0FFE7FFE7169A116853699069E5
:105B5000D2F81CE0A0F1010C6FF0FF0000EB0E206A
:105B600040EA4C60126A013A10430022CFF6FF72FD
:105B700002EB03421043C86116988068B0F5407F7D
:105B80001CD1FFE7169A1168536A906AD2F82CE08C
:105B900001386FF0FF0C0CEB0E2C40EA0C00D2F831
:105BA00030C06FF00F0202EB0C1210430022CFF650
:105BB000FF7202EB03421043C860FFE71698006EC5
:105BC00048B1FFE716980168426ED1F8C000104353
:105BD000C1F8C000FFE71699C86D096E084480B18E
:105BE000FFE716980068D0F8C80020F00700169A62
:105BF0001168936E01AA52F823201043C1F8C8001F
:105C0000FFE71698006C80B1FFE716980068D0F89F
:105C1000BC0020F00700169A1168536C01AA52F8D4
:105C200023201043C1F8BC00FFE71698806C88B1B0
:105C3000FFE716980068D0F8BC0020F07000169AB4
:105C40001168D36C01AA52F8232040EA0210C1F86F
:105C5000BC00FFE71698006D88B1FFE71698006852
:105C6000D0F8BC0020F4E060169A1168536D01AAC8
:105C700052F8232040EA0220C1F8BC00FFE7169842
:105C800000684AF20001C4F20001884207D1FFE730
:105C900016984168886820F003008860FFE716992D
:105CA0000020C1F894001699C1F89C0016990120B3
:105CB00081F898001698FBF71BFC8DF853009DF8AF
:105CC00053008DF85F00FFE79DF85F0018B080BDBE
:105CD00080B5C0B03F9000203E903D903C903B90FE
:105CE0003A900CA8B821FAF75BFB3F9800684AF29B
:105CF0000001C4F20001884255D1FFE700200D9059
:105D00004FF400400C904FF0805027900CA802F008
:105D100077FA18B1FFE7FBF7CBFBFFE740F23C4017
:105D2000C2F200400168013101600068012810D111
:105D3000FFE7FFE744F2EC40C5F60200016841F4DA
:105D400080710160006800F480700B900B98FFE791
:105D5000FFE7FFE744F2E040C5F60200016841F0CA
:105D600008010160006800F008000A900A98FFE747
:105D700003203A9002203B90002104913C913D90F9
:105D800009203E9040F60040C5F602003AA900F016
:105D900093FA049A13200590114600F04DFD0598E2
:105DA00000F03EFDBEE03F9800684AF20041C4F2B8
:105DB0000001884255D1FFE700200D904FF40040CC
:105DC0000C904FF0805027900CA802F019FA18B1EF
:105DD000FFE7FBF76DFBFFE740F23C40C2F20040FB
:105DE0000168013101600068012810D1FFE7FFE779
:105DF00044F2EC40C5F60200016841F48071016094
:105E0000006800F4807009900998FFE7FFE7FFE75A
:105E100044F2E040C5F60200016841F00201016071
:105E2000006800F0020008900898FFE760203A90B0
:105E300002203B90002102913C913D9009203E9030
:105E400040F20040C5F602003AA900F035FA029A85
:105E500014200390114600F0EFFC039800F0E0FCE2
:105E60005FE03F9800684DF20041C4F200018842B3
:105E700056D1FFE700200D904FF400400C904FF0FA
:105E8000805027900CA802F0BBF918B1FFE7FBF790
:105E90000FFBFFE740F23C40C2F2004001680131D5
:105EA00001600068012810D1FFE7FFE744F2EC40F1
:105EB000C5F60200016841F480710160006800F4D9
:105EC000807007900798FFE7FFE7FFE744F2E040A4
:105ED000C5F60200016841F008010160006800F0A9
:105EE000080006900698FFE74FF440503A900220D1
:105EF0003B90002100913C913D9005203E9040F662
:105F00000040C5F602003AA900F0D6F9009A9F2099
:105F10000190114600F090FC019800F081FCFFE731
:105F2000FFE7FFE740B080BD81B0009001B070474F
:105F300080B588B007900691079800684AF2000182
:105F4000C4F20001884212D1FFE7079840F2902185
:105F5000C2F2004104910A1D059201F12C03402177
:105F6000FFF752F804990598496B884737E007987E
:105F700000684AF20041C4F20001884212D1FFE7F2
:105F8000079840F27831C2F2004102910A1D039253
:105F900001F12C034021FFF737F802990398496B70
:105FA00088471BE0079800684DF20041C4F20001E9
:105FB000884212D1FFE7079840F2D031C2F2004187
:105FC00000910A1D019201F12C034021FFF71CF8FA
:105FD00000990198496B8847FFE7FFE7FFE708B0A2
:105FE00080BD00000000000080B588B007900691D9
:105FF000079800684AF20001C4F20001884212D1F9
:10600000FFE7079840F29021C2F2004104910A1D77
:10601000059201F12C034121FEF7F6FF0499059842
:10602000496B884737E0079800684AF20041C4F29C
:106030000001884212D1FFE7079840F27831C2F29E
:10604000004102910A1D039201F12C034121FEF748
:10605000DBFF02990398496B88471BE007980068AB
:106060004DF20041C4F20001884212D1FFE70798C7
:1060700040F2D031C2F2004100910A1D019201F1BB
:106080002C034121FEF7C0FF00990198496B884716
:10609000FFE7FFE7FFE708B080BD00000000000059
:1060A00082B00090009890F89800012811D1FFE785
:1060B0000099022081F8980000980168886920F012
:1060C0000100886100990020C1F89C008DF807004C
:1060D0000AE00099D1F89C0040F00400C1F89C004F
:1060E00001208DF80700FFE79DF8070002B0704718
:1060F00083B0019000200090019890F89800022849
:106100005CD1FFE701980168886940F0010088616F
:10611000FFE7019800688069C007B8B9FFE70098F9
:1061200033280FD3FFE70199D1F89C0040F001001C
:10613000C1F89C000199032081F8980001208DF896
:106140000B0046E0009801300090E2E7002000904C
:1061500001980168886920F010008861FFE70198C4
:10616000006880690007002817D5FFE700983328EA
:106170000FD3FFE70199D1F89C0040F00100C1F86E
:106180009C000199032081F8980001208DF80B00F4
:106190001FE0009801300090E1E7019801688869EC
:1061A00040F00200886101990020C1F89400019A32
:1061B000012182F898108DF80B000AE00199D1F8BE
:1061C0009C0040F00800C1F89C0001208DF80B00F5
:1061D000FFE79DF80B0003B07047000000000000CF
:1061E00082B00190009102B07047000000000000F2
:1061F00082B00190009102B07047000000000000E2
:1062000083B002900191009203B07047000000003B
:1062100082B00190009102B07047000000000000C1
:1062200081B0009001B0704781B0009001B070471C
:1062300082B00190009102B07047000000000000A1
:1062400082B00190009146F2EC01C2F20041086870
:106250000130086002B0704782B00190009102B036
:10626000704700000000000081B0009001B070474E
:1062700081B0ADF8020001B07047000000000000DE
:1062800080B582B0ADF806008820C5F60000006831
:10629000BDF8061008420BD0FFE7BDF806008821C4
:1062A000C5F600010860BDF80600FFF7E1FFFFE753
:1062B00002B080BD000000008FB00E900D91002054
:1062C0000C908020C5F600000990FFE70D9800684B
:1062D0000C99C840002800F0C181FFE70D980068C4
:1062E0000C9A0121914008400B900B98002800F077
:1062F000B181FFE70D98406800F00300012807D046
:10630000FFE70D98406800F0030002282FD1FFE757
:106310000E9880680A900C984100032000FA01F161
:106320000A9888430A900D98C0680C99490000FAB1
:1063300001F10A9808430A900A980E9988600E980D
:1063400040680A900C99012000FA01F10A988843EC
:106350000A900D984068C0F300100C9900FA01F102
:106360000A9808430A900A980E994860FFE70D982A
:10637000406800F00300032818D0FFE70E98C068BB
:106380000A900C984100032000FA01F10A98884312
:106390000A900D9880680C99490000FA01F10A985A
:1063A00008430A900A980E99C860FFE70D98406864
:1063B00000F00300022826D1FFE70E980C996FF039
:1063C000030202EA51010844006A0A900C9800F0A6
:1063D000070081000F2000FA01F10A9888430A9013
:1063E0000D9800690C9901F00701890000FA01F18C
:1063F0000A9808430A900A980E990C9B02EA5302E5
:1064000011440862FFE70E9800680A900C9841005A
:10641000032000FA01F10A9888430A900D98406819
:1064200000F003000C99490000FA01F10A980843B2
:106430000A900A980E9908600D98807980070028C4
:1064400000F00781FFE7FFE744F2F440C5F60200E1
:10645000016841F002010160006800F0020008904C
:106460000898FFE70C9820F0030040F20841C5F6B9
:10647000000140580A900C9800F0030081000F20A2
:1064800000FA01F10A9888430A900E980021C5F697
:106490000201884203D1FFE7002007906CE00E98CC
:1064A00040F20041C5F60201884203D1FFE7012016
:1064B00006905EE00E9840F60001C5F602018842A3
:1064C00003D1FFE70220059050E00E9840F600410E
:1064D000C5F60201884203D1FFE70320049042E0A1
:1064E0000E9841F20001C5F60201884203D1FFE790
:1064F0000420039034E00E9841F20041C5F60201F9
:10650000884203D1FFE70520029026E00E9841F66D
:106510000001C5F60201884203D1FFE70620019081
:1065200018E00E9841F60041C5F60201884203D1F9
:10653000FFE7072000900AE00E9942F20042C5F6FC
:1065400002020A20914208BF09200090FFE700984C
:106550000190FFE701980290FFE702980390FFE7A0
:1065600003980490FFE704980590FFE705980690CC
:10657000FFE706980790FFE707980C9901F00301E1
:10658000890000FA01F10A9808430A900A980C99C8
:1065900021F0030140F20842C5F6000288504FF096
:1065A000B04000680A900B990A9888430A900D98A9
:1065B0008079C006002805D5FFE70B990A980843A3
:1065C0000A90FFE70A984FF0B04108600420C5F632
:1065D000000000680A900B990A9888430A900D9869
:1065E00080798006002805D5FFE70B990A980843B3
:1065F0000A90FFE70A980421C5F60001086009988F
:1066000040680A900B990A9888430A900D988079FF
:106610008007002805D5FFE70B990A9808430A90E0
:10662000FFE70A9809994860099800680A900B9951
:106630000A9888430A900D988079C00728B1FFE72F
:106640000B990A9808430A90FFE70A98099908608D
:10665000FFE7FFE70C9801300C9037E60FB070476A
:1066600083B00290ADF80610029840690090009A3D
:10667000BDF8060002EA0001904340EA0140029999
:10668000886103B07047000082B00190ADF802103D
:106690008DF801209DF8010028B1FFE7BDF8020048
:1066A0000199886105E0BDF8020000040199886144
:1066B000FFE702B07047000046F2F800C2F2004067
:1066C000006870470000000040F2F010C2F2004085
:1066D000027846F2F801C2F20041086810440860EE
:1066E000704700000000000080B582B0032000F079
:1066F000BBF803F01DF844F21842C5F60202116817
:10670000C1F3032344F25431C0F60201CB5C03F021
:106710001F03D84000900098126802F00F02895CB5
:1067200001F01F01C84040F2E801C2F200410860D8
:10673000009840F2E401C2F200410860072000F036
:1067400013F820B1FFE701208DF8070005E000F005
:106750004FF800208DF80700FFE79DF8070002B012
:1067600080BD00000000000080B582B0009040F2C3
:10677000F010C2F20040007820B9FFE701208DF848
:10678000070030E040F2E400C2F20040006840F24E
:10679000F011C2F200410A784FF47A71B1FBF2F1C4
:1067A000B0FBF1F005F018F820B1FFE701208DF8FB
:1067B000070018E000980F280DD8FFE700994FF068
:1067C000FF30002200F038F8009840F2F411C2F2D5
:1067D0000041086003E001208DF8070003E000207D
:1067E0008DF80700FFE79DF8070002B080BD0000AC
:1067F00080B582B0FFE744F2F440C5F602000168BC
:1068000041F002010160006800F00200019001986F
:10681000FFE7042000F028F802B080BD000000006F
:1068200080B582B0ADF80600BDF906001BF0ACFBE8
:1068300002B080BD0000000080B586B0ADF8160043
:10684000049103921BF0B8FB0290BDF91600019071
:1068500002980499039A09F017FC014601981BF06D
:10686000B3FB06B080BD000080B582B001900198F6
:106870001BF0CEFB02B080BD82B001900198006891
:10688000009001990120C1F8D8040199002081F8F5
:10689000CC04009A916941F000619161009A516DB8
:1068A0000323C1F200031943516502B07047000091
:1068B00082B001908DF8031002B070470000000014
:1068C00082B00190ADF80210BDF80200019909688C
:1068D0004862002002B0704784B003908DF80B101E
:1068E000ADF8082003980068406A00909DF80B00FE
:1068F00048B9FFE7BDF80810009840EA0140039945
:106900000968886233E003980068816A009800EBA8
:106910001140009000208DF80700FFE79DF8070068
:106920009DF80B100139884213D2FFE703980068E5
:106930009DF8071000EB8100D0F80411009800EBDF
:1069400011400090FFE79DF8070001308DF8070027
:10695000E4E7BDF80810009840EA0140039909688F
:106960009DF80B2001EB8201C1F80001FFE7002038
:1069700004B070470000000080B582B0019001981B
:10698000D0F8E0040EF0A0F802B080BD00000000D6
:1069900080B582B001908DF80310019AD2F8E0041E
:1069A0009DF8031001EBC10302EB8302126A0DF0A4
:1069B000E7FE02B080BD000080B582B001908DF886
:1069C0000310019AD2F8E0049DF8031001EBC10313
:1069D00002EB8302D2F860220DF09AFF02B080BD74
:1069E00080B582B001900198D0F8E0040EF074F800
:1069F00002B080BD0000000080B584B003908DF827
:106A00000B109DF80B00000600280CD5FFE703983B
:106A10009DF80B1001F00F0101EBC10100EB8100AB
:106A2000143001900CE003989DF80B1001F00F0159
:106A300001EBC10100EB810000F515700190FFE74B
:106A40000398006801990FF0FBFD8DF80A009DF88E
:106A50000A0004B080BD000080B584B002908DF8BB
:106A600007109DF80700000600280FD5FFE70298E1
:106A70009DF8071001F00F0101EBC10100EB81004F
:106A8000143000900099012048700FE002989DF8A2
:106A9000071001F00F0101EBC10100EB810000F5CF
:106AA00015700090009900204870FFE79DF80700DE
:106AB00000F00F0000990870FFE7029890F8940426
:106AC000012804D1FFE702208DF80F0014E002999D
:106AD000012081F89404FFE7FFE70298006800991D
:106AE0000FF09EF8FFE70299002081F89404FFE779
:106AF00000208DF80F00FFE79DF80F0004B080BD67
:106B000080B584B002908DF807109DF8070000F062
:106B10000F0002990979884204D9FFE701208DF816
:106B20000F004DE09DF80700000600280FD5FFE795
:106B300002989DF8071001F00F0101EBC10100EB75
:106B40008100143000900099012048700FE00298F5
:106B50009DF8071001F00F0101EBC10100EB81006E
:106B600000F515700090009900204870FFE700992B
:106B7000002088709DF8070000F00F000099087051
:106B8000FFE7029890F89404012804D1FFE702205F
:106B90008DF80F0014E00299012081F89404FFE7BA
:106BA000FFE70298006800990FF0AAFAFFE7029940
:106BB000002081F89404FFE700208DF80F00FFE724
:106BC0009DF80F0004B080BD82B001908DF80310D5
:106BD00001989DF8031001F00F0101EBC10100EBDA
:106BE0008100D0F8680202B0704700000000000089
:106BF00080B586B004908DF80F10ADF80C208DF89C
:106C00000B3000208DF80A009DF80F0000060028C8
:106C10000FD5FFE704989DF80F1001F00F0101EB6D
:106C2000C10100EB810014300190019901204870EE
:106C30000FE004989DF80F1001F00F0101EBC10166
:106C400000EB810000F5157001900199002048705B
:106C5000FFE79DF80F0000F00F0001990870BDF8E4
:106C60000C006FF3DF20019988609DF80B000199FB
:106C700008710198407820B1FFE7019908784883AE
:106C8000FFE79DF80B00022804D1FFE701990020DF
:106C90004871FFE7FFE7049890F89404012804D1B5
:106CA000FFE702208DF8170015E00499012081F814
:106CB0009404FFE7FFE70498006801990EF074FE62
:106CC000FFE70499002081F89404FFE79DF80A008B
:106CD0008DF81700FFE79DF8170006B080BD000093
:106CE00080B586B005908DF8131003920293059835
:106CF0009DF8131001F00F0101EBC10100EB8100C1
:106D000000F51570019003980199C86002980199E7
:106D10000861019900204861019948709DF81300AD
:106D200000F00F000199087005988079012804D1BE
:106D3000FFE703980199C861FFE7059A1068019978
:106D400092790FF081FA002006B080BD00000000AB
:106D500080B584B002908DF807109DF8070000F010
:106D60000F0002990979884204D9FFE701208DF8C4
:106D70000F0058E09DF80700000600280FD5FFE738
:106D800002989DF8071001F00F0101EBC10100EB23
:106D90008100143000900099012048700DE00298A5
:106DA0009DF8071001EBC10100EB810000F51570A3
:106DB0000090009900204870FFE70099012088703A
:106DC0009DF8070000F00F0000990870FFE7029897
:106DD00090F89404012804D1FFE702208DF80F00F9
:106DE00021E00299012081F89404FFE7FFE702986F
:106DF000006800990FF0D4F99DF80700000740B92A
:106E0000FFE7029A1068917902F29C420FF028F98C
:106E1000FFE7FFE70299002081F89404FFE70020D4
:106E20008DF80F00FFE79DF80F0004B080BD000053
:106E300080B586B005908DF81310039202930598E3
:106E40009DF8131001F00F0101EBC10100EB81006F
:106E50001430019003980199C86002980199086163
:106E60000199002048610199012048709DF81300A4
:106E700000F00F000199087005988079012804D16D
:106E8000FFE703980199C861FFE7059A1068019927
:106E900092790FF0D9F9002006B080BD0000000003
:106EA00080B58CB00B900B9800680A900A980990F6
:106EB0000B9800680FF004FD002840F03484FFE7D1
:106EC0000B9800680FF06CFD10B9FFE700F02BBCC9
:106ED0000998D0F80808C0F30D200B99C1F8D40424
:106EE0000B9800680FF05CFD8007002807D5FFE7CE
:106EF0000B980168486900F002004861FFE70B98B1
:106F000000680FF04DFDC006002862D5FFE70B9822
:106F10000168886920F0100088610A98006A029070
:106F20000B98029901F00F0101EBC10100EB810008
:106F300000F515700890029800F4F0110220B0EBF3
:106F4000514F23D1FFE7BDF8080047F6F071084222
:106F50001BD0FFE70A980899C968029AC2F30A127F
:106F60000FF02EFD029847F6F07100EA0103089A2F
:106F7000D06800EB1310D060029800EA0102089973
:106F8000486900EB12104861FFE71BE0029800F42B
:106F9000F0110620B0EB514F12D1FFE70A980B9980
:106FA00001F29C4108220FF00BFD029847F6F071A8
:106FB00000EA01020899486900EB1210486100E0FC
:106FC000FFE7FFE70B980168886940F010008861CF
:106FD000FFE70B9800680FF0E3FC0003002840F186
:106FE000A680FFE7002004900B9800680FF084FC57
:106FF0000690FFE70698002800F09880FFE79DF8CC
:107000001800C007002800F08A80FFE70B9800688E
:107010009DF810100FF0ACFC05909DF81400C0070F
:1070200060B1FFE70998049900EB41110120C1F814
:10703000080B0B98049909F0AFF8FFE79DF81400CE
:10704000000700280CD5FFE70998049900EB4111CF
:107050000820C1F8080B0B98049909F055F8FFE7D0
:107060009DF81400C006002808D5FFE70998049988
:1070700000EB41111020C1F8080BFFE79DF8140048
:10708000800700282DD5FFE70A98406900060028F0
:1070900008D5FFE70999D1F8040840F48060C1F8E9
:1070A0000408FFE70B98049901EBC10100EB810094
:1070B00000F5157008900898C078012809D1FFE7FD
:1070C00008990020C8700B989DF8101000F040FB44
:1070D000FFE70998049900EB41110220C1F8080B61
:1070E000FFE79DF814008006002808D5FFE70998FF
:1070F000049900EB41112020C1F8080BFFE79DF82F
:1071000015008006002809D5FFE70998049900EBCF
:1071100041114FF40050C1F8080BFFE7FFE7049856
:107120000130049006984008069063E7FFE70B984B
:1071300000680FF035FC4003002840F1C680FFE7EF
:107140000B9800680FF0C4FB069000200490FFE746
:107150000698002800F0B880FFE79DF81800C007E7
:10716000002800F0AA80FFE70B9800689DF8101037
:107170000FF0D6FB05909DF81400C00700283ED004
:10718000FFE7049800F00F01012000FA01F10391DC
:10719000039B099AD2F834189943C2F83418099914
:1071A000049A01EB4211C1F808090B988079012873
:1071B0001FD1FFE70B98049901EBC10100EB81019E
:1071C000CA69086A10440862049888B9FFE70B98F6
:1071D000049901EBC10100EB8100406A40B9FFE76F
:1071E0000B99086801F29C4201210EF039FFFFE77C
:1071F000FFE70B989DF81010FFF7CAFBFFE79DF81B
:1072000014000007002808D5FFE70998049900EB4F
:1072100041110820C1F80809FFE79DF81400C006D5
:10722000002808D5FFE70998049900EB41111020C8
:10723000C1F80809FFE79DF814004006002808D5AA
:10724000FFE70998049900EB41114020C1F80809B3
:10725000FFE79DF814008007002822D5FFE70A9871
:1072600004990FF0C5FA0B98049901EBC10100EBEA
:107270008100143008900898C078012809D1FFE7F0
:1072800008990020C8700B989DF8101000F050FA73
:10729000FFE70998049900EB41110220C1F80809A1
:1072A000FFE79DF814000006002805D5FFE70B98BE
:1072B000049909F055F8FFE7FFE7049801300490BE
:1072C00006984008069043E7FFE70B9800680FF028
:1072D00067FBC00F00B3FFE70999D1F8040820F05D
:1072E0000100C1F804080B9890F8CC04012808D1DB
:1072F000FFE70B98002180F8CC140B98FFF7D8FA21
:1073000003E00B9800F0BCFBFFE70B9801684869AD
:1073100000F000404861FFE70B9800680FF040FB69
:107320000005002811D5FFE70998D0F80808C00724
:1073300020B1FFE70B9800F037FCFFE70B980168DE
:10734000486900F400604861FFE70B9800680FF09F
:1073500027FB0001002820D5FFE70B98016848694A
:1073600000F0006048610B9890F8CC0480B9FFE70A
:107370000B98012180F8CC140B980068406DC0F385
:1073800083000B9AC2F8D0040B98FFF791FA03E040
:107390000B9800F009FCFFE7FFE70B9800680FF07F
:1073A000FFFAC004002840F18680FFE70999D1F870
:1073B000040820F00100C1F804080B9800681021AF
:1073C0000FF016FA00200790FFE707980B9909794C
:1073D000884231D2FFE70998079900EB41114FF637
:1073E0007F30C1F808090999079A01EB4212D2F8D7
:1073F000001921F40011C2F800190999079A01EB4C
:107400004211C1F8080B0998079900EB4111D1F816
:10741000000B20F40010C1F8000B0998079900EB4D
:107420004111D1F8000B40F00060C1F8000BFFE7FC
:10743000079801300790C8E70999D1F81C0840F077
:107440000110C1F81C080B98C07B78B1FFE70999BF
:10745000D1F8840840F00B00C1F884080999D1F8EC
:10746000440840F00B00C1F844080FE00999D1F836
:10747000140842F22B021043C1F814080999D1F8FC
:10748000100840F00B00C1F81008FFE70999D1F887
:10749000000820F4FE60C1F800080B9A106891798A
:1074A00002F29C420EF0DCFD0B980168486900F482
:1074B00080504861FFE70B9800680FF071FA800474
:1074C00000281FD5FFE70B9800680EF0DDFA0B9837
:1074D00000680FF0CDF90B99C8710B980068019006
:1074E00002F0D2F8014601980B9AD2790FF064FBB2
:1074F0000B9800F099FA0B980168486900F4005065
:107500004861FFE70B9800680FF04AFA000700286F
:107510000AD5FFE70B9800F0BFFA0B98016848699D
:1075200000F008004861FFE70B9800680FF038FA98
:107530000006002825D5FFE70A99886920F0800019
:10754000886101200490FFE704980B99097988422B
:1075500016D2FFE70B98049901EBC10100EB810003
:1075600090F85702012806D1FFE70B989DF81010FC
:10757000FFF742FAFFE7FFE7049801300490E3E7E2
:10758000FFE70B9800680FF00BFAC00200283CD50B
:10759000FFE701200490FFE704980B9909798842DE
:1075A0002CD2FFE70998049900EB4110D0F80009AC
:1075B00002900B98049901EBC10100EB8100007E61
:1075C000012816D1FFE79DF80B000006002810D512
:1075D000FFE70B98049901EBC10100EB8101012049
:1075E000C8750B989DF8101041F08001FFF704FA60
:1075F000FFE7FFE7049801300490CDE70B9801689E
:10760000486900F480104861FFE70B9800680FF0AC
:10761000C7F98002002856D5FFE701200490FFE754
:1076200004980B990979884246D2FFE70998049992
:1076300000EB4110D0F8000B02900B98049901EB7D
:10764000C10100EB810090F8580201282FD1FFE71B
:107650009DF80B000006002829D5FFE7029800F4EA
:1076600080310B98D0F8D40400F00100B0EB114F3A
:107670001DD1FFE70B98049901EBC10100EB8101DB
:10768000012081F857020A99886940F080008861DA
:107690000A9840690006002808D4FFE70999D1F844
:1076A000040840F40070C1F8040805E0FFE7FFE7B4
:1076B000049801300490B3E70B980168486900F41E
:1076C00000104861FFE70B9800680FF069F940006F
:1076D00000280AD5FFE70B98FFF74EF90B980168D1
:1076E000486900F080404861FFE70B9800680FF0A0
:1076F00057F94007002815D5FFE70B980068406848
:1077000002909DF808004007002804D5FFE70B9879
:10771000FFF766F9FFE7029A0B9801684868104383
:107720004860FFE7FFE70CB080BD000000000000EC
:1077300080B582B001908DF803100198D0F8E00474
:107740009DF803100DF06CFA02B080BD000000003F
:1077500080B582B001908DF803100198D0F8E00454
:107760009DF803100DF094FA02B080BD00000000F7
:1077700080B58CB00A900A9820B9FFE701208DF8F7
:107780002F000EE10A9890F8950440B9FFE70A9996
:10779000002081F894040A9800F00AF9FFE70A999A
:1077A000032081F895040A9800680EF04DFC0A9BAE
:1077B0001868197C8DF8201059689A68DB6807935F
:1077C000069205910599069A079BDDF820C0EE46C2
:1077D000CEF800C00EF070F940B1FFE70A99022020
:1077E00081F8950401208DF82F00DAE00A980068EE
:1077F00000210FF041F940B1FFE70A99022081F81A
:10780000950401208DF82F00CBE000208DF8270093
:10781000FFE79DF827000A990979884241DAFFE7D6
:107820000A989DF8271001EBC10100EB81010120AE
:1078300048759DF827000A9900EBC00201EB820110
:1078400008759DF827000A9900EBC00201EB820140
:10785000C8850A989DF8271001EBC10100EB810152
:10786000002008760A999DF8272002EBC20201EB5E
:107870008201C8610A999DF8272002EBC20201EB40
:10788000820108620A999DF8272002EBC20201EBEF
:1078900082014862FFE79DF8270001308DF827003C
:1078A000B7E700208DF82700FFE79DF827000A9929
:1078B000097988423EDAFFE70A989DF8271001EB24
:1078C000C10100EB8101002081F855029DF82710CD
:1078D0000A9A01EBC10302EB830282F854120A995F
:1078E0009DF8272002EBC20201EB820181F85802C9
:1078F0000A999DF8272002EBC20201EB8201C1F830
:107900005C020A999DF8272002EBC20201EB82017A
:10791000C1F860020A999DF8272002EBC20201EB30
:107920008201C1F86402FFE79DF8270001308DF85D
:107930002700BAE70A9B1868197C8DF8101059685F
:107940009A68DB680393029201910199029A039B62
:10795000DDF810C0EE46CEF800C00EF02DFA40B1B2
:10796000FFE70A99022081F8950401208DF82F0085
:1079700017E00A99002048740A99012081F89504BB
:107980000A98007B012804D1FFE70A98FEF774FFEC
:10799000FFE70A9800680EF0F7F900208DF82F0035
:1079A000FFE79DF82F000CB080BD00000000000034
:1079B00080B5B2B0319002A8B821F8F7F1FC319847
:1079C00000680021C4F2040188422BD1FFE70020A7
:1079D00003904FF4802002904FF44010239002A8AF
:1079E00000F00EFC18B1FFE7F9F762FDFFE700F0C9
:1079F0004FF9FFE744F2D840C5F60200016841F0B4
:107A000000710160006800F0007001900198FFE7CC
:107A10004D20009000221146FEF70EFF0098FEF761
:107A2000FFFEFFE732B080BD80B582B0019001203B
:107A30008DF803000198C07920B9FFE700208DF888
:107A400003000CE00198C079022804D1FFE701206F
:107A50008DF8030002E0F9F72BFDFFE7FFE701983F
:107A6000D0F8E0049DF803100DF01AFA0198D0F850
:107A7000E0040DF091F902B080BD000000000000AC
:107A800080B582B001900198D0F8E0040DF0D4F9EF
:107A900002B080BD0000000080B582B00190019866
:107AA000D0F8E0040DF0DCF902B080BD0000000069
:107AB00080B584B002908DF80710FFE7029890F827
:107AC0009404012804D1FFE702208DF80F0019E08B
:107AD0000299012081F89404FFE7FFE79DF8070071
:107AE00002994874029800689DF807100FF034F866
:107AF000FFE70299002081F89404FFE700208DF849
:107B00000F00FFE79DF80F0004B080BD00000000EB
:107B100080B582B001900199D1F8E00401F29C4156
:107B20000DF0EAF902B080BD80B584B002900298F1
:107B300000680190FFE7029890F89404012804D1AE
:107B4000FFE702208DF80F0028E00299012081F85C
:107B50009404FFE7FFE70198C068400600280BD5B2
:107B6000FFE70298407B012806D1FFE70199886B67
:107B700040F480308863FFE7029800680EF0F0FD63
:107B8000029800680EF0E8F8FFE70299002081F8FB
:107B90009404FFE700208DF80F00FFE79DF80F0029
:107BA00004B080BD0000000080B582B00190019853
:107BB000D0F8E0040DF028FA01980168D1F8000E21
:107BC00040F00100C1F8000E0198C07A48B1FFE70B
:107BD0004EF61051CEF20001086840F00600086031
:107BE000FFE702B080BD000080B584B0029044F68B
:107BF0000C00C5F60200006800F004010020B0EBA4
:107C0000910F13D1FFE744F60C00C5F6020000689F
:107C100000F007000299884204D0FFE701208DF8A8
:107C20000F002EE000208DF80F002AE044F60C0132
:107C3000C5F60201086820F00700029A10430860A8
:107C4000FEF73AFD0190FFE744F60400C5F6020096
:107C5000006800F400510020B0EB513F0DD1FFE768
:107C6000FEF72AFD0199401AB0F57A7F04D9FFE7A3
:107C700001208DF80F0004E0E6E700208DF80F00EA
:107C8000FFE79DF80F0004B080BD00000000000079
:107C900044F60C01C5F60201086840F080700860E7
:107CA000704700000000000080B501F0EDFC44F2D8
:107CB0002041C5F602010968C1F3021244F25431B1
:107CC000C0F60201895C01F01F01C84080BD0000C0
:107CD00088B0079044F22840C5F60200016801F020
:107CE000030106910068C0F30530059044F22C4072
:107CF000C5F602000068C0F300100490049844F236
:107D00003C41C5F60201096889B2C908484300EE42
:107D1000100AB8EE400A8DED020A0598002800F01E
:107D20001181FFE70698009048B1FFE7009801280D
:107D300065D0FFE70098022800F08380A3E044F2BA
:107D40000040C5F60200006800F020010020B0EB02
:107D5000511F31D0FFE744F20040C5F60200006831
:107D6000C0F3C10149F20000C0F2D030C840039016
:107D70009DED030AB8EE400A9DED051AB8EE411AD2
:107D800080EE010A44F23840C5F6020000686FF345
:107D90005F2001EE100AB8EE411A9DED022A9FED18
:107DA0006F3A02EE031AB7EE002A31EE021A20EE05
:107DB000010A8DED010A21E09DED050AB8EE401A99
:107DC0009FED680A80EE010A44F23840C5F60200D1
:107DD00000686FF35F2001EE100AB8EE411A9DEDC6
:107DE000022A9FED5E3A02EE031AB7EE002A31EE48
:107DF000021A20EE010A8DED010AFFE765E09DED14
:107E0000050AB8EE401A9FED560A80EE010A44F2C8
:107E10003840C5F6020000686FF35F2001EE100ADB
:107E2000B8EE411A9DED022A9FED4C3A02EE031A7C
:107E3000B7EE002A31EE021A20EE010A8DED010A9A
:107E400043E09DED050AB8EE401A9FED430A80EE2F
:107E5000010A44F23840C5F6020000686FF35F2063
:107E600001EE100AB8EE411A9DED022A9FED3B3A51
:107E700002EE031AB7EE002A31EE021A20EE010AD2
:107E80008DED010A21E09DED050AB8EE401A9FED47
:107E9000340A80EE010A44F23840C5F60200006858
:107EA0006FF35F2001EE100AB8EE411A9DED022A31
:107EB0009FED2A3A02EE031AB7EE002A31EE021ABB
:107EC00020EE010A8DED010AFFE79DED010A44F263
:107ED0003840C5F60200016889B2490A01EE101A5D
:107EE000B8EE411AB7EE002A31EE021A80EE010A0E
:107EF0000799BCEEC00A81ED000A9DED010A0168F8
:107F0000C1F3064101EE101AB8EE411A31EE021A21
:107F100080EE010A0799BCEEC00A81ED010A9DEDD1
:107F2000010A0068C0F3066001EE100AB8EE411ABB
:107F300031EE021A80EE010A0798BCEEC00A80ED0D
:107F4000020A07E00799002008600799486007992E
:107F50008860FFE708B07047001BB74B000000398E
:107F60000024744A0024744C88B0079044F22840DE
:107F7000C5F60200016801F0030106910068C0F334
:107F80000550059044F22C40C5F602000068C0F38D
:107F900000200490049844F24441C5F602010968A7
:107FA00089B2C908484300EE100AB8EE400A8DEDC8
:107FB000020A0598002800F01181FFE7069800905A
:107FC00048B1FFE70098012865D0FFE70098022834
:107FD00000F08380A3E044F20040C5F60200006890
:107FE00000F020010020B0EB511F31D0FFE744F238
:107FF0000040C5F602000068C0F3C10149F200006C
:10800000C0F2D030C84003909DED030AB8EE400A9C
:108010009DED051AB8EE411A80EE010A44F2404087
:10802000C5F6020000686FF35F2001EE100AB8EE9B
:10803000411A9DED022A9FED6F3A02EE031AB7EE48
:10804000002A31EE021A20EE010A8DED010A21E02C
:108050009DED050AB8EE401A9FED680A80EE010A10
:1080600044F24040C5F6020000686FF35F2001EE65
:10807000100AB8EE411A9DED022A9FED5E3A02EE1B
:10808000031AB7EE002A31EE021A20EE010A8DED36
:10809000010AFFE765E09DED050AB8EE401A9FED85
:1080A000560A80EE010A44F24040C5F6020000681C
:1080B0006FF35F2001EE100AB8EE411A9DED022A1F
:1080C0009FED4C3A02EE031AB7EE002A31EE021A87
:1080D00020EE010A8DED010A43E09DED050AB8EEA0
:1080E000401A9FED430A80EE010A44F24040C5F673
:1080F000020000686FF35F2001EE100AB8EE411A2B
:108100009DED022A9FED3B3A02EE031AB7EE002ADC
:1081100031EE021A20EE010A8DED010A21E09DEDFB
:10812000050AB8EE401A9FED340A80EE010A44F2C7
:108130004040C5F6020000686FF35F2001EE100AB0
:10814000B8EE411A9DED022A9FED2A3A02EE031A7B
:10815000B7EE002A31EE021A20EE010A8DED010A77
:10816000FFE79DED010A44F24040C5F602000168B8
:1081700089B2490A01EE101AB8EE411AB7EE002A88
:1081800031EE021A80EE010A0799BCEEC00A81EDB9
:10819000000A9DED010A0168C1F3064101EE101AC3
:1081A000B8EE411A31EE021A80EE010A0799BCEED0
:1081B000C00A81ED010A9DED010A0068C0F3066066
:1081C00001EE100AB8EE411A31EE021A80EE010AF1
:1081D0000798BCEEC00A80ED020A07E0079900206C
:1081E00008600799486007998860FFE708B0704702
:1081F000001BB74B000000390024744A0024744C63
:1082000080B59AB0189000208DF857008DF8560070
:108210001898C0780007002848D5FFE71898406EE6
:10822000149078B1FFE71498B0F5801F13D0FFE7E2
:108230001498B0F5001F16D0FFE71498B0F5401F52
:1082400019D019E044F22C41C5F60201086840F447
:108250000030086014E018980830022108F020F976
:108260008DF857000CE018982830022108F000FA29
:108270008DF8570004E003E001208DF85700FFE778
:108280009DF8570060B9FFE744F25041C5F602017E
:10829000086820F44010189A526E1043086004E0F9
:1082A0009DF857008DF85600FFE7FFE718984078D3
:1082B000C007002840D0FFE71898806D139004286D
:1082C00020D81399DFE801F0030C141C1D0044F2C0
:1082D0002C41C5F60201086840F40030086015E042
:1082E00018980830002108F0DBF88DF857000DE0F1
:1082F00018982830002108F0BBF98DF8570005E0E8
:1083000004E003E001208DF85700FFE79DF85700D7
:1083100060B9FFE744F25041C5F60201086820F059
:108320000700189A926D1043086004E09DF857000A
:108330008DF85600FFE7FFE71898407840070028BF
:1083400056D5FFE71898D0F8A4001290C8B1FFE7FF
:108350001298B0F5001F1DD0FFE71298B0F5800FFE
:1083600020D0FFE71298B0F5C00F23D0FFE7129896
:10837000B0F5000F1FD0FFE71298B0F5200F1BD00B
:108380001BE044F22C41C5F60201086840F40030BD
:10839000086016E018980830002108F081F88DF880
:1083A00057000EE018982830002108F061F98DF888
:1083B000570006E005E004E003E001208DF85700D7
:1083C000FFE79DF8570068B9FFE744F25841C5F64A
:1083D0000201086820F46000189AD2F8A420104323
:1083E000086004E09DF857008DF85600FFE7FFE7AE
:1083F000189840780007002856D5FFE71898D0F85D
:10840000A8001190C8B1FFE71198B0F1807F1DD08E
:10841000FFE71198B0F1007F20D0FFE71198B0F18D
:10842000407F23D0FFE71198B0F1806F1FD0FFE7A6
:108430001198B0F1A06F1BD01BE044F22C41C5F69F
:108440000201086840F40030086016E0189808300F
:10845000002108F025F88DF857000EE01898283014
:10846000002108F005F98DF8570006E005E004E06A
:1084700003E001208DF85700FFE79DF8570068B929
:10848000FFE744F25841C5F60201086820F0E060B9
:10849000189AD2F8A8201043086004E09DF857000D
:1084A0008DF85600FFE7FFE71898C078800700288E
:1084B0003ED5FFE71898C06C1090F0B1FFE7109818
:1084C000102808D0FFE7109820280DD0FFE710985B
:1084D000302811D012E044F22C41C5F602010868A0
:1084E00040F4003008600DE018980830022107F0D1
:1084F000D7FF8DF8570005E004E003E001208DF878
:108500005700FFE79DF8570060B9FFE744F24C4180
:10851000C5F60201086820F03000189AD26C1043AA
:10852000086004E09DF857008DF85600FFE7FFE76C
:1085300018984078C00600284ED5FFE71898C06DFF
:108540000F90A0B1FFE70F98B0F5805F18D0FFE75C
:108550000F98B0F5005F1BD0FFE70F98B0F5405FB4
:108560001ED0FFE70F98B0F5804F1AD01AE044F202
:108570002C41C5F60201086840F40030086015E09F
:1085800018980830002107F08BFF8DF857000DE098
:1085900018982830002108F06BF88DF8570005E096
:1085A00004E003E001208DF85700FFE79DF8570035
:1085B00060B9FFE744F25041C5F60201086820F4B3
:1085C000E040189AD26D1043086004E09DF857000F
:1085D0008DF85600FFE7FFE71898407880060028DE
:1085E0004CD5FFE71898006E0E90C8B1FFE70E98C3
:1085F000B0F5803F15D0FFE70E98B0F5003F18D0DA
:10860000FFE70E98B0F5403F1BD0FFE70E98B0F59E
:10861000802F17D0FFE70E98B0F5A02F13D013E0EE
:1086200016E018980830012107F03AFF8DF857003E
:108630000EE018982830012108F01AF88DF857003C
:1086400006E005E004E003E001208DF85700FFE7B5
:108650009DF8570060B9FFE744F25041C5F60201AA
:10866000086820F4E020189A126E1043086004E0B5
:108670009DF857008DF85600FFE7FFE718984078FF
:10868000400600284ED5FFE71898D0F8AC000D90B2
:10869000C8B1FFE70D98B0F1805F15D0FFE70D98E6
:1086A000B0F1005F18D0FFE70D98B0F1405F1BD02C
:1086B000FFE70D98B0F1804F17D0FFE70D98B0F1AC
:1086C000A04F13D013E016E018980830012107F0EE
:1086D000E7FE8DF857000EE018982830012107F0CA
:1086E000C7FF8DF8570006E005E004E003E0012035
:1086F0008DF85700FFE79DF8570068B9FFE744F28F
:108700005841C5F60201086820F0E040189AD2F8F6
:10871000AC201043086004E09DF857008DF8560027
:10872000FFE7FFE718984078000600283BD5FFE7F1
:108730001898C06E0C90D8B1FFE70C98B0F1805F2C
:1087400005D0FFE70C98B0F1005F09D011E044F2CA
:108750002C41C5F60201086840F4003008600CE0C6
:1087600018980830012107F09BFE8DF8570004E0AF
:1087700003E001208DF85700FFE79DF8570060B92E
:10878000FFE744F25041C5F60201086820F040506E
:10879000189AD26E1043086004E09DF857008DF8D7
:1087A0005600FFE7FFE71898C078C007002837D0C9
:1087B000FFE71898806C0B90032817D80B99DFE817
:1087C00001F014020B1344F22C41C5F602010868B3
:1087D00040F4003008600DE018980830022107F0DE
:1087E0005FFE8DF8570005E004E003E001208DF8FE
:1087F0005700FFE79DF8570060B9FFE744F24C418E
:10880000C5F60201086820F00300189A926C104324
:10881000086004E09DF857008DF85600FFE7FFE779
:10882000189880784006002840F1B480FFE744F6AD
:108830000001C5F60201086840F480700860FDF789
:108840003BFF1690FFE744F60000C5F60200006803
:10885000C00500280CD4FFE7FDF72EFF1699401A3B
:10886000652804D3FFE703208DF8570000E0EAE70E
:108870009DF85700002840F08780FFE744F27040E1
:10888000C5F60200006800F440701899D1F8B010E5
:1088900001F44071884213D0FFE744F27041C5F6FD
:1088A0000201086820F440701790086840F4803096
:1088B0000860086820F48030086017980860FFE7B7
:1088C0001898D0F8B000B0F5807F1FD1FFE7FDF712
:1088D000F3FE1690FFE744F27040C5F60200006810
:1088E00000F002010020B0EB510F0ED1FFE7FDF7C1
:1088F000E3FE1699401A41F28931884204D3FFE71A
:1089000003208DF8570000E0E5E7FFE79DF85700EA
:10891000A0BBFFE7FFE71898D0F8B00000F4407064
:10892000B0F5407F13D1FFE744F21041C5F60201D4
:10893000086820F47C50189AD2F8B0204FF6F04323
:10894000C0F6FF731A4040EA1210086008E044F2D3
:108950001041C5F60201086820F47C500860FFE76A
:108960001898D0F8B0206FF31F3244F27041C5F66A
:108970000201086810430860FFE704E09DF8570013
:108980008DF85600FFE704E09DF857008DF856007B
:10899000FFE7FFE718980068C007002800F04C8048
:1089A000FFE71898806F0A9028282BD80A99DFE8EB
:1089B00001F01529292929292929162929292929AF
:1089C00029291E2929292929292926292929292925
:1089D00029292729292929292929280016E0189831
:1089E0000830012107F05CFD8DF857000EE0189863
:1089F0002830012107F03CFE8DF8570006E005E025
:108A000004E003E001208DF85700FFE79DF85700D0
:108A100060B9FFE744F25441C5F60201086820F04E
:108A20003800189A926F1043086004E09DF85700D0
:108A30008DF85600FFE7FFE71898007880070028B8
:108A400039D5FFE71898406F0990052819D809997A
:108A5000DFE801F003040C14151616E0189808302E
:108A6000012107F01DFD8DF857000EE01898283001
:108A7000012107F0FDFD8DF8570006E005E004E058
:108A800003E001208DF85700FFE79DF8570060B91B
:108A9000FFE744F25441C5F60201086820F00700E0
:108AA000189A526F1043086004E09DF857008DF843
:108AB0005600FFE7FFE718980078400700283BD5ED
:108AC000FFE71898D0F890000890052819D8089961
:108AD000DFE801F003040C14151616E018980830AE
:108AE000012107F0DDFC8DF857000EE018982830C2
:108AF000012107F0BDFD8DF8570006E005E004E018
:108B000003E001208DF85700FFE79DF8570068B992
:108B1000FFE744F25841C5F60201086820F007005B
:108B2000189AD2F890201043086004E09DF857008E
:108B30008DF85600FFE7FFE71898007880060028B8
:108B40004ED5FFE71898D0F88C000790C8B1FFE722
:108B50000798B0F1805F15D0FFE70798B0F1005F8C
:108B600018D0FFE70798B0F1405F1BD0FFE70798E8
:108B7000B0F1804F17D0FFE70798B0F1A04F13D0A6
:108B800013E016E018980830002107F089FC8DF8F2
:108B900057000EE018982830022107F069FD8DF883
:108BA000570006E005E004E003E001208DF85700DF
:108BB000FFE79DF8570068B9FFE744F25441C5F656
:108BC0000201086820F0E040189AD2F88C20104387
:108BD000086004E09DF857008DF85600FFE7FFE7B6
:108BE00018980078400600284ED5FFE71898D0F86E
:108BF00098000690C8B1FFE70698B0F5806F15D0D1
:108C0000FFE70698B0F5006F18D0FFE70698B0F5BB
:108C1000406F1BD0FFE70698B0F5805F17D0FFE7E5
:108C20000698B0F5A05F13D013E016E0189808304E
:108C3000002107F035FC8DF857000EE01898283019
:108C4000022107F015FD8DF8570006E005E004E06D
:108C500003E001208DF85700FFE79DF8570068B941
:108C6000FFE744F25841C5F60201086820F4E050DD
:108C7000189AD2F898201043086004E09DF8570035
:108C80008DF85600FFE7FFE71898007800060028E7
:108C90004ED5FFE71898D0F89C000590C8B1FFE7C3
:108CA0000598B0F5005F15D0FFE70598B0F5804F47
:108CB00018D0FFE70598B0F5C04F1BD0FFE7059827
:108CC000B0F5004F17D0FFE70598B0F5204F13D04F
:108CD00013E016E018980830002107F0E1FB8DF84A
:108CE00057000EE018982830022107F0C1FC8DF8DB
:108CF000570006E005E004E003E001208DF857008E
:108D0000FFE79DF8570068B9FFE744F25841C5F600
:108D10000201086820F46040189AD2F89C201043A1
:108D2000086004E09DF857008DF85600FFE7FFE764
:108D3000189800780007002820D5FFE71898D0F889
:108D40008000B0F5805F0CD1FFE718982830022131
:108D500007F08EFC20B1FFE701208DF85600FFE7F9
:108D6000FFE744F25441C5F60201086820F4405080
:108D7000189AD2F8802010430860FFE7189800780E
:108D8000C006002820D5FFE71898D0F89400B0F569
:108D9000807F0CD1FFE718982830022107F068FC8B
:108DA00020B1FFE701208DF85600FFE7FFE744F20E
:108DB0005841C5F60201086820F44070189AD2F8AC
:108DC000942010430860FFE7189880780007002877
:108DD0003CD5FFE71898D0F8A000049050B1FFE709
:108DE0000498B0F5803F0DD0FFE70498B0F5003F40
:108DF00010D010E018980830002107F051FB8DF8D2
:108E000057000CE018982830022107F031FC8DF84B
:108E1000570004E003E001208DF85700FFE79DF8BC
:108E2000570068B9FFE744F25841C5F602010868E7
:108E300020F44030189AD2F8A0201043086004E0D3
:108E40009DF857008DF85600FFE7FFE718988078E7
:108E5000400700283FD5FFE71898D0F8840003901A
:108E6000B0F5801F0AD0FFE70398B0F5001F0ED0C1
:108E7000FFE70398B0F5401F11D011E044F22C41F8
:108E8000C5F60201086840F4003008600CE018984C
:108E90002830012107F0ECFB8DF8570004E003E0D7
:108EA00001208DF85700FFE79DF8570068B9FFE7EC
:108EB00044F25441C5F60201086820F44010189AA3
:108EC000D2F884201043086004E09DF857008DF824
:108ED0005600FFE7FFE718988078C007A8B3FFE7C0
:108EE0001898006D029028B1FFE70298B0F5803F16
:108EF00009D010E044F22C41C5F60201086840F4A4
:108F0000003008600BE018980830022107F0C8FA1A
:108F10008DF8570003E001208DF85700FFE79DF81A
:108F2000570060B9FFE744F24C41C5F602010868FA
:108F300020F48030189A126D1043086004E09DF808
:108F400057008DF85600FFE7FFE71898C0788006B5
:108F500000280CD5FFE718982830022107F088FB7D
:108F600020B1FFE701208DF85600FFE7FFE71898D2
:108F70008078800700283AD5FFE71898C06F0190E5
:108F8000D0B1FFE70198B0F5807F0AD0FFE70198E4
:108F9000B0F5007F0ED0FFE70198B0F5407F0AD012
:108FA0000BE044F22C41C5F60201086840F40030A1
:108FB000086006E005E004E003E001208DF85700BA
:108FC000FFE79DF8570060B9FFE744F25441C5F64A
:108FD0000201086820F44070189AD26F10430860AC
:108FE00004E09DF857008DF85600FFE7FFE718985A
:108FF0008078C00600280CD5FFE744F25041C5F642
:109000000201086820F00040189A126F10430860AF
:10901000FFE718988078800600280CD5FFE744F217
:109020005041C5F60201086820F08070189A926ECF
:1090300010430860FFE71898C0784006002811D553
:10904000FFE7FFE744F21041C5F60201086820F48B
:10905000004008601898D0F8B420086810430860F1
:10906000FFE7FFE71898C078000600280CD5FFE757
:1090700044F24C41C5F60201086820F04050189AAD
:10908000526D10430860FFE71898807800060028AA
:109090000DD5FFE744F25441C5F60201086820F4FB
:1090A0004000189AD2F8882010430860FFE718980B
:1090B0000079C00790B1FFE718980830002107F049
:1090C000EFF98DF857009DF8570008B9FFE704E065
:1090D0009DF857008DF85600FFE7FFE718980079D4
:1090E0008007002812D5FFE718980830012107F003
:1090F000D7F98DF857009DF8570008B9FFE704E04D
:109100009DF857008DF85600FFE7FFE718980079A3
:109110004007002812D5FFE718980830022107F011
:10912000BFF98DF857009DF8570008B9FFE704E034
:109130009DF857008DF85600FFE7FFE71898007973
:109140000007002812D5FFE718982830002107F003
:109150008FFA8DF857009DF8570008B9FFE704E033
:109160009DF857008DF85600FFE7FFE71898007943
:10917000C006002812D5FFE718982830012107F013
:1091800077FA8DF857009DF8570008B9FFE704E01B
:109190009DF857008DF85600FFE7FFE71898007913
:1091A0008006002812D5FFE718982830022107F022
:1091B0005FFA8DF857009DF8570008B9FFE704E003
:1091C0009DF857008DF85600FFE7FFE79DF8560021
:1091D00020B9FFE700208DF8670003E001208DF83B
:1091E0006700FFE79DF867001AB080BD000000002F
:1091F00080B586B004900391049820B9FFE7012060
:109200008DF817003CE2039842F20001C5F20021FC
:10921000096801F00F01884216D9FFE742F2000009
:10922000C5F20020016821F00F01039A114301608B
:10923000006800F00F000399884204D0FFE7012086
:109240008DF817001CE2FFE704980078400700281B
:1092500019D5FFE70498006944F21841C5F60201E8
:10926000096801F0700188420CD9FFE744F2184107
:10927000C5F60201086820F07000049A12691043D4
:109280000860FFE7FFE7049800780007002819D579
:10929000FFE70498406944F21C41C5F602010968E1
:1092A00001F0700188420CD9FFE744F21C41C5F679
:1092B0000201086820F07000049A526910430860A7
:1092C000FFE7FFE704980078C006002819D5FFE7FC
:1092D0000498806944F21C41C5F60201096801F452
:1092E000E06188420CD9FFE744F21C41C5F6020157
:1092F000086820F4E060049A926910430860FFE770
:10930000FFE7049800788006002819D5FFE7049845
:10931000C06944F22041C5F60201096801F07001FC
:1093200088420CD9FFE744F22041C5F602010868E3
:1093300020F07000049AD26910430860FFE7FFE74D
:10934000049800788007002819D5FFE70498C068C2
:1093500044F21841C5F60201096801F00F01884284
:109360000CD9FFE744F21841C5F60201086820F065
:109370000F00049AD26810430860FFE7FFE70498E3
:109380000078C007002800F08C80FFE744F2184105
:10939000C5F60201086820F47060049A92681043D0
:1093A000086004984068022811D1FFE744F20040A9
:1093B000C5F60200006800F400310020B0EB514F08
:1093C00004D1FFE701208DF8170059E13EE0049831
:1093D0004068032811D1FFE744F20040C5F60200BF
:1093E000006800F000710020B0EB516F04D1FFE77E
:1093F00001208DF8170043E127E004984068012818
:1094000011D1FFE744F20040C5F60200006800F405
:1094100080710020B0EB112F04D1FFE701208DF8FF
:1094200017002DE110E044F20040C5F6020000688C
:1094300000F004010020B0EB910F04D1FFE7012000
:109440008DF817001CE1FFE7FFE7FFE744F210414A
:10945000C5F60201086820F00700049A526810431C
:109460000860FDF729F90190FFE744F21040C5F6C6
:109470000200006800F0380004994968B0EBC10FA1
:109480000ED0FFE7FDF718F90199401A41F2893132
:10949000884204D3FFE703208DF81700F0E0E4E7EB
:1094A000FFE7049800788007002819D5FFE70498A3
:1094B000C06844F21841C5F60201096801F00F01C5
:1094C00088420CD2FFE744F21841C5F60201086851
:1094D00020F00F00049AD26810430860FFE7FFE70E
:1094E000039842F20001C5F20021096801F00F0162
:1094F000884216D2FFE742F20000C5F20020016860
:1095000021F00F01039A11430160006800F00F0081
:109510000399884204D0FFE701208DF81700AFE0DF
:10952000FFE7049800784007002819D5FFE7049862
:10953000006944F21841C5F60201096801F07001A2
:1095400088420CD2FFE744F21841C5F602010868D0
:1095500020F07000049A126910430860FFE7FFE7EB
:10956000049800780007002819D5FFE7049840699F
:1095700044F21C41C5F60201096801F070018842FD
:109580000CD2FFE744F21C41C5F60201086820F046
:109590007000049A526910430860FFE7FFE70498DF
:1095A0000078C006002819D5FFE70498806944F2C6
:1095B0001C41C5F60201096801F4E06188420CD241
:1095C000FFE744F21C41C5F60201086820F4E060A0
:1095D000049A926910430860FFE7FFE70498007857
:1095E0008006002819D5FFE70498C06944F220419D
:1095F000C5F60201096801F0700188420CD2FFE74C
:1096000044F22041C5F60201086820F07000049A77
:10961000D26910430860FFE7FFE700F089F844F2E1
:109620001842C5F602021168C1F3032344F2543113
:10963000C0F60201CB5C03F01F03D84000900098F5
:10964000126802F00F02895C01F01F01C84040F26D
:10965000E801C2F200410860009840F2E401C2F261
:109660000041086040F2F410C2F200400068FDF7CB
:109670007BF88DF80B009DF80B008DF81700FFE7C5
:109680009DF8170006B080BD80B582B000F050F89C
:1096900044F21842C5F602021168C1F3032344F2F2
:1096A0005431C0F60201CB5C03F01F03D840019097
:1096B0000198126802F00F02895C01F01F0120FA84
:1096C00001F140F2E800C2F200400160019940F26D
:1096D000E402C2F200421160006802B080BD0000E6
:1096E00080B5FFF7D1FF44F21C41C5F602010968BD
:1096F000C1F3021244F25431C0F60201895C01F058
:109700001F01C84080BD000080B5FFF7BDFF44F2D7
:109710001C41C5F602010968C1F3022244F254312A
:10972000C0F60201895C01F01F01C84080BD000045
:109730008AB044F21040C5F60200006800F038001C
:1097400001460191182800F25F810199DFE811F0CC
:1097500019005C015C015C015C015C015C015C0165
:109760003A005C015C015C015C015C015C015C0134
:1097700040005C015C015C015C015C015C015C011E
:10978000460044F20040C5F60200006800F02001E7
:109790000020B0EB511F0ED0FFE744F20040C5F6A9
:1097A00002000068C0F3C10149F20000C0F2D030ED
:1097B000C840029005E049F20000C0F2D0300290AB
:1097C000FFE727E140F60010C0F23D00029021E1E2
:1097D00043F20060C0F26E1002901BE144F2284098
:1097E000C5F60200016801F0030108910068C0F3AA
:1097F0000510079044F22C40C5F60200006800F006
:1098000001000690069844F23441C5F60201096849
:1098100089B2C908484300EE100AB8EE400A8DED3F
:10982000040A0798002800F0EB80FFE708980090F2
:1098300048B1FFE70098012865D0FFE700980228AB
:1098400000F08380A3E044F20040C5F60200006807
:1098500000F020010020B0EB511F31D0FFE744F2AF
:109860000040C5F602000068C0F3C10149F20000E3
:10987000C0F2D030C84005909DED050AB8EE400A10
:109880009DED071AB8EE411A80EE010A44F230400D
:10989000C5F6020000686FF35F2001EE100AB8EE13
:1098A000411A9DED042A9FED5E3A02EE031AB7EECF
:1098B000002A31EE021A20EE010A8DED030A21E0A2
:1098C0009DED070AB8EE401A9FED570A80EE010A97
:1098D00044F23040C5F6020000686FF35F2001EEED
:1098E000100AB8EE411A9DED042A9FED4D3A02EEA2
:1098F000031AB7EE002A31EE021A20EE010A8DEDAE
:10990000030AFFE765E09DED070AB8EE401A9FEDF8
:10991000450A80EE010A44F23040C5F602000068B4
:109920006FF35F2001EE100AB8EE411A9DED042A94
:109930009FED3B3A02EE031AB7EE002A31EE021A0F
:1099400020EE010A8DED030A43E09DED070AB8EE13
:10995000401A9FED320A80EE010A44F23040C5F60B
:10996000020000686FF35F2001EE100AB8EE411AA2
:109970009DED042A9FED2A3A02EE031AB7EE002A63
:1099800031EE021A20EE010A8DED030A21E09DED71
:10999000070AB8EE401A9FED230A80EE010A44F24E
:1099A0003040C5F6020000686FF35F2001EE100A38
:1099B000B8EE411A9DED042A9FED193A02EE031A02
:1099C000B7EE002A31EE021A20EE010A8DED030AED
:1099D000FFE744F23040C5F60200006881B2012082
:1099E00000EB512009909DED030A9DED091AB8EE98
:1099F000411A80EE010ABCEEC00A8DED020A02E0B7
:109A000000200290FFE705E040F60010C0F23D00A4
:109A10000290FFE702980AB0704700BF001BB74BE7
:109A2000000000390024744A0024744C0000000037
:109A300080B58CB00A900A9828B9FFE701208DF80C
:109A40002F0000F001BD0A980078C007002800F040
:109A5000B980FFE744F21040C5F60200006800F04C
:109A60003800069044F22840C5F6020000680590D0
:109A7000069810280AD0FFE7069818281CD1FFE79F
:109A8000059800F00300022816D1FFE744F20040D9
:109A9000C5F60200006800F400310020B0EB514F21
:109AA00009D0FFE70A98406828B9FFE701208DF840
:109AB0002F0000F0C9BC84E0FFE70A984068B0F5C9
:109AC000803F09D1FFE744F20041C5F60201086872
:109AD00040F48030086032E00A98406868B9FFE7D7
:109AE00044F20041C5F60201086820F480300860A5
:109AF000086820F48020086020E00A984068B0F5EB
:109B0000A02F0DD1FFE744F20041C5F6020108681D
:109B100040F480200860086840F4803008600CE061
:109B200044F20041C5F60201086820F48030086064
:109B3000086820F480200860FFE7FFE7FFE7FFE701
:109B40000A984068F0B1FFE7FCF7B6FD0990FFE71F
:109B500044F20040C5F60200006800F40031002025
:109B6000B0EB514F0DD1FFE7FCF7A6FD0999401A64
:109B7000652805D3FFE703208DF82F0000F064BCB3
:109B8000E6E71DE0FCF798FD0990FFE744F200408E
:109B9000C5F60200006800F400310020B0EB514F20
:109BA0000DD0FFE7FCF788FD0999401A652805D319
:109BB000FFE703208DF82F0000F046BCE6E7FFE743
:109BC000FFE7FFE70A9800788007002840F1C5808A
:109BD000FFE744F21040C5F60200006800F03800CC
:109BE000049044F22840C5F60200006803900498EF
:109BF00050B1FFE70498182850D1FFE79DF80C00FA
:109C0000800700284AD1FFE744F20040C5F6020071
:109C1000006800F004010020B0EB910F09D0FFE7CD
:109C20000A98C06828B9FFE701208DF82F0000F0DE
:109C30000BBC44F20041C5F60201086820F019008F
:109C40000A9AD26810430860FCF736FD0990FFE7D6
:109C500044F20040C5F60200006800F00401002054
:109C6000B0EB910F0CD1FFE7FCF726FD0999401AE4
:109C7000032804D3FFE703208DF82F00E4E3E7E790
:109C800044F20441C5F60201086820F0FE400A9A39
:109C9000126940EA02600860FFE75DE00A98C06868
:109CA000A0B3FFE744F20041C5F60201086820F0C6
:109CB00019000A9AD26810430860FCF7FDFC09906D
:109CC000FFE744F20040C5F60200006800F004011E
:109CD0000020B0EB910F0CD1FFE7FCF7EDFC0999E8
:109CE000401A032804D3FFE703208DF82F00ABE3CD
:109CF000E7E744F20441C5F60201086820F0FE409F
:109D00000A9A126940EA0260086024E044F20041C5
:109D1000C5F60201086820F001000860FCF7CCFCE1
:109D20000990FFE744F20040C5F60200006800F029
:109D300004010020B0EB910F0CD0FFE7FCF7BCFC56
:109D40000999401A032804D3FFE703208DF82F0058
:109D50007AE3E7E7FFE7FFE7FFE70A980078C00646
:109D6000002840F1A080FFE744F21040C5F6020051
:109D7000006800F03800029044F22840C5F6020066
:109D800000680190029808280AD0FFE70298182876
:109D90002BD1FFE7019800F00300012825D1FFE750
:109DA00044F20040C5F60200006800F48071002013
:109DB000B0EB112F09D0FFE70A98C069802804D0C2
:109DC000FFE701208DF82F003EE3FFE744F20C414E
:109DD000C5F60201086820F07C500A9A126A40EA2F
:109DE00002600860FFE7FFE75CE00A98C06998B38B
:109DF000FFE744F20041C5F60201086840F0800028
:109E00000860FCF759FC0990FFE744F20040C5F6F2
:109E10000200006800F480710020B0EB112F0CD11B
:109E2000FFE7FCF749FC0999401A032804D3FFE730
:109E300003208DF82F0007E3E7E7FFE744F20C412A
:109E4000C5F60201086820F07C500A9A126A40EABE
:109E500002600860FFE724E044F20041C5F6020119
:109E6000086820F080000860FCF726FC0990FFE7F6
:109E700044F20040C5F60200006800F48071002042
:109E8000B0EB112F0CD0FFE7FCF716FC0999401A34
:109E9000032804D3FFE703208DF82F00D4E2E7E77F
:109EA000FFE7FFE7FFE70A980078000700284FD593
:109EB000FFE70A98406928B3FFE744F27441C5F60A
:109EC0000201086840F001000860FCF7F5FB09900A
:109ED000FFE744F27440C5F60200006800F002019A
:109EE0000020B0EB510F0CD1FFE7FCF7E5FB09991F
:109EF000401A032804D3FFE703208DF82F00A3E2C4
:109F0000E7E724E044F27441C5F60201086820F056
:109F100001000860FCF7D0FB0990FFE744F27440B1
:109F2000C5F60200006800F002010020B0EB510FFE
:109F30000CD0FFE7FCF7C0FB0999401A032804D3B3
:109F4000FFE703208DF82F007EE2E7E7FFE7FFE75A
:109F50000A980078800600284FD5FFE70A988069A4
:109F600028B3FFE744F20041C5F60201086840F457
:109F700080500860FCF7A0FB0990FFE744F2004026
:109F8000C5F60200006800F400510020B0EB513F1C
:109F90000CD1FFE7FCF790FB0999401A032804D382
:109FA000FFE703208DF82F004EE2E7E724E044F2BC
:109FB0000041C5F60201086820F480500860FCF7F3
:109FC0007BFB0990FFE744F20040C5F60200006801
:109FD00000F400510020B0EB513F0CD0FFE7FCF73C
:109FE0006BFB0999401A032804D3FFE703208DF87F
:109FF0002F0029E2E7E7FFE7FFE70A98007840072C
:10A00000002840F1A780FFE744F60001C5F60201F1
:10A01000086840F480700860FCF74EFB0990FFE789
:10A0200044F60000C5F602000068C00500280CD404
:10A03000FFE7FCF741FB0999401A652804D3FFE7C5
:10A0400003208DF82F00FFE1EAE7FFE70A98806818
:10A05000012809D1FFE744F27041C5F60201086802
:10A0600040F00100086031E00A98806868B9FFE7B5
:10A0700044F27041C5F60201086820F00100086052
:10A08000086820F0040008601FE00A98806805282E
:10A090000DD1FFE744F27041C5F60201086840F0B7
:10A0A00004000860086840F0010008600CE044F219
:10A0B0007041C5F60201086820F0010008600868D8
:10A0C00020F004000860FFE7FFE7FFE7FFE70A98DA
:10A0D0008068F8B1FFE7FCF7EFFA0990FFE744F278
:10A0E0007040C5F60200006800F002010020B0EBED
:10A0F000510F0ED1FFE7FCF7DFFA0999401A41F240
:10A100008931884204D3FFE703208DF82F009BE1BB
:10A11000E5E71EE0FCF7D0FA0990FFE744F2704053
:10A12000C5F60200006800F002010020B0EB510FFC
:10A130000ED0FFE7FCF7C0FA0999401A41F28931C5
:10A14000884204D3FFE703208DF82F007CE1E5E788
:10A15000FFE7FFE70A98406A002800F07181FFE7F7
:10A1600044F21040C5F60200006800F038001828DC
:10A1700000F0E080FFE70A98406A022840F0B480CF
:10A18000FFE744F20041C5F60201086820F0807044
:10A190000860FCF791FA0990FFE744F20040C5F629
:10A1A0000200006800F000710020B0EB516F0CD08D
:10A1B000FFE7FCF781FA0999401A032804D3FFE767
:10A1C00003208DF82F003FE1E7E7FFE744F2284145
:10A1D000C5F60201086840F2F33290430A9B9A6A7E
:10A1E000DB6A42EA0312104308600A99086BD1F84F
:10A1F00034C08B6BCA6B01386FF35F204FF6006180
:10A20000CFF6FF7101EB4C2189B208440021CFF653
:10A21000FF7101EB034101F4FE0108444FF07F415F
:10A2200001EB026101F0FE41084444F23041C5F601
:10A2300002010860FFE744F22C41C5F602010091DB
:10A24000086820F00100086044F23442C5F60202BA
:10A2500010684FF6F87398430A9B9B6C40EAC30062
:10A260001060086820F00C000A9A126C1043086015
:10A27000086820F002000A9A526C104308600868CF
:10A2800040F480300860086840F4003008600868D6
:10A2900040F480200860086840F00100086044F243
:10A2A0000041C5F60201086840F080700860FCF7C4
:10A2B00003FA0990FFE744F20040C5F60200006887
:10A2C00000F000710020B0EB516F0CD1FFE7FCF7FC
:10A2D000F3F90999401A032804D3FFE703208DF806
:10A2E0002F00B1E0E7E724E044F20041C5F60201A7
:10A2F000086820F080700860FCF7DEF90990FFE73D
:10A3000044F20040C5F60200006800F00071002031
:10A31000B0EB516F0CD0FFE7FCF7CEF90999401A6A
:10A32000032804D3FFE703208DF82F008CE0E7E734
:10A33000FFE784E044F22840C5F602000068089078
:10A3400044F23040C5F60200006807900A98406A5F
:10A35000012837D0FFE7089800F003000A99896ABE
:10A3600088422FD1FFE7089800F47C710A98C06AF0
:10A37000B0EB111F26D1FFE707986FF35F200A9912
:10A38000096B013988421DD1FFE7BDF81C100A98FE
:10A39000406B0138B0EB512F14D1FFE7079800F460
:10A3A000FE010A98806B0138B0EB114F0AD1FFE72C
:10A3B000079800F0FE410A98C06B0138B0EB116FAE
:10A3C00004D0FFE701208DF82F003DE044F2344037
:10A3D000C5F60200006880B2C00808900A98806C38
:10A3E0000899884229D0FFE744F22C41C5F60201C2
:10A3F000086820F001000860FCF75EF90990FFE7AB
:10A40000FCF75AF90999401A08B9FFE7F8E744F24E
:10A410003441C5F6020108684FF6F87290430A9A73
:10A42000926C40EAC200086044F22C41C5F6020179
:10A43000086840F001000860FFE7FFE7FFE7FFE77B
:10A4400000208DF82F00FFE79DF82F000CB080BD95
:10A4500081B0009001B0704780B588B00790079830
:10A4600000680069069007980068406905900698A2
:10A4700005990840049007980068806803900020C0
:10A480000290079890F881008DF8070007980068FF
:10A49000303000909DF815000007002810D5FFE728
:10A4A0009DF81800000700280AD5FFE70798016803
:10A4B000886940F400608861079800F0C1FB91E171
:10A4C0009DF810004006002815D4FFE79DF8100005
:10A4D000800600280FD4FFE79DF8100040070028F1
:10A4E00009D5FFE70798416F88470798016F8847AC
:10A4F00001200290FFE79DF810004006002811D4CB
:10A50000FFE79DF81000C00760B1FFE79DF810005D
:10A510004007002806D4FFE70798016F884701200D
:10A520000290FFE79DF810008006002812D4FFE794
:10A530009DF81000800700280CD5FFE79DF810005B
:10A540004007002806D4FFE70798416F884701209D
:10A550000290FFE7029808B1FFE743E19DF8100081
:10A560000007002840F18980FFE7079801688869A3
:10A5700040F00800886107980168886940F0100081
:10A58000886107980168886940F4006088610798CD
:10A590000168086920F00800086107980068806871
:10A5A00010F4404F3AD1FFE7FFE70798B0F86A0090
:10A5B00098B3FFE70798C06810280BD3FFE7079808
:10A5C0000068006B0799496E08600799486E04306F
:10A5D00048661BE00798C06808280AD3FFE7009880
:10A5E00000880799496E08800799486E02304866CE
:10A5F0000BE00798006890F830000799496E0870E2
:10A600000799486E01304866FFE7FFE70799B1F800
:10A610006A000138A1F86A00C7E7FFE7079806F06B
:10A6200017F90799012081F881000798D0F8840074
:10A6300020B1FFE70798FFF70BFFD3E09DF8070075
:10A64000052804D1FFE7079801F056F814E09DF8BB
:10A650000700042804D1FFE7079800F0EDFA0AE0AC
:10A660009DF80700032804D1FFE7079801F040F8A0
:10A6700000E0FFE7FFE7FFE7B4E0BDF8100010F4EB
:10A68000587F00F0AF80FFE79DF8100040060028DB
:10A690000ED5FFE70799D1F8840040F00400C1F817
:10A6A000840007980168886940F040008861FFE7EE
:10A6B0009DF81100800700280ED5FFE70799D1F813
:10A6C000840040F00100C1F884000798016888699F
:10A6D00040F400708861FFE79DF81100C00770B179
:10A6E000FFE70799D1F8840040F00800C1F8840022
:10A6F00007980168886940F480708861FFE79DF8D9
:10A700001000800600280ED5FFE70799D1F88400D5
:10A7100040F08000C1F8840007980168886940F023
:10A7200020008861FFE70798D0F88400002858D0FF
:10A73000FFE707980168086820F0010008600798A3
:10A740000168086940F26B3290430861039800F495
:10A750004040B0F5404F3BD1FFE70798016888685B
:10A7600020F4404088600798C06FB0B1FFE70798B9
:10A77000C16F40F66910C0F6010008650798C06F08
:10A78000F7F762FD40B1FFE70799D1F8840040F088
:10A790004000C1F88400FFE7FFE70798806FB0B181
:10A7A000FFE70798816F40F66910C0F60100086561
:10A7B0000798806FF7F748FD40B1FFE70799D1F898
:10A7C000840040F04000C1F88400FFE7FFE707E0A5
:10A7D0000799012081F881000798FFF739FEFFE70C
:10A7E000FFE7FFE708B080BD80B586B0049004980D
:10A7F00020B9FFE701208DF817003AE10498406A7C
:10A8000008B9FFE7FFE70499002088620498006810
:10A8100043F20001C4F2010188421BD0FFE7049813
:10A82000006843F60001C4F20001884212D0FFE73D
:10A830000498006843F60041C4F20001884209D040
:10A84000FFE70498C068102804D3FFE701208DF8C3
:10A8500017000EE1049806F0EFF8029004980068E3
:10A8600043F20001C4F20101884216D0FFE70498C8
:10A87000006843F60001C4F2000188420DD0FFE7F2
:10A880000498006843F60041C4F20001884204D0F5
:10A89000FFE7029808281FD8FFE70498006843F2F2
:10A8A0000001C4F20101884212D0FFE70498006859
:10A8B00043F60001C4F20001884209D0FFE7049882
:10A8C000006843F60041C4F20001884208D1FFE766
:10A8D0000298112804D3FFE701208DF81700C8E083
:10A8E000049890F8810040B9FFE70499002081F8AE
:10A8F0008000049800F0C4F8FFE70499022081F872
:10A90000810004980168086820F00100086004983C
:10A910000068806800F4F810039004988069B0F132
:10A92000806F1BD1FFE704984068B0F5800F04D119
:10A93000FFE70498806B50B1FFE70498406868B95E
:10A94000FFE70498806BB0F1805F07D1FFE70498C0
:10A950000168086840F480500860FFE70498807937
:10A960004006002810D5FFE70498C06807280BD3DD
:10A97000FFE704980068006820F48070049A11686A
:10A98000126D1043086006E004980168086820F41E
:10A9900080700860FFE7049B1968DA68D869D3F80B
:10A9A00028C040EA0C00DDF80CC040EA0C00DB6B6C
:10A9B000184310438860049A0192506B516A08430F
:10A9C000916B0843916908431168D2F804C09368F9
:10A9D000D2F810E040EA0E00D2F814E040EA0E008F
:10A9E000D2F820E040EA0E0040EA0C00D2F84CC059
:10A9F00040EA0C001843936C1843926D1043C860F2
:10AA00000498406898B9FFE70498006880680121BD
:10AA100061F3CC2004990968886004980068806814
:10AA2000022161F34A20049909688860FFE70498CD
:10AA30000168086D20F001000865049880794006DF
:10AA400000280BD5FFE704980068C06820F000409C
:10AA5000049A1168526D1043C860FFE70499002002
:10AA6000C1F88400049A012182F881108DF8170042
:10AA7000FFE79DF8170006B080BD00000000000051
:10AA800080B5C0B03F9000203E903D903C903B9000
:10AA90003A900CA8B821F5F783FC3F98006843F67C
:10AAA0000001C4F20001884240F0C480FFE70020AA
:10AAB0000D904FF480510C9123900CA8FDF7A0FB52
:10AAC00018B1FFE7F6F7F4FCFFE7FFE744F2E840D0
:10AAD000C5F60200016841F480410160006800F49D
:10AAE00080400B900B98FFE7FFE744F2E040C5F68B
:10AAF0000200016841F004010160006800F00400F8
:10AB00000A900A98FFE7FFE744F2E040C5F602002A
:10AB1000016841F002010160006800F00200099044
:10AB20000998FFE706203A90022003903B9000200E
:10AB300007903C90032004903D90052005903E90A6
:10AB400040F60000C5F602003AA90691FBF7B4FBF7
:10AB5000DDF80CC0049A05980699079B4FF4005E37
:10AB6000CDF8E8E0CDF8ECC03C933D923E9040F249
:10AB70000040C5F60200FBF79FFB079944F64070C2
:10AB8000C2F2004008904022C4F202020260272272
:10AB900042608160C1604FF4806202614161816105
:10ABA000C1614FF4403202624162F8F78DFF18B183
:10ABB000FFE7F6F77DFCFFE7FFE73F9844F64071BB
:10ABC000C2F20041C1673F988863FFE744F6B8705E
:10ABD000C2F2004002902821C4F202010160282143
:10ABE0004160402181600021C1604FF480620261B8
:10ABF00041618161C1614FF4003202624162F8F744
:10AC000063FF18B1FFE7F6F753FCFFE7FFE73F9854
:10AC100044F6B871C2F2004181673F988863FFE74C
:10AC20002420019000221146FBF706FE0198FBF755
:10AC3000F7FDFFE740B080BD81B0009001B07047E4
:10AC400081B0009001B0704780B590B0DDF848C089
:10AC50000E900D910C92ADF82E300E9800682030B9
:10AC60000A900E980068303009900E98C16B012050
:10AC700000EB5110ADF81200FBF71EFD0890BDF877
:10AC80002E00ADF81600BDF82E00ADF814000E9899
:10AC900090F88100012804D0FFE702208DF83F00E2
:10ACA00050E30D9838B1FFE70C9820B1FFE7BDF8ED
:10ACB0002E0020B9FFE701208DF83F0042E3FFE7B7
:10ACC0000E9890F88000012804D1FFE702208DF84B
:10ACD0003F0037E30E99012081F88000FFE7FFE78E
:10ACE0000E99052081F881000E990020C1F884009A
:10ACF0000C990E9A5166BDF82E100E9AA2F86A10A1
:10AD0000BDF82E100E9AA2F868100D990E9AD16512
:10AD1000BDF82E100E9AA2F86210BDF82E100E9AF1
:10AD2000A2F860100E9908670E9948670E9800689F
:10AD3000C06820F4C0200E990968C8600E980068A9
:10AD400043F20001C4F20101884212D0FFE70E98DD
:10AD5000006843F60001C4F20001884209D0FFE711
:10AD60000E98006843F60041C4F20001884203D106
:10AD7000FFE71020079002E008200790FFE70E98F9
:10AD8000006840684FF6FF718843BDF82E100844F4
:10AD90000E99096848600E980168086840F0010043
:10ADA00008600E984068B0F5800F07D1FFE70E9855
:10ADB0000168086840F400700860FFE70E98C068FA
:10ADC0001028C0F0B580FFE7079880080790FFE7DC
:10ADD000BDF816100120039039B9FFE7BDF8140043
:10ADE000002818BF01200390FFE70398C007002840
:10ADF00000F09D80FFE70E980068406980070028FA
:10AE000022D5FFE7BDF81600F0B1FFE7BDF814004A
:10AE1000BDF81610079A1144884215D2FFE70E9824
:10AE20000168C06D006808620E99C86D0430C8657D
:10AE30000E99B1F862000138A1F862000E98B0F8DE
:10AE40006200ADF81600FFE70E98006840690690B2
:10AE5000BDF81400002869D0FFE70E98006840692B
:10AE6000C007B0B1FFE70E980068006B0E99496EFD
:10AE700008600E99486E043048660E99B1F86A0071
:10AE80000138A1F86A000E98B0F86A00ADF8140015
:10AE90004BE0BDF81400BDF8121088421CDAFFE741
:10AEA0009DF819000006002816D5FFE70E980068E7
:10AEB000006B0E99496E08600E99486E0430486622
:10AEC0000E99B1F86A000138A1F86A000E98B0F83E
:10AED0006A00ADF8140027E0FBF7EEFB0899401A72
:10AEE0001299884204D3FFE71298013018B9FFE79E
:10AEF0001298C0B9FFE70E9805F0AAFC0E99D1F898
:10AF0000840040F48070C1F884000E99012081F81B
:10AF10008100FFE70E99002081F88000FFE7032001
:10AF20008DF83F000EE2FFE7FFE7FFE750E7DCE1C7
:10AF30000E98C0680828C0F0DE80FFE70798400838
:10AF40000790FFE7BDF816100120029039B9FFE71E
:10AF5000BDF81400002818BF01200290FFE70298F6
:10AF6000C007002800F0C680FFE70E98006840691F
:10AF70008007002822D5FFE7BDF81600F0B1FFE7F3
:10AF8000BDF81400BDF81610079A1144884215D276
:10AF9000FFE70E98C06D00880A9908800E99C86D69
:10AFA0000230C8650E99B1F862000138A1F862005C
:10AFB0000E98B0F86200ADF81600FFE70E98006832
:10AFC00040690690BDF81400002800F09280FFE769
:10AFD0000E9800684069C007A8B1FFE7099800888B
:10AFE0000E99496E08800E99486E023048660E9997
:10AFF000B1F86A000138A1F86A000E98B0F86A004A
:10B00000ADF8140074E0BDF81400BDF812108842C9
:10B0100024DAFFE79DF81900000600281ED5FFE797
:10B02000099800880E99496E08800E99486E023082
:10B030004866099800880E99496E08800E99486EF6
:10B04000023048660E99B1F86A000238A1F86A0029
:10B050000E98B0F86A00ADF8140048E0BDF814008E
:10B0600001281BD1FFE79DF819008006002815D59F
:10B07000FFE7099800880E99496E08800E99486E7E
:10B08000023048660E99B1F86A000138A1F86A00EA
:10B090000E98B0F86A00ADF8140027E0FBF70CFB3F
:10B0A0000899401A1299884204D3FFE71298013098
:10B0B00018B9FFE71298C0B9FFE70E9805F0C8FB72
:10B0C0000E99D1F8840040F48070C1F884000E9984
:10B0D000012081F88100FFE70E99002081F88000AF
:10B0E000FFE703208DF83F002CE1FFE7FFE7FFE7D4
:10B0F000FFE727E7F8E0FFE7BDF816100120019011
:10B1000039B9FFE7BDF81400002818BF01200190ED
:10B11000FFE70198C007002800F0E580FFE70E98E0
:10B12000006840698007002823D5FFE7BDF81600B6
:10B13000F8B1FFE7BDF81400BDF81610079A1144E6
:10B14000884216D2FFE70E980168C06D007881F83A
:10B1500020000E99C86D0130C8650E99B1F86200E3
:10B160000138A1F862000E98B0F86200ADF8160040
:10B17000FFE70E98006840690690BDF814000028AB
:10B1800000F0B080FFE70E9800684069C007B8B1D2
:10B19000FFE70E98006890F830000E99496E08702D
:10B1A0000E99486E013048660E99B1F86A00013870
:10B1B000A1F86A000E98B0F86A00ADF8140090E0AB
:10B1C000BDF81400BDF8121088423EDAFFE79DF882
:10B1D00019000006002838D5FFE70E98006890F89F
:10B1E00030000E99496E08700E99486E013048661D
:10B1F0000E98006890F830000E99496E08700E990C
:10B20000486E013048660E98006890F830000E993C
:10B21000496E08700E99486E013048660E980068B5
:10B2200090F830000E99496E08700E99486E013002
:10B2300048660E99B1F86A000438A1F86A000E98C1
:10B24000B0F86A00ADF814004AE0BDF81400032815
:10B250001DD8FFE79DF8190010F0600F17D0FFE729
:10B260000E98006890F830000E99496E08700E999B
:10B27000486E013048660E99B1F86A000138A1F8AD
:10B280006A000E98B0F86A00ADF8140027E0FBF7EA
:10B2900013FA0899401A1299884204D3FFE71298CA
:10B2A000013018B9FFE71298C0B9FFE70E9805F012
:10B2B000CFFA0E99D1F8840040F48070C1F8840070
:10B2C0000E99012081F88100FFE70E99002081F896
:10B2D0008000FFE703208DF83F0033E0FFE7FFE742
:10B2E000FFE7FFE708E7FFE7FFE70E98129B0899E3
:10B2F0006A4611600821002205F086FC40B1FFE794
:10B300000E99D1F8840040F02000C1F88400FFE7D6
:10B310000E9805F09DFA0E99012081F88100FFE753
:10B320000E99002081F88000FFE70E98D0F8840085
:10B3300020B1FFE701208DF83F0003E000208DF8E9
:10B340003F00FFE79DF83F0010B080BD0000000007
:10B3500080B586B0049003910292ADF8063004984F
:10B3600090F88100012804D0FFE702208DF8170033
:10B37000B9E1039838B1FFE7029820B1FFE7BDF8C3
:10B38000060020B9FFE701208DF81700ABE1FFE7C9
:10B39000049890F88000012804D1FFE702208DF87E
:10B3A0001700A0E10499012081F88000FFE7FFE782
:10B3B0000499052081F8810004990020C1F88400D7
:10B3C0000399049AD165BDF80610049AA2F860109A
:10B3D000BDF80610049AA2F862100299049A516608
:10B3E000BDF80610049AA2F86810BDF80610049A79
:10B3F000A2F86A10049908670499486704980068DD
:10B40000C06820F4C02004990968C86004980168E5
:10B41000886820F4404088600498C06810280ED3E3
:10B42000FFE70498C06F8069B0F5804F28D1FFE72F
:10B430000498806F8069B0F5804F21D1FFE70498B0
:10B44000C068082826D3FFE70498C06F8069B0F56C
:10B45000005F07D0FFE70498C06F8069B0F5804FA8
:10B460000ED1FFE70498806F8069B0F5005F11D0BE
:10B47000FFE70498806F8069B0F5804F0AD0FFE73E
:10B48000FFE70499002081F88000FFE701208DF894
:10B49000170028E10498C068072841D8FFE70498FE
:10B4A000806F8069B0F5005F09D1FFE70498B0F8BC
:10B4B0006200013040080499A1F86200FFE7049897
:10B4C000806F8069B0F5804F09D1FFE70498B0F82C
:10B4D0006200033080080499A1F86200FFE7049835
:10B4E000C06F8069B0F5005F09D1FFE70498B0F83C
:10B4F0006A00013040080499A1F86A00FFE7049847
:10B50000C06F8069B0F5804F09D1FFE70498B0F8AB
:10B510006A00033080080499A1F86A00FFE727E079
:10B520000498C0680F2821D8FFE70498806F8069CD
:10B53000B0F5804F09D1FFE70498B0F86200013000
:10B5400040080499A1F86200FFE70498C06F806981
:10B55000B0F5804F09D1FFE70498B0F86A000130D8
:10B5600040080499A1F86A00FFE700E0FFE7FFE761
:10B570000498C16F40F6D910C0F601000864049821
:10B58000C16F40F6F110C0F60100C8630498C16FA6
:10B5900040F69910C0F60100C8640498C16F0020FD
:10B5A0000865049B19685A6ED86F3031B3F86A3059
:10B5B000F8F73AFFA8B1FFE70499D1F8840040F00A
:10B5C0001000C1F884000499012081F88100FFE790
:10B5D0000499002081F88000FFE701208DF8170012
:10B5E00081E004980168886840F48040886004988D
:10B5F000816F002008640499896FC8630499896F7A
:10B6000008650498816F40F69910C0F60100C8647F
:10B61000049B1A68D96D986F2032B3F86230F8F73E
:10B6200003FFC8B1FFE70498C06FF6F751F904991A
:10B63000D1F8840040F01000C1F884000499012082
:10B6400081F88100FFE70499002081F88000FFE77E
:10B6500001208DF8170046E00498806FC069B0F5AE
:10B66000807F0AD1FFE70498006840684FF6FF71B9
:10B6700088430499096848600CE0049800684068B1
:10B680004FF6FF718843BDF8061008440499096815
:10B690004860FFE704980168886840F400408860CB
:10B6A00004980168086940F45870086104980168BA
:10B6B000086840F00100086004984068B0F5800F09
:10B6C00007D1FFE704980168086840F4007008603B
:10B6D000FFE7FFE70499002081F88000FFE70020E2
:10B6E0008DF81700FFE79DF8170006B080BD000039
:10B6F00081B0009001B0704780B584B0039003988A
:10B70000006843F20001C4F20101884213D1FFE74F
:10B7100040F23C51C2F20041029148680989FAF7AF
:10B720009FFF0299D1F81031B1F80A2101F10A0006
:10B730008A31984739E00398006843F60001C4F263
:10B740000001884213D1FFE740F25061C2F200418C
:10B75000019148680989FAF783FF0199D1F81031FE
:10B76000B1F80A2101F10A008A3198471CE00398D8
:10B77000006843F60041C4F20001884213D1FFE79C
:10B7800040F26471C2F20041009148680989FAF7F9
:10B7900067FF0099D1F81031B1F80A2101F10A00D0
:10B7A0008A319847FFE7FFE7FFE704B080BD00005C
:10B7B00081B0009001B0704782B00190009140F2DA
:10B7C0000441C5F600010868019A9043009A1043AD
:10B7D000086002B07047000080B582B00190019807
:10B7E00005F066FA02B080BD81B0009001B07047EC
:10B7F00081B0009001B0704781B0009001B07047F7
:10B8000085B003900291FFE7039890F83C0001286F
:10B8100004D1FFE702208DF81300ABE0039901206B
:10B8200081F83C00FFE7FFE70399022081F83D0023
:10B830000398006840680190039800688068009051
:10B84000039800680021C4F20101884209D0FFE793
:10B850000398006840F20041C4F2010188420AD115
:10B86000FFE7019820F47000019002984168019868
:10B8700008430190FFE7019820F0700001900298C2
:10B88000016801980843019001980399096848608C
:10B89000039800680021C4F2010188424ED0FFE7FE
:10B8A00003980068B0F1804F48D0FFE70398006824
:10B8B00040F20041C4F2000188423FD0FFE7039804
:10B8C000006840F60001C4F20001884236D0FFE76C
:10B8D0000398006840F60041C4F2000188422DD070
:10B8E000FFE70398006840F20041C4F2010188427A
:10B8F00024D0FFE70398006841F60001C4F200017C
:10B9000088421BD0FFE70398006844F20001C4F2AC
:10B910000101884212D0FFE7039800684EF200014F
:10B92000C4F20001884209D0FFE7039800684EF294
:10B930000041C4F2000188420ED1FFE7009820F0D8
:10B940008000009002988168009808430090009859
:10B95000039909688860FFE70399012081F83D0099
:10B96000FFE70399002081F83C00FFE700208DF8F5
:10B970001300FFE79DF8130005B0704700000000BA
:10B9800080B582B00090009820B9FFE701208DF8C3
:10B99000070045E0009890F83D0040B9FFE70099A6
:10B9A000002081F83C00009800F03EF8FFE7009985
:10B9B000022081F83D00009951F8040B05F0C0FA0F
:10B9C0000099012081F84800FFE70099012081F8E3
:10B9D0003E00009981F83F00009981F840000099ED
:10B9E00081F84100009981F84200009981F84300F4
:10B9F000FFE7FFE70099012081F84400009981F8F2
:10BA00004500009981F84600009981F84700FFE75A
:10BA10000099012081F83D0000208DF80700FFE724
:10BA20009DF8070002B080BD80B588B007900798E8
:10BA3000006840F20041C4F20001884210D1FFE7E3
:10BA4000FFE744F2E840C5F60200016841F0020158
:10BA50000160006800F0020006900698FFE75FE0D2
:10BA60000798006840F60001C4F20001884219D12D
:10BA7000FFE7FFE744F2E840C5F60200016841F045
:10BA800004010160006800F0040005900598FFE7DC
:10BA90001E20029001210022FAF7CEFE0298FAF74A
:10BAA000BFFE3CE00798006840F60041C4F2000188
:10BAB000884219D1FFE7FFE744F2E840C5F60200EB
:10BAC000016841F008010160006800F0080004907E
:10BAD0000498FFE73220019001210022FAF7ACFE22
:10BAE0000198FAF79DFE19E00798006841F60001F9
:10BAF000C4F20001884210D1FFE7FFE744F2E840BA
:10BB0000C5F60200016841F040010160006800F0E4
:10BB1000400003900398FFE7FFE7FFE7FFE7FFE739
:10BB200008B080BD0000000083B00190019890F83B
:10BB30003D00012804D0FFE701208DF80B0083E0D1
:10BB40000199022081F83D0001980168C86840F021
:10BB50000100C860019800680021C4F20101884218
:10BB60004ED0FFE701980068B0F1804F48D0FFE762
:10BB70000198006840F20041C4F2000188423FD0C1
:10BB8000FFE70198006840F60001C4F20001884216
:10BB900036D0FFE70198006840F60041C4F200018A
:10BBA00088422DD0FFE70198006840F20041C4F2BE
:10BBB0000101884224D0FFE70198006841F60001A6
:10BBC000C4F2000188421BD0FFE70198006844F2EC
:10BBD0000001C4F20101884212D0FFE70198006819
:10BBE0004EF20001C4F20001884209D0FFE701983B
:10BBF00000684EF20041C4F20001884219D1FFE70B
:10BC00000198006880680721C0F201010840009097
:10BC1000009806280CD0FFE70098B0F5803F07D0C9
:10BC2000FFE701980168086840F001000860FFE73D
:10BC300006E001980168086840F001000860FFE72D
:10BC400000208DF80B00FFE79DF80B0003B0704754
:10BC500080B586B00490039100208DF80B00FFE7BB
:10BC6000049890F83C00012804D1FFE702208DF8E9
:10BC70001700D1E00499012081F83C00FFE7FFE7BD
:10BC80000499022081F83D000498006880680190C2
:10BC900001984FF68871CFF6CE7108400190019857
:10BCA00020F47F4001900198049909688860039806
:10BCB00000680090002800F09580FFE700981028A9
:10BCC00000F09080FFE70098202800F08B80FFE7CD
:10BCD0000098302800F08680FFE70098402874D054
:10BCE000FFE70098502856D0FFE7009860285FD003
:10BCF000FFE7009870282AD0FFE70098B0F5805F32
:10BD000024D0FFE70098B0F5005F35D0FFE700983A
:10BD1000B0F5801F66D0FFE70098B0F1101F61D02A
:10BD2000FFE700982021C0F2100188425AD0FFE7B7
:10BD300000983021C0F21001884253D0FFE70098EC
:10BD40004021C0F2100188424CD052E055E00498E6
:10BD50000068039B5A689968DB6805F065FA0498E7
:10BD6000006880680190019840F077000190019888
:10BD700004990968886040E004980068039B5A6849
:10BD80009968DB6805F050FA04980168886840F407
:10BD90008040886031E004980068039A5168D26856
:10BDA00005F06AFE04980068502105F059FA24E075
:10BDB00004980068039A5168D26805F085FE0498DB
:10BDC0000068602105F04CFA17E004980068039AB7
:10BDD0005168D26805F050FE04980068402105F0D3
:10BDE0003FFA0AE0049800680399096805F038FAF8
:10BDF00003E001208DF80B00FFE70499012081F892
:10BE00003D00FFE70499002081F83C00FFE79DF822
:10BE10000B008DF81700FFE79DF8170006B080BDF6
:10BE200081B0009001B0704780B584B00390039852
:10BE30000068C068029003980068006901909DF84E
:10BE400004008007002824D5FFE79DF8080080073C
:10BE500000281DD5FFE7039801686FF00200086114
:10BE6000039901200877039800688069800720B152
:10BE7000FFE70398FFF7D4FF06E0039800F058F9B6
:10BE8000039800F089FAFFE7039900200877FFE79D
:10BE9000FFE79DF804004007002825D5FFE79DF83F
:10BEA0000800400700281ED5FFE7039801686FF0DF
:10BEB00004000861039902200877039800688069EC
:10BEC00010F4407F04D0FFE70398FFF7A9FF06E0D6
:10BED000039800F02DF9039800F05EFAFFE703994C
:10BEE00000200877FFE7FFE79DF80400000700281F
:10BEF00024D5FFE79DF80800000700281DD5FFE7BF
:10BF0000039801686FF0080008610399042008771E
:10BF100003980068C069800720B1FFE70398FFF726
:10BF20007FFF06E0039800F003F9039800F034FA6D
:10BF3000FFE7039900200877FFE7FFE79DF804007B
:10BF4000C006002825D5FFE79DF80800C006002898
:10BF50001ED5FFE7039801686FF010000861039990
:10BF60000820087703980068C06910F4407F04D067
:10BF7000FFE70398FFF754FF06E0039800F0D8F8B6
:10BF8000039800F009FAFFE7039900200877FFE71C
:10BF9000FFE79DF80400C00778B1FFE79DF80800AF
:10BFA000C00748B1FFE7039801686FF0010008611E
:10BFB000039800F009FCFFE7FFE7019800F080001C
:10BFC000802806D0FFE79DF805008006002810D5E0
:10BFD000FFE79DF808000006002809D5FFE7039851
:10BFE00001686FF4025008610398FFF701FCFFE756
:10BFF000FFE79DF80500C00780B1FFE79DF8080046
:10C000000006002809D5FFE7039801686FF48070E7
:10C0100008610398FFF7E8FBFFE7FFE79DF80400DE
:10C020004006002810D5FFE79DF8080040060028CC
:10C0300009D5FFE7039801686FF040000861039895
:10C0400000F04AFCFFE7FFE79DF8040080060028A7
:10C0500010D5FFE79DF808008006002809D5FFE706
:10C06000039801686FF0200008610398FFF7C4FB94
:10C07000FFE7FFE704B080BD80B588B007900020DF
:10C08000069005900490039002900798006840F293
:10C090000041C4F2000188421ED1FFE7FFE744F2ED
:10C0A000E040C5F60200016841F00201016000684D
:10C0B00000F0020001900198FFE702200290039037
:10C0C000002104910591069040F20040C5F602005F
:10C0D00002A9FAF7F1F829E00798006841F6000193
:10C0E000C4F20001884220D1FFE7FFE744F2E040BC
:10C0F000C5F60200016841F002010160006800F02D
:10C10000020000900098FFE74FF4004002900220E8
:10C110000390002104910591069040F20040C5F67D
:10C12000020002A9FAF7C8F8FFE7FFE708B080BDF0
:10C1300081B0009001B0704780B586B00490039143
:10C14000029200208DF80700FFE7049890F83C0069
:10C15000012804D1FFE702208DF81700C0E0049900
:10C16000012081F83C00FFE7FFE7029800901428C7
:10C1700000F2A7800099DFE801F00BA4A4A424A496
:10C18000A4A43EA4A4A457A4A4A471A4A4A48A0013
:10C1900004980068039905F013F904980168886908
:10C1A00040F00800886104980168886920F0040064
:10C1B000886103980269049801688869104388615E
:10C1C00083E004980068039905F0A2F904980168D7
:10C1D000886940F40060886104980168886920F4E7
:10C1E000806088610398026904980168886940EA60
:10C1F0000220886169E004980068039905F040FA1C
:10C2000004980168C86940F00800C8610498016892
:10C21000C86920F00400C8610398026904980168A5
:10C22000C8691043C86150E004980068039905F09C
:10C23000DFFA04980168C86940F40060C861049896
:10C240000168C86920F48060C86103980269049895
:10C250000168C86940EA0220C86136E004980068B5
:10C26000039905F035FB04980168486D40F008001B
:10C27000486504980168486D20F0040048650398FB
:10C28000026904980168486D104348651DE00498F0
:10C290000068039905F084FB04980168486D40F438
:10C2A0000060486504980168486D20F48060486526
:10C2B0000398026904980168486D40EA02204865C5
:10C2C00003E001208DF80700FFE7FFE70499002055
:10C2D00081F83C00FFE79DF807008DF81700FFE7A5
:10C2E0009DF8170006B080BD80B582B00090009820
:10C2F00020B9FFE701208DF8070045E0009890F88D
:10C300003D0040B9FFE70099002081F83C0000980B
:10C3100000F03EF8FFE70099022081F83D00009907
:10C3200051F8040B04F00CFE0099012081F848003C
:10C33000FFE70099012081F83E00009981F83F0055
:10C34000009981F84000009981F84100009981F836
:10C350004200009981F84300FFE7FFE700990120C0
:10C3600081F84400009981F84500009981F8460061
:10C37000009981F84700FFE70099012081F83D000E
:10C3800000208DF80700FFE79DF8070002B080BD90
:10C3900081B0009001B0704781B0009001B070474B
:10C3A00080B590B00E900D910D9828B9FFE70E98CA
:10C3B00090F83E000B9034E00D98042805D1FFE77B
:10C3C0000E9890F83F000A9028E00D98082805D1B3
:10C3D000FFE70E9890F8400009901CE00D980C289B
:10C3E00005D1FFE70E9890F84100089010E00D98F5
:10C3F000102805D1FFE70E9890F84200079004E05E
:10C400000E9890F843000790FFE707980890FFE721
:10C4100008980990FFE709980A90FFE70A980B909F
:10C42000FFE70B98012804D0FFE701208DF83F00BB
:10C4300003E10D9828B9FFE70E99022081F83E002C
:10C4400038E00D98042806D1FFE70E99022081F804
:10C450003F0006902CE00D98082806D1FFE70E99C2
:10C46000022081F8400005901FE00D980C2806D1AD
:10C47000FFE70E99022081F84100049012E00D9828
:10C48000102806D1FFE70E99022081F842000390A0
:10C4900005E00E99022081F843000390FFE703981E
:10C4A0000490FFE704980590FFE705980690FFE7E2
:10C4B0000698FFE70E9800680D990122019204F09A
:10C4C00097FE01980E9909680022C4F20102914278
:10C4D00002902DD0FFE70E980168012040F2004243
:10C4E000C4F201029142029022D0FFE70E98016847
:10C4F000012044F20002C4F201029142029017D0DE
:10C50000FFE70E980168012044F20042C4F20102E4
:10C51000914202900CD0FFE70E9800684BF60001A4
:10C52000CBF6FE710844B0FA80F040090290FFE7B4
:10C530000298C00738B1FFE70E980168486C40F4D4
:10C5400000404864FFE70E9800680021C4F2010132
:10C5500088424ED0FFE70E980068B0F1804F48D077
:10C56000FFE70E98006840F20041C4F200018842E3
:10C570003FD0FFE70E98006840F60001C4F20001CA
:10C58000884236D0FFE70E98006840F60041C4F2BA
:10C59000000188422DD0FFE70E98006840F200416C
:10C5A000C4F20101884224D0FFE70E98006841F6EA
:10C5B0000001C4F2000188421BD0FFE70E9800681A
:10C5C00044F20001C4F20101884212D0FFE70E9844
:10C5D00000684EF20001C4F20001884209D0FFE772
:10C5E0000E9800684EF20041C4F20001884219D151
:10C5F000FFE70E98006880680721C0F2010108403B
:10C600000C900C9806280CD0FFE70C98B0F5803FF2
:10C6100007D0FFE70E980168086840F00100086045
:10C62000FFE706E00E980168086840F00100086026
:10C63000FFE700208DF83F00FFE79DF83F0010B0B6
:10C6400080BD00000000000080B588B00790069112
:10C65000079800680699002204F0CAFD079801684F
:10C6600001200022C4F20102914205902DD0FFE783
:10C6700007980168012040F20042C4F20102914291
:10C68000059022D0FFE707980168012044F20002DC
:10C69000C4F201029142059017D0FFE707980168A4
:10C6A000012044F20042C4F20102914205900CD0F4
:10C6B000FFE7079800684BF60001CBF6FE710844CF
:10C6C000B0FA80F040090590FFE70598C007D8B19F
:10C6D000FFE7FFE707980068006A41F2111108427E
:10C6E00010D1FFE707980068006A40F24441084211
:10C6F00007D1FFE707980168486C20F400404864C0
:10C70000FFE7FFE7FFE7FFE7FFE707980068006A3A
:10C7100041F21111084210D1FFE707980068006A42
:10C7200040F24441084207D1FFE7079801680868D2
:10C7300020F001000860FFE7FFE7FFE7069828B94F
:10C74000FFE70799012081F83E0038E006980428A9
:10C7500006D1FFE70799012081F83F0004902CE003
:10C760000698082806D1FFE70799012081F84000C4
:10C7700003901FE006980C2806D1FFE707990120D7
:10C7800081F84100029012E00698102806D1FFE7D8
:10C790000799012081F84200019005E007990120E6
:10C7A00081F843000190FFE701980290FFE70298AB
:10C7B0000390FFE703980490FFE70498FFE7002049
:10C7C00008B080BD0000000080B582B001900198E3
:10C7D00000680021C4F20101884207D1FFE740F65A
:10C7E0008400C2F200404068804773E0019800680E
:10C7F000B0F1804F07D1FFE740F68C00C2F2004055
:10C800004068804765E00198006840F20041C4F24A
:10C810000001884207D1FFE740F69400C2F20040D1
:10C820004068804754E00198006840F60001C4F277
:10C830000001884207D1FFE740F69C00C2F20040A9
:10C840004068804743E00198006840F60041C4F228
:10C850000001884207D1FFE740F6A400C2F2004081
:10C860004068804732E00198006841F20001C4F25C
:10C870000001884207D1FFE740F6AC00C2F2004059
:10C880004068804721E00198006841F20041C4F20D
:10C890000001884207D1FFE740F6B400C2F2004031
:10C8A0004068804710E00198006840F20041C4F2FF
:10C8B0000101884207D1FFE740F6BC00C2F2004008
:10C8C00040688047FFE7FFE7FFE7FFE7FFE7FFE795
:10C8D000FFE7FFE702B080BD81B0009001B0704774
:10C8E00083B00190FFE7019890F88400012804D1FB
:10C8F000FFE702208DF80B002CE00199012081F860
:10C900008400FFE7FFE701992420C1F8880001981F
:10C9100000680068009001980168086820F0010034
:10C920000860009820F000500090019900204866AF
:10C93000009801990968086001992020C1F88800D1
:10C94000FFE70199002081F88400FFE700208DF8BF
:10C950000B00FFE79DF80B0003B0704700000000DC
:10C9600080B586B004900391ADF80A200498D0F801
:10C970008C00202844D1FFE7039820B1FFE7BDF8E1
:10C980000A0020B9FFE701208DF817003CE0049968
:10C990000120C86604990020086704980399BDF82F
:10C9A0000A2006F009FC8DF809009DF8090010BB6B
:10C9B000FFE70498C06E012818D1FFE704980168CA
:10C9C00010200862FFE7FFE70498006850E8000FB6
:10C9D00040F010000190FFE701990498026842E8D6
:10C9E00000100028F0D1FFE7FFE703E001208DF8F9
:10C9F0000900FFE7FFE79DF809008DF8170003E045
:10CA000002208DF81700FFE79DF8170006B080BDE3
:10CA100080B58AB00990ADF822100998006841F2FB
:10CA20000001C4F20101884240F0EC80FFE7BDF84C
:10CA3000221040F6D410C2F200400690A0F808116F
:10CA4000D0F80C21BDF82210843007909047069A48
:10CA500007990998B2F80421520092B2FFF780FFBB
:10CA600045F2F030C2F2004000681021C4F2020129
:10CA7000884200F0B280FFE745F2F030C2F2004099
:10CA800000682821C4F20201884200F0A680FFE776
:10CA900045F2F030C2F2004000684021C4F20201C9
:10CAA000884200F09A80FFE745F2F030C2F2004081
:10CAB00000685821C4F20201884200F08E80FFE72E
:10CAC00045F2F030C2F2004000687021C4F2020169
:10CAD000884200F08280FFE745F2F030C2F2004069
:10CAE00000688821C4F20201884276D0FFE745F24F
:10CAF000F030C2F200400068A021C4F20201884276
:10CB00006BD0FFE745F2F030C2F200400068B82178
:10CB1000C4F20201884260D0FFE745F2F030C2F271
:10CB20000040006840F21041C4F20201884254D033
:10CB3000FFE745F2F030C2F20040006840F22841C1
:10CB4000C4F20201884248D0FFE745F2F030C2F259
:10CB50000040006840F24041C4F2020188423CD0EB
:10CB6000FFE745F2F030C2F20040006840F2584161
:10CB7000C4F20201884230D0FFE745F2F030C2F241
:10CB80000040006840F27041C4F20201884224D0A3
:10CB9000FFE745F2F030C2F20040006840F2884101
:10CBA000C4F20201884218D0FFE745F2F030C2F229
:10CBB0000040006840F2A041C4F2020188420CD05B
:10CBC000FFE745F2F030C2F20040006840F2B841A1
:10CBD000C4F2020188420AD1FFE745F2F030C2F206
:10CBE00000400168086820F00800086009E045F28C
:10CBF000F030C2F200400168086820F004000860CC
:10CC0000FFE7B5E10998006845F20001C4F20001B0
:10CC100088422FD1FFE7BDF8220040F61461C2F22E
:10CC200000410591A1F808010998B1F804215200CA
:10CC3000843192B2FFF794FE0599B1F80801B1F87A
:10CC4000041188420BDCFFE740F61460C2F200409A
:10CC5000D0F80C21BDF822108430904709E040F64E
:10CC60001460C2F20040B0F804118430F3F798FB6E
:10CC7000FFE77CE10998006847F60001C4F2000173
:10CC8000884211D1FFE7BDF8220041F23401C2F21F
:10CC90000041A1F808010998B1F80421520084313B
:10CCA00092B2FFF75DFE61E10998006847F6004126
:10CCB000C4F2000188422DD1FFE7BDF8220041F205
:10CCC0004411C2F200410491A1F808010998B1F899
:10CCD00004218431FFF744FE0499B1F80801B1F84A
:10CCE000041188420BDCFFE741F24410C2F200401D
:10CCF000D0F80C21BDF822108430904709E041F2B1
:10CD00004410C2F20040B0F804118430F3F748FB3D
:10CD1000FFE72AE10998006841F60001C4F2010129
:10CD200088422DD1FFE7BDF8220041F25421C2F222
:10CD300000410391A1F808010998B1F80421843158
:10CD4000FFF70EFE0399B1F80801B1F8041188420B
:10CD50000BDCFFE741F25420C2F20040D0F80C2176
:10CD6000BDF822108430904709E041F25420C2F20D
:10CD70000040B0F804118430F3F712FBFFE7F3E052
:10CD80000998006841F60041C4F20101884240F070
:10CD9000EA80FFE7BDF8221040F6C400C2F200406E
:10CDA0000190A0F80811D0F80C21BDF822108430B1
:10CDB00002909047019A02990998B2F80421FFF76E
:10CDC000CFFD45F20030C2F2004000681021C4F2ED
:10CDD0000201884200F0B280FFE745F20030C2F263
:10CDE000004000682821C4F20201884200F0A680B9
:10CDF000FFE745F20030C2F2004000684021C4F273
:10CE00000201884200F09A80FFE745F20030C2F24A
:10CE1000004000685821C4F20201884200F08E8070
:10CE2000FFE745F20030C2F2004000687021C4F212
:10CE30000201884200F08280FFE745F20030C2F232
:10CE4000004000688821C4F20201884276D0FFE7E2
:10CE500045F20030C2F200400068A021C4F2020195
:10CE600088426BD0FFE745F20030C2F20040006814
:10CE7000B821C4F20201884260D0FFE745F20030D9
:10CE8000C2F20040006840F21041C4F20201884240
:10CE900054D0FFE745F20030C2F20040006840F293
:10CEA0002841C4F20201884248D0FFE745F2003031
:10CEB000C2F20040006840F24041C4F202018842E0
:10CEC0003CD0FFE745F20030C2F20040006840F27B
:10CED0005841C4F20201884230D0FFE745F20030E9
:10CEE000C2F20040006840F27041C4F20201884280
:10CEF00024D0FFE745F20030C2F20040006840F263
:10CF00008841C4F20201884218D0FFE745F20030A0
:10CF1000C2F20040006840F2A041C4F2020188421F
:10CF20000CD0FFE745F20030C2F20040006840F24A
:10CF3000B841C4F2020188420AD1FFE745F200304D
:10CF4000C2F200400168086820F00800086009E0AB
:10CF500045F20030C2F200400168086820F0040089
:10CF60000860FFE7FFE7FFE7FFE7FFE7FFE7FFE70F
:10CF70000AB080BD0000000081B0009001B0704791
:10CF800080B584B002900191FFE7029890F8840088
:10CF9000012804D1FFE702208DF80F0032E002994A
:10CFA000012081F88400FFE7FFE702992420C1F8FF
:10CFB000880002980068006800900298016808687C
:10CFC00020F00100086002980068806820F060602E
:10CFD00001990843029909688860029804F038FEB4
:10CFE000009802990968086002992020C1F8880019
:10CFF000FFE70299002081F88400FFE700208DF808
:10D000000F00FFE79DF80F0004B080BD0000000096
:10D0100080B584B002900191FFE7029890F88400F7
:10D02000012804D1FFE702208DF80F0032E00299B9
:10D03000012081F88400FFE7FFE702992420C1F86E
:10D0400088000298006800680090029801680868EB
:10D0500020F00100086002980068806820F06040BD
:10D0600001990843029909688860029804F0F0FD6C
:10D07000009802990968086002992020C1F8880088
:10D08000FFE70299002081F88400FFE700208DF877
:10D090000F00FFE79DF80F0004B080BD0000000006
:10D0A00081B0009001B0704781B0009001B070472E
:10D0B00080B586B004900498D0F888000390049856
:10D0C000D0F88C0002900498006880680006002860
:10D0D00036D5FFE70398212832D1FFE7FFE7FFE7C6
:10D0E0000498006850E8020F20F080000190FFE7EC
:10D0F00001990498026842E802100028F0D1FFE785
:10D10000FFE70498C06FB8B1FFE70498C06FF4F769
:10D11000DFFB80B1FFE70498C06FF5F7EDFB202837
:10D1200008D1FFE704991020C1F8900003208DF882
:10D13000170049E0FFE7FFE7049805F071F8FFE703
:10D140000498006880684006002839D5FFE70298F7
:10D15000222835D1FFE7FFE7FFE70498006850E891
:10D16000020F20F040000090FFE700990498026849
:10D1700042E802100028F0D1FFE7FFE70498D0F85A
:10D180008000C8B1FFE70498D0F88000F4F7A0FB56
:10D1900088B1FFE70498D0F88000F5F7ADFB2028B0
:10D1A00008D1FFE704991020C1F8900003208DF802
:10D1B000170009E0FFE7FFE7049804F0BDFFFFE771
:10D1C00000208DF81700FFE79DF8170006B080BD1E
:10D1D00081B0009001B0704780B592B01190119865
:10D1E0000068C06910901198006800680F9011984D
:10D1F000006880680E90109840F60F0108400D906E
:10D200000D98E0B9FFE79DF840008006002815D58D
:10D21000FFE79DF83C008006002806D4FFE79DF854
:10D220003B00C006002809D5FFE71198406F20B1E8
:10D23000FFE71198416F8847FFE74AE3FFE70D9842
:10D24000002800F00C81FFE70E980121C1F20001D7
:10D25000084209D1FFE70F9840F22011C0F20041C7
:10D26000084200F0FC80FFE79DF84000C00788B14D
:10D27000FFE79DF83D00C00760B1FFE71198016826
:10D28000012008621199D1F8900040F00100C1F826
:10D290009000FFE79DF840008007002811D5FFE7C8
:10D2A0009DF83800C00760B1FFE7119801680220BF
:10D2B00008621199D1F8900040F00400C1F8900084
:10D2C000FFE79DF840004007002811D5FFE79DF8D3
:10D2D0003800C00760B1FFE71198016804200862B8
:10D2E0001199D1F8900040F00200C1F89000FFE7DA
:10D2F0009DF840000007002819D5FFE79DF83C0085
:10D300008006002807D4FFE70E980121C1F2000132
:10D3100008420CD0FFE711980168082008621199B3
:10D32000D1F8900040F00800C1F89000FFE79DF8A8
:10D3300041000007002813D5FFE79DF83F00400794
:10D3400000280DD5FFE7119801684FF400600862CE
:10D350001199D1F8900040F02000C1F89000FFE74B
:10D360001198D0F89000002878D0FFE79DF8400091
:10D370008006002815D5FFE79DF83C0080060028B0
:10D3800006D4FFE79DF83B00C006002809D5FFE75B
:10D390001198406F20B1FFE71198416F8847FFE770
:10D3A000FFE71198D0F890000C9011980068806801
:10D3B00000F04000402806D0FFE79DF8300010F054
:10D3C000280F42D0FFE7119804F0B6FE11980068CC
:10D3D00080684006002833D5FFE7FFE7FFE7119894
:10D3E000006850E8020F20F040000B90FFE70B9917
:10D3F0001198026842E802100028F0D1FFE7FFE729
:10D400001198D0F88000B0B1FFE71198D0F88010E3
:10D4100041F66970C0F6010008651198D0F88000E7
:10D42000F4F712FF30B1FFE71198D0F88000016DDA
:10D430008847FFE703E01198FFF7CAFEFFE703E024
:10D440001198FFF7C5FEFFE707E01198FFF7C0FE50
:10D4500011990020C1F89000FFE7FFE739E2119829
:10D46000C06E012840F0D681FFE79DF84000C0065D
:10D47000002840F1CF81FFE79DF83C00C00600285E
:10D4800040F1C881FFE711980168102008621198E7
:10D49000006880684006002840F15A81FFE7119833
:10D4A000D0F8800000681021C4F20201884200F028
:10D4B000A280FFE71198D0F8800000682821C4F20C
:10D4C0000201884200F09780FFE71198D0F88000B1
:10D4D00000684021C4F20201884200F08C80FFE71E
:10D4E0001198D0F8800000685821C4F202018842E7
:10D4F00000F08180FFE71198D0F88000006870216B
:10D50000C4F20201884276D0FFE71198D0F880007B
:10D5100000688821C4F2020188426CD0FFE71198AC
:10D52000D0F880000068A021C4F20201884262D0D5
:10D53000FFE71198D0F880000068B821C4F202011A
:10D54000884258D0FFE71198D0F88000006840F278
:10D550001041C4F2020188424DD0FFE71198D0F883
:10D560008000006840F22841C4F20201884242D0A3
:10D57000FFE71198D0F88000006840F24041C4F203
:10D580000201884237D0FFE71198D0F88000006888
:10D5900040F25841C4F2020188422CD0FFE71198B2
:10D5A000D0F88000006840F27041C4F20201884265
:10D5B00021D0FFE71198D0F88000006840F2884140
:10D5C000C4F20201884216D0FFE71198D0F880001B
:10D5D000006840F2A041C4F2020188420BD0FFE78C
:10D5E0001198D0F88000006840F2B841C4F20201FE
:10D5F000884207D1FFE71198D0F8800000684068A2
:10D60000019006E01198D0F8800000684068019011
:10D61000FFE70198ADF82A00BDF82A0000287BD06A
:10D62000FFE7BDF82A001199B1F85C10884273DA5F
:10D63000FFE7BDF82A001199A1F85E001198D0F813
:10D640008000C069B0F5807F59D0FFE7FFE7FFE7B2
:10D650001198006850E8000F20F480700990FFE7EF
:10D6600009991198026842E800100028F0D1FFE7FC
:10D67000FFE7FFE7FFE71198006850E8020F20F08E
:10D6800001000890FFE708991198026842E802102B
:10D690000028F0D1FFE7FFE7FFE7FFE711980068F8
:10D6A00050E8020F20F040000790FFE7079911981B
:10D6B000026842E802100028F0D1FFE7FFE7119965
:10D6C0002020C1F88C0011990020C866FFE7FFE711
:10D6D0001198006850E8000F20F010000690FFE756
:10D6E00006991198026842E800100028F0D1FFE77F
:10D6F000FFE71198D0F88000F4F7EAF8FFE71199F6
:10D70000022008671198B0F85C10B0F85E20891A02
:10D7100089B2FFF77DF91AE0BDF82A001199B1F836
:10D720005C10884212D1FFE71198D0F88000C069E0
:10D73000B0F5807F09D1FFE71199022008671198A1
:10D74000B0F85C10FFF764F9FFE7FFE7FFE7C0E020
:10D750001199B1F85C00B1F85E10401AADF81600EE
:10D760001198B0F85E00002853D0FFE7BDF816000E
:10D7700000284ED0FFE7FFE7FFE71198006850E868
:10D78000000F20F490700490FFE70499119802684C
:10D7900042E800100028F0D1FFE7FFE7FFE7FFE7CE
:10D7A0001198006850E8020F4FF6FE71CEF6FF7137
:10D7B00008400390FFE703991198026842E80210BD
:10D7C0000028EDD1FFE7FFE711992020C1F88C0078
:10D7D00011990020C86611994867FFE7FFE7119883
:10D7E000006850E8000F20F010000290FFE7029957
:10D7F0001198026842E800100028F0D1FFE7FFE727
:10D800001199022008671198BDF81610FFF700F96A
:10D81000FFE75EE09DF84200C00600280FD5FFE755
:10D820009DF83A004006002809D5FFE711980168E5
:10D830004FF4801008621198FFF736FC49E09DF81C
:10D8400040000006002815D5FFE79DF83C000006C3
:10D85000002806D4FFE79DF83A000006002809D505
:10D86000FFE71198806F20B1FFE71198816F88471B
:10D87000FFE72EE09DF84000400600280AD5FFE7AC
:10D880009DF83C004006002804D5FFE7119804F0FD
:10D89000A3FC1EE09DF84200000600280AD5FFE721
:10D8A0009DF83F004006002804D5FFE71198FFF7D8
:10D8B000F7FB0EE09DF84300C00750B1FFE79DF86D
:10D8C0003F000006002804D5FFE71198FFF754FB3E
:10D8D000FFE712B080BD000080B582B000900098D4
:10D8E00020B9FFE701208DF8070046E00098806925
:10D8F00008B1FFE700E0FFE70098D0F8880040B9E2
:10D90000FFE70099002081F88400009800F03CF8BF
:10D91000FFE700992420C1F8880000980168086892
:10D9200020F0010008600098806A20B1FFE70098AD
:10D9300004F0D2F9FFE7009804F016FF012804D1A3
:10D94000FFE701208DF8070017E00098016848689C
:10D9500020F49040486000980168886820F02A0010
:10D96000886000980168086840F00100086000982D
:10D9700004F056FA8DF80700FFE79DF8070002B0A3
:10D9800080BD00000000000080B5E0B05F90002086
:10D990005E905D905C905B905A902CA8B821F2F755
:10D9A000FFFC5F98006845F20001C4F20001884264
:10D9B00040F09880FFE700202D9002212C914990A3
:10D9C0002CA8FAF71DFC18B1FFE7F3F771FDFFE78C
:10D9D000FFE744F2E840C5F60200016841F4801117
:10D9E0000160006800F480102B902B98FFE7FFE7A0
:10D9F00044F2E040C5F60200016841F00401016014
:10DA0000006800F004002A902A98FFE7FFE744F23C
:10DA1000E040C5F60200016841F0080101600068BD
:10DA200000F0080029902998FFE74FF480505A90A1
:10DA300002201A905B9000201D905C905D90082061
:10DA40001B905E9040F60000C5F602005AA91C919A
:10DA5000F8F732FC1A9B1B981C991D9A4FF0040C86
:10DA6000CDF868C15B935C925D925E9040F6004099
:10DA7000C5F60200F8F720FC1D9945F23000C2F20D
:10DA800000401E901022C4F2020202604122426055
:10DA90008160C1604FF480620261416181614FF435
:10DAA0008072C2614FF4403202624162F6F70CF8B4
:10DAB00018B1FFE7F3F7FCFCFFE7FFE75F9845F2DB
:10DAC0003001C2F20041C0F880105F988863FFE720
:10DAD0003520199003210022F8F7AEFE1998F8F7C7
:10DAE0009FFE42E35F98006847F60001C4F2000120
:10DAF000884271D1FFE700202D9002212C9149909E
:10DB00002CA8FAF77DFB18B1FFE7F3F7D1FCFFE78C
:10DB1000FFE744F2E840C5F60200016841F08041A9
:10DB20000160006800F0804028902898FFE7FFE738
:10DB300044F2E040C5F60200016841F010010160C6
:10DB4000006800F0100027902798FFE74FF4C0709E
:10DB50005A9002205B90002017905C905D90072007
:10DB60005E9041F20000C5F602005AA9F8F7A4FB46
:10DB7000179945F2A800C2F2004018908822C4F21A
:10DB8000020202604F2242608160C1604FF48062F5
:10DB90000261416181614FF48072C2610162416240
:10DBA000F5F792FF18B1FFE7F3F782FCFFE7FFE715
:10DBB0005F9845F2A801C2F20041C0F880105F985A
:10DBC0008863FFE75220169002210122F8F734FE05
:10DBD0001698F8F725FEC7E25F98006847F60041FF
:10DBE000C4F20001884240F09980FFE700202D90A8
:10DBF00002212C9149902CA8FAF702FB18B1FFE7FB
:10DC0000F3F756FCFFE7FFE744F2E840C5F60200F1
:10DC1000016841F000410160006800F0004026907A
:10DC20002698FFE7FFE744F2E040C5F602000168EE
:10DC300041F010010160006800F010002590259867
:10DC4000FFE703205A9002205B90002014905C9024
:10DC50005D9008205E9041F20000C5F602005AA9CE
:10DC6000F8F72AFB149945F22010C2F200401590F3
:10DC7000A022C4F202020260512242608160C160AF
:10DC80004FF480620261416181614FF48072C26130
:10DC900001624162F5F718FF18B1FFE7F3F708FCDE
:10DCA000FFE7FFE75F9845F22011C2F20041C0F89C
:10DCB00080105F988863FFE745F29810C2F2004039
:10DCC0001390B821C4F20201016052214160402149
:10DCD00081600021C1604FF4806202614161816115
:10DCE000C16101624162F5F7EFFE18B1FFE7F3F79A
:10DCF000DFFBFFE7FFE75F9845F29811C2F20041B2
:10DD0000C1675F988863FFE75320129002210022C9
:10DD1000F8F792FD1298F8F783FD24E25F98006807
:10DD200041F60001C4F20101884240F09B80FFE708
:10DD300000202D9001212C914A902CA8FAF760FA2E
:10DD400018B1FFE7F3F7B4FBFFE7FFE744F2F04059
:10DD5000C5F60200016841F040010160006800F072
:10DD6000400024902498FFE7FFE744F2E040C5F626
:10DD70000200016841F008010160006800F008003D
:10DD800023902398FFE74FF440405A9002205B9085
:10DD9000002010905C905D900B205E9040F600405B
:10DDA000C5F602005AA9F8F787FA109945F2102033
:10DDB000C2F20040119040F21042C4F2020202602E
:10DDC000742242608160C1604FF4806202614161EF
:10DDD00081614FF48072C26101624162F5F774FEA5
:10DDE00018B1FFE7F3F764FBFFE7FFE75F9845F241
:10DDF0001021C2F20041C0F880105F988863FFE7ED
:10DE000045F28820C2F200400F907021C4F2020156
:10DE1000016075214160402181600021C1604FF4A3
:10DE20008062026141618161C16101624162F5F715
:10DE30004BFE18B1FFE7F3F73BFBFFE7FFE75F9807
:10DE400045F28821C2F20041C1675F988863FFE70D
:10DE50009B200E9001210022F8F7EEFC0E98F8F7B7
:10DE6000DFFC7FE15F98006841F20001C4F201012C
:10DE7000884240F0A980FFE700202D9001212C91DD
:10DE80004A902CA8FAF7BCF918B1FFE7F3F710FB9A
:10DE9000FFE7FFE744F2F040C5F60200016841F0F9
:10DEA00010010160006800F0100022902298FFE746
:10DEB000FFE744F2E040C5F60200016841F00101CD
:10DEC0000160006800F0010021902198FFE74FF405
:10DED000C0605A9002205B9000200C905C90032060
:10DEE0000B905D9007205E900020C5F602005AA9B5
:10DEF000F8F7E2F90B9A0C9945F2F030C2F20040C3
:10DF00000D9040F22843C4F20203036029234360CA
:10DF10008160C1604FF48063036141618161C161CF
:10DF20004FF400330362042343628262C1620163DF
:10DF3000F5F7CAFD18B1FFE7F3F7BAFAFFE7FFE715
:10DF40005F9845F2F031C2F20041C0F880105F984E
:10DF50008863FFE745F26840C2F200400A9040F251
:10DF60004041C4F2020101602A21416040218160E8
:10DF70000021C1604FF48062026141618161C16131
:10DF80004FF4803202620422426203228262C16242
:10DF90000163F5F799FD18B1FFE7F3F789FAFFE799
:10DFA000FFE75F9845F26841C2F20041C1675F98A0
:10DFB0008863FFE72520099002210022F8F73CFC46
:10DFC0000998F8F72DFCCCE05F98006841F6004115
:10DFD000C4F20101884240F0C380FFE700202D9089
:10DFE00001212C914A902CA8FAF70AF918B1FFE701
:10DFF000F3F75EFAFFE7FFE744F2F040C5F60200F0
:10E00000016841F080010160006800F0800020900C
:10E010002098FFE7FFE744F2E040C5F60200016800
:10E0200041F010010160006800F010001F901F987F
:10E03000FFE7042005905A90022102915B91002194
:10E0400007915C91032106915D915E9041F2000081
:10E05000C5F6020003905AA90491F8F72DF9DDF8EE
:10E0600008C003980499069A079B4FF0080ECDF854
:10E0700068E1CDF86CC15C935D920B225E92F8F77B
:10E080001BF9059B069A079945F20030C2F2004041
:10E09000089040F2580CC4F2020CC0F800C04FF0D7
:10E0A000760CC0F804C08160C1604FF4806CC0F889
:10E0B00010C041618161C1614FF4003CC0F820C0D3
:10E0C00043628262C1620163F5F7FEFC18B1FFE7AB
:10E0D000F3F7EEF9FFE7FFE75F9845F20031C2F290
:10E0E0000041C0F880105F988863FFE745F2783000
:10E0F000C2F20040019040F27041C4F2020101609E
:10E1000077214160402181600021C1604FF480622D
:10E11000026141618161C1614FF4003202620422F7
:10E12000426203228262C1620163F5F7CDFC18B13D
:10E13000FFE7F3F7BDF9FFE7FFE75F9845F27831B6
:10E14000C2F20041C1675F988863FFE79C2000909E
:10E1500001210022F8F770FB0098F8F761FBFFE758
:10E16000FFE7FFE7FFE7FFE7FFE760B080BD0000E4
:10E1700081B0009001B0704781B0009001B070474D
:10E1800080B582B00190019845F6F051C2F200418D
:10E19000884213D1FFE746F2E800C2F2004008F0DF
:10E1A0003BFEB0EE401AB7EE000A80EE010A44F6DC
:10E1B0004840C2F2004080ED000AFFE702B080BD97
:10E1C000FFE7FEE70000000080B58AB08DED090A88
:10E1D000CDED080A8DED071ACDED061A8DED052A55
:10E1E000CDED042A03900399012008700998039942
:10E1F000C1F8B40108980399C1F8B80107980399C8
:10E20000C1F8BC0103994CF67740C3F22B20C1F84A
:10E21000D0010399002081F838010399C1F8440125
:10E22000C1F840010399C1F84C01C1F848010498B4
:10E230000399C1F8AC019DED060AB7EE001AB4EEE1
:10E24000410AF1EE10FA04DDFFE74FF07E50069030
:10E25000FFE706980399C1F8D40105980399C1F81E
:10E26000900103980430062100220092032300F05D
:10E270009FFB039901F5E27001F5E673012201921B
:10E28000114613F0C5FF00990198039AD2F8EC30BB
:10E290004FF07E521A60039AD2F8EC205160039A34
:10E2A000D2F8EC209160039AD2F8EC20D160039A66
:10E2B00047F68161C0F60101C2F8D010039A48F216
:10E2C000B141C0F60101C2F8D410039A47F61951C2
:10E2D000C0F60101C2F8D810039A47F6D161C0F622
:10E2E0000101C2F8DC10039981F82E00039981F82E
:10E2F0002F000398D0F8040144F2A431C0F60201C3
:10E3000090220292F2F733F8029A0398D0F8FC00B8
:10E3100040F25401C2F20041F2F729F80AB080BD80
:10E3200080B590B009A9069181ED060AC1ED050AF4
:10E3300081ED041AC1ED031A81ED022AC1ED012A13
:10E3400081ED003A08900898007880B9FFE70898B6
:10E35000B2EE040ADFEDD20A9FEDD21AF7EE001AF0
:10E36000DFEDD12AB0EE622AFFF72EFFFFE7069815
:10E370000999089AC2F8C01190ED060A089991ED22
:10E38000581A30EE410A81ED5B0A90ED050A0899B2
:10E3900091ED591A30EE410A81ED5C0A90ED040AC4
:10E3A000089991ED5A1A30EE410A81ED5D0A0899FB
:10E3B00091ED5B0AB6EE001A20EE010A90ED002AFC
:10E3C00020EE020A42F2C471C2F20041059181EDD1
:10E3D000000A089991ED5C0A20EE010A90ED002AEE
:10E3E00020EE020A42F2C871C2F20041049181EDAE
:10E3F000000A089991ED5D0A20EE010A90ED001ADD
:10E4000020EE010A42F2CC70C2F20040039080ED8F
:10E41000000A0898D0F8040144F2A431C0F60201C1
:10E420009022F1F7A4FF039A0499059890ED000A51
:10E43000B1EE400A089BD3F8043183ED010A91ED57
:10E44000000AB1EE400A089BD3F8043183ED020ABA
:10E4500092ED000AB1EE400A089BD3F8043183ED37
:10E46000030A0368DDF820C0DCF804C1CCF81830DA
:10E470001368DDF820C0DCF804C1CCF8203091ED41
:10E48000000AB1EE400A089BD3F8043183ED090A73
:10E490000B68DDF820C0DCF804C1CCF8303092ED18
:10E4A000000AB1EE400A089BD3F8043183ED0D0A4F
:10E4B0000368DDF820C0DCF804C1CCF83C301268F9
:10E4C000089BD3F804319A640968089AD2F80421A9
:10E4D000D16490ED000AB1EE400A0898D0F804012A
:10E4E00080ED140A0899D1F84801D1F84C1108437D
:10E4F00068B9FFE70C980899C1F878010B9808995A
:10E50000C1F87C010A980899C1F88001FFE70699D3
:10E51000089890ED5E0A90ED641A90ED703A20EE46
:10E52000010A33EE012A80EE020A91ED031A21EE70
:10E53000031A81EE021A30EE010A80ED5E0A089895
:10E5400090ED5F0A90ED641A90ED703A20EE010AAA
:10E5500033EE012A80EE020A91ED021A21EE031A2F
:10E5600081EE021A30EE010A80ED5F0A089890ED04
:10E57000600A90ED641A90ED703A20EE010A33EED5
:10E58000012A80EE020A91ED011A21EE031A81EEB2
:10E59000021A30EE010A80ED600A089890ED5E2ABA
:10E5A00090ED5F0A90ED601A20EE000AA2EE020ADA
:10E5B000A1EE010A0AF0B4F842F2C070C2F20040C3
:10E5C00080ED000A00208DF81F00FFE79DF81F0076
:10E5D00002281BDCFFE708989DF81F1000EB810262
:10E5E00092ED5E0A42F2C072C2F2004292ED001A4F
:10E5F00020EE010A806800EB810080ED000AFFE751
:10E600009DF81F0001308DF81F00DFE7089890ED9E
:10E610005B2A90ED5C0A90ED5D1A20EE000AA2EEF6
:10E62000020AA1EE010A0AF07BF8B0EE401AB7EE3A
:10E63000000A80EE011A089880ED651A42F2C07057
:10E64000C2F2004090ED001A80EE010A089880EDB9
:10E65000660A089890ED650A9FEDAE1AB4EE410A7D
:10E66000F1EE10FA22DAFFE7089890ED660A9FEDC6
:10E67000AA1AB4EE410AF1EE10FA17DDFFE7089886
:10E6800090ED660A9FEDA51AB4EE410AF1EE10FA7C
:10E690000CDAFFE70899012081F839010BE000BF8F
:10E6A0006F12833A8096184B0000000008990020F2
:10E6B00081F83901FFE7089890ED6D0A90ED701A26
:10E6C00020EE010AD0F8180180ED000A089890EDBC
:10E6D0006D0A90ED701A20EE010AD0F8180180ED55
:10E6E000070A089890ED6D0A90ED701A20EE010A65
:10E6F000D0F8180180ED0E0A089890ED6D0A90EDA3
:10E70000701A20EE010AD0F8180180ED150A089859
:10E7100090ED6E0A90ED701A20EE010AD0F8180103
:10E7200080ED1C0A089890ED6E0A90ED701A20EEAC
:10E73000010AD0F8180180ED230A0898D0F81C11BE
:10E74000D0F8BC0108600898D0F81C11D0F8BC01C2
:10E7500008610898D0F81C11D0F8BC01086208992B
:10E76000081D00F055FD089948680068C1F850017F
:10E77000089948684068C1F8540108994868806859
:10E78000C1F8580108994868C068C1F85C01089947
:10E7900048680069C1F86001089948684069C1F893
:10E7A00064010899D1F8AC01C1F86801089890EDAE
:10E7B000542A90ED551A90ED560A90ED573A21EEF5
:10E7C000000AA2EE030A30EE000A21EE011AA2EEC0
:10E7D000021AB0EE002A8DED012AFFEE000ACDEDFF
:10E7E000000AE1EE020A14F0DFFCDDED000A9DED07
:10E7F000012A9FED4B1A8DED021A20EE010A0898AE
:10E8000080ED6A0A089890ED543A90ED554A90EDE3
:10E81000560A90ED571A20EE010AA3EE040A30EED4
:10E82000000A21EE011AA3EE031AE1EE020A14F027
:10E83000BBFC9DED021A20EE010A089880ED690AE2
:10E84000089890ED540A90ED551A90ED563A90EDD7
:10E85000572A20EE030A91EE020AB8EE001A20EEC3
:10E86000010A14F00BFC9DED021A20EE010A089833
:10E8700080ED680A089890ED6A0A90ED771A30EEFC
:10E88000410A9FED281AB4EE410AF1EE10FA07DDB5
:10E89000FFE70899B1F8D8010138A1F8D80116E0CE
:10E8A000089890ED6A0A90ED771A30EE410A9FEDD4
:10E8B0001E1AB4EE410AF1EE10FA07DAFFE70899E2
:10E8C000B1F8D8010130A1F8D801FFE7FFE70898B7
:10E8D000B0F9D81100EE101AB8EEC01A90ED6A0A1D
:10E8E0009FED122AA1EE020A80ED6C0A0899D1F878
:10E8F000A801C1F8DC010899D1F84821D1F84C01F0
:10E90000013240F10000C1F84821C1F84C0110B0BB
:10E9100080BD00BF9A99993ECDCC1441CDCC244105
:10E92000E12E654200003443000034C30000B443CC
:10E9300083B0029001918DF8032000208DF8020031
:10E940008DF80200FFE79DF802009DF80310884251
:10E9500029DAFFE70298000F092809D8FFE7029893
:10E96000000F303001999DF8022001F8120009E0F3
:10E970000299372000EB117001999DF8022001F8EF
:10E980001200FFE702980001029001989DF8021022
:10E9900000EB410100204870FFE79DF802000130C4
:10E9A0008DF80200CFE703B07047000000000000C0
:10E9B00080B58AB009908DF823108DF822208DF84B
:10E9C000213046F2F201C2F2004106910420088093
:10E9D00046F2F001C2F20041082008809DF82300B1
:10E9E000099908739DF82200099948739DF8210040
:10E9F000099988730999002008749DF8210015F081
:10EA0000A1FB09994861099840699DF82110F1F727
:10EA1000C7FC069800889DF82110484315F092FB2A
:10EA20000699099A90610998806909889DF82120C2
:10EA30005143F1F7B5FC069800889DF82110484332
:10EA400015F080FB0699099AD0610998C069098878
:10EA50009DF821205143F1F7A3FC069800889DF80A
:10EA60002310484315F06EFB0699099A1062099825
:10EA7000006A09889DF823205143F1F791FC9DF825
:10EA8000210015F05FFB099948620998406A9DF8DA
:10EA90002110F1F785FC069800889DF82310484363
:10EAA00015F050FB0699099A1060099800680988CA
:10EAB0009DF823205143F1F773FC069800889DF8D8
:10EAC0002110484315F03EFB0699099A50600998B9
:10EAD000406809889DF821205143F1F761FC0698B0
:10EAE00000889DF82210484315F02CFB0699099ADE
:10EAF00090600998806809889DF822205143F1F7B9
:10EB00004FFC069800889DF82310484315F01AFB27
:10EB10000699099AC2F8E8000998D0F8E80009882F
:10EB20009DF823205143F1F73BFC099A02F1300094
:10EB3000117BD2F8E8300122079213F069FB0698A6
:10EB400000889DF82310484315F0FCFA0699099AAD
:10EB5000C2F8EC000998D0F8EC0009889DF8232051
:10EB60005143F1F71DFC079A099B03F13800197B0B
:10EB7000D3F8EC3013F04CFB9DF8220010B3FFE704
:10EB800046F2F200C2F20040059000889DF8221083
:10EB9000484315F0D7FA0599099AC2F8F000099888
:10EBA000D0F8F00009889DF822205143F1F7F8FBD6
:10EBB000099A02F14000517BD2F8F030012213F0A3
:10EBC00027FBFFE746F2F200C2F200400490008803
:10EBD0009DF82110484315F0B5FA0499099AC2F836
:10EBE000F4000998D0F8F40009889DF821205143D9
:10EBF000F1F7D6FB099A02F14800917BD2F8F43084
:10EC0000012213F005FB049800889DF82310484367
:10EC1000484315F097FA0499099AC2F8F800099840
:10EC2000D0F8F80009889DF8232051435143F1F7AB
:10EC3000B7FB099901F150000A7BD1F8F830114671
:10EC400013F0E6FA049800889DF8231048434843DF
:10EC500015F078FA0499099AC2F8FC000998D0F8DE
:10EC6000FC0009889DF8232051435143F1F798FB9C
:10EC7000099901F158000A7BD1F8FC30114613F0D4
:10EC8000C7FA049800889DF823104843484315F0BC
:10EC900059FA01460498099AC2F8001100889DF8B3
:10ECA00023104843484315F04DFA0499099AC2F8D5
:10ECB00004010998D0F8000109889DF823205143E8
:10ECC0005143F1F76DFB04990998D0F804010988C4
:10ECD0009DF8232051435143F1F762FB099901F15B
:10ECE00060000A7BD1F80031114613F091FA0999BE
:10ECF00001F168000A7BD1F80431114613F088FA5B
:10ED00009DF8220040B3FFE746F2F200C2F2004055
:10ED1000039000889DF8231048439DF82210484333
:10ED200015F010FA0399099AC2F808010998D0F869
:10ED3000080109889DF8232051439DF82220514362
:10ED4000F1F72EFB099B03F17000197B5A7BD3F876
:10ED5000083113F05DFAFFE746F2F200C2F200401C
:10ED6000019000889DF8211048439DF823104843E6
:10ED700015F0E8F901460198099AC2F80C110088CB
:10ED80009DF8231048439DF82110484315F0DAF907
:10ED90000199099AC2F810010998D0F80C01098864
:10EDA0009DF8212051439DF823205143F1F7F8FAB3
:10EDB00001990998D0F8100109889DF82320514342
:10EDC0009DF821205143F1F7EBFA099B03F17800FC
:10EDD0001A7B997BD3F80C3113F01AFA099B03F1D3
:10EDE0008000197B9A7BD3F8103113F011FA019847
:10EDF00000889DF823104843484315F0A3F9019972
:10EE0000099AC2F814010998D0F8140109889DF8EC
:10EE1000232051435143F1F7C3FA099901F18800C6
:10EE20000A7BD1F81431114613F0F2F901980088E9
:10EE30009DF821104843484315F084F90199099A37
:10EE4000C2F818010998D0F8180109889DF8212006
:10EE500051435143F1F7A4FA099901F190008A7BDB
:10EE6000D1F81831114613F0D3F9019800889DF8B4
:10EE7000231048439DF82110484315F063F9019988
:10EE8000099AC2F81C010998D0F81C0109889DF85C
:10EE9000232051439DF821205143F1F781FA099B2A
:10EEA00003F19800197B9A7BD3F81C3113F0B0F969
:10EEB000019800880999097B4843484315F042F9B5
:10EEC00001460198099AC2F8201100880999097B26
:10EED0004843484315F036F901460198099AC2F8AB
:10EEE000241100880999097B4843484315F02AF901
:10EEF00001460198099AC2F8281100880999097BEE
:10EF0000484315F01FF901460198099AC2F82C11DF
:10EF100000880999097B484315F014F90999C1F84B
:10EF20003001099901F1A0000A7BD1F82031114686
:10EF300013F06EF9099901F1A8000A7BD1F8243188
:10EF4000114613F065F9099901F1B0000A7BD1F877
:10EF50002831114613F05CF9099A02F1B800117BCF
:10EF6000D2F82C310122029213F052F9029A099B35
:10EF700003F1C000197BD3F8303113F049F9099936
:10EF8000002081F82800099981F82900099981F861
:10EF90002A00099981F82B00099981F82C000AB000
:10EFA00080BD00000000000080B582B00190019893
:10EFB000C07B20B1FFE7019808F0AEFD16E0019B91
:10EFC000D3F8F400596846F2F202C2F2004200920D
:10EFD00012889B7B5A43F1F7CAF90099019A50684D
:10EFE0000988927B5143F1F7DBF9FFE7019BD3F8E6
:10EFF000F000996846F2F202C2F2004212885B7B8E
:10F000005A43F1F7B4F902B080BD000000000000DF
:10F0100080B582B00190019890F82C00B0BBFFE75A
:10F020000199B1F89800A1F8A8000199B1F87A0007
:10F03000A1F8AA000199B1F8A800A1F8B0000199BF
:10F04000B1F85A00A1F8B200019A02F1980002F159
:10F050007801A83213F0D0FB019981F8C800019A19
:10F0600002F1A80002F15801B03213F0C5FB01997A
:10F0700081F8C800019A02F1580002F1B001503243
:10F0800013F076FC019981F8C800FFE702B080BD5B
:10F0900080B582B00190019890F82900A8BBFFE7E5
:10F0A000019901F16000683113F096FC019981F833
:10F0B000C800019A02F1600002F15001583213F0C9
:10F0C0009BFB019981F8C8000199B1F85800A1F89B
:10F0D000A8000199B1F86A00A1F8AA00019A02F10A
:10F0E000580002F16801A83213F086FB019981F8FB
:10F0F000C800019A02F1A80002F18801583213F009
:10F1000053F8019981F8C800FFE702B080BD000004
:10F1100080B582B00190019890F82A00002872D141
:10F12000FFE7019901F17800803113F055FC019956
:10F1300081F8C8000199B1F87800A1F8A8000199F8
:10F14000B1F85A00A1F8AA00019A02F1780002F180
:10F150005801A83213F050FB019981F8C8000199B9
:10F16000B1F8A800A1F8B0000199B1F88200A1F8A7
:10F17000B200019A02F1A80002F18001B03213F04E
:10F180003BFB019981F8C8000199B1F89000A1F802
:10F19000A0000199B1F89200A1F8A200019A02F131
:10F1A000B00002F19001A03212F0FEFF019981F847
:10F1B000C800019901F1A000B03113F03DF80199A8
:10F1C00081F8C8000199B1F85800A1F8A800019988
:10F1D000B1F88200A1F8AA00019A02F1580002F1E8
:10F1E0008001A83213F008FB019981F8C800019A48
:10F1F00002F1A80002F1B001983213F0FDFA019972
:10F2000081F8C800FFE702B080BD000000000000E8
:10F2100080B584B0039002910398FFF7C5FE039870
:10F22000D0F8CC0030B1FFE70398D0F8CC20029999
:10F230009047FFE7039800F0BBF80398D0F8D000A0
:10F2400030B1FFE70398D0F8D02002999047FFE74C
:10F250000398FFF71DFF0398D0F8D40030B1FFE703
:10F260000398D0F8D42002999047FFE70398007CD8
:10F2700020B9FFE70398C07B00BBFFE70398FFF7C7
:10F2800047FF0398D0F8D80030B1FFE70398D0F8D3
:10F29000D82002999047FFE7039800F0DDF8039823
:10F2A000D0F8DC0030B1FFE70398D0F8DC200299F9
:10F2B0009047FFE70398FFF7ABFE1BE0039BD3F8F3
:10F2C000E800D3F8EC1046F2F202C2F200420092DB
:10F2D00012881B7B5A43F1F74AF8009A039BD3F834
:10F2E000F800D3F8FC1012881B7B5A435A43F1F7FD
:10F2F0003EF8FFE70398D0F8E00030B1FFE703984D
:10F30000D0F8E02002999047FFE700208DF8070031
:10F31000FFE79DF807000399097B88422CDAFFE795
:10F320000398D0F8F8209DF80710037B11FB031316
:10F3300002EB830292ED000A006A00EB810090ED7F
:10F34000001AB4EE410AF1EE10FA0EDAFFE7039B61
:10F35000186A9DF8072050F82200D3F8F8101B7B9C
:10F3600012FB032241F82200FFE7FFE79DF80700A8
:10F3700001308DF80700CCE7039B1868D3F8E8103C
:10F3800046F2F202C2F2004212881B7B5A43F0F7A7
:10F39000EEFF0398D0F8E40030B1FFE70398D0F80F
:10F3A000E42002999047FFE70398006804B080BD0D
:10F3B00080B582B00190019890F82800002846D1CD
:10F3C000FFE70198407B012834DBFFE70199087BC8
:10F3D000A1F8B800019901200090A1F8BA00019AA3
:10F3E00002F1600002F13001B83213F005FA014673
:10F3F0000098019A82F8C810019A117BA2F8C010F7
:10F400000199A1F8C200019A02F1700002F14001D5
:10F41000C03213F0F1F9019981F8C800019A02F1A4
:10F42000B80002F1C001383212F0BEFE019981F835
:10F43000C8000BE0019A02F1600002F1300138329D
:10F4400013F0DAF9019981F8C800FFE7FFE702B08D
:10F4500080BD00000000000080B582B001900198DE
:10F4600090F82B0000284BD1FFE70199B1F8780004
:10F47000A1F8B800019901200090A1F8BA00019A02
:10F4800002F1780002F13801B83213F0B5F9014603
:10F490000098019A82F8C810019AB2F84810A2F8B0
:10F4A000C0100199A1F8C200019A02F1480002F1CE
:10F4B000B801C03213F05CFA01460098019A82F854
:10F4C000C810019AB2F89810A2F8B8100199A1F8E2
:10F4D000BA00019A02F1980002F1C001B83213F0AB
:10F4E0008BF9019981F8C800019A02F1380002F104
:10F4F000B801303212F058FE019981F8C800FFE7D8
:10F5000002B080BD0000000080B592B0FFE744F279
:10F51000D840C5F60200016841F0010101600068B1
:10F5200000F0010011901198FFE7FFE744F2D84086
:10F53000C5F60200016841F002010160006800F0B8
:10F54000020010901098FFE70B20019003210B910F
:10F5500001220C92F7F770F90198F7F761F90B990E
:10F560000C9A0C200290F7F767F90298F7F758F910
:10F570000B990C9A0D200390F7F75EF90398F7F7B3
:10F580004FF90B990C9A0E200490F7F755F904984F
:10F59000F7F746F90B990C9A0F200590F7F74CF9FD
:10F5A0000598F7F73DF90B990C9A10200690F7F79C
:10F5B00043F90698F7F734F90B990C9A1120079044
:10F5C000F7F73AF90798F7F72BF90C9A2F200890DC
:10F5D00000210E91F7F730F90898F7F721F90B9908
:10F5E0000C9A38200990F7F727F90998F7F718F9D6
:10F5F0000B990C9A39200A90F7F71EF90A98F7F739
:10F600000FF90B990C9A3A200D90F7F715F90D9810
:10F61000F7F706F90E9A3C200F901146F7F70CF910
:10F620000F98F7F7FDF812B080BD00000000000051
:10F6300080B582B045F2E040C2F2004000904AF24C
:10F640000001C4F200010160002201928260C260E8
:10F6500002744274012181744FF0030EC0F814E06B
:10F660000A2383614FF01D0CC0F81CC00362C0F870
:10F6700024E08362C0F82CC0036342638163C263E9
:10F680000C230364042141648264C1640265416502
:10F690008265C265036642668166F6F729F918B18C
:10F6A000FFE7F1F705FFFFE702B080BD00000000B3
:10F6B00080B582B045F28050C2F2004000904AF21C
:10F6C0000041C4F200010160002201928260C26028
:10F6D00002744274012181744FF0030EC0F814E0EB
:10F6E0000A2383614FF01D0CC0F81CC00362C0F8F0
:10F6F00024E08362C0F82CC0036340F256334363B6
:10F700008163C2630264042141640C238364C16485
:10F71000026541658265C265036642668166F6F7E9
:10F72000E7F818B1FFE7F1F7C3FEFFE702B080BDCD
:10F7300080B582B045F22060C2F2004000904DF2E8
:10F740000041C4F200010160002201928260C260A7
:10F7500002744274012181744FF0030EC0F814E06A
:10F760000A2383614FF01D0CC0F81CC00362C0F86F
:10F7700024E08362C0F82CC0036340F2AB634363B0
:10F780008163C2630C230364042141648264C16405
:10F79000026541658265C265036642668166F6F769
:10F7A000A7F818B1FFE7F1F783FEFFE702B080BDCD
:10F7B00080B592B00020119010900F900E900D9097
:10F7C000FFE744F2E040C5F60200016841F0100195
:10F7D0000160006800F010000C900C98FFE7FFE754
:10F7E00044F2E040C5F60200016841F00401016006
:10F7F000006800F004000B900B98FFE7FFE744F26D
:10F80000E040C5F60200016841F080010160006837
:10F8100000F080000A900A98FFE7FFE744F2E0401A
:10F82000C5F60200016841F001010160006800F0C6
:10F83000010009900998FFE7FFE744F2E040C5F6B0
:10F840000200016841F002010160006800F002005E
:10F8500008900898FFE7FFE744F2E040C5F6020091
:10F86000016841F008010160006800F0080007909D
:10F870000798FFE740F60000C5F60200009048F246
:10F88000090101220392F6F7FFFE03990020C5F655
:10F890000200029000220592F6F7F6FE0098039A05
:10F8A00005994FF400430D930E920F9110910DA9FD
:10F8B0000491F6F701FD0098039A049909230D932A
:10F8C0000E920F92022201921092F6F7F5FC019A25
:10F8D0000298DDF80CC00499059BCDF834C04FF0B8
:10F8E000110CCDF838C00F931092F6F7E5FC039891
:10F8F00004994FF4A0520D924FF404120E920F90FF
:10F9000041F20000C5F60200F6F7D6FC05994FF06B
:10F910000060FBF751FF05994FF08070FBF74CFF3B
:10F92000059A282006901146F6F786FF0698F6F706
:10F9300077FF12B080BD000080B582B045F6A430DC
:10F94000C2F20040009043F60001C4F200010160E1
:10F950004FF4800141600021019181600722C26063
:10F960004FF0007202614FF0807242614FF080628E
:10F9700082614FF04052C261016241628162C162A4
:10F980004FF0804242638163C163016441648164DA
:10F99000C164016541658165FAF726FF18B1FFE78B
:10F9A000F1F786FDFFE702B080BD00000000000017
:10F9B00080B590B0002101910F910E910D910C91A5
:10F9C0000B910A9109910891079106910591049173
:10F9D0000391029145F62C40C2F2004041F600022C
:10F9E000C4F200020260EF224260816040F2E7321E
:10F9F000C26001618161FBF7C3FF18B1FFE7F1F756
:10FA000057FDFFE74FF480500C9045F62C40C2F2B2
:10FA100000400CA9FCF71CF918B1FFE7F1F748FD0D
:10FA2000FFE745F62C40C2F20040FCF75DFC18B140
:10FA3000FFE7F1F73DFDFFE7002009900B9045F649
:10FA40002C40C2F2004009A9FBF7DAFE18B1FFE72B
:10FA5000F1F72EFDFFE76020029000200390049054
:10FA6000069045F62C40C2F2004002A90422FCF7A1
:10FA700063FB18B1FFE7F1F71BFDFFE745F62C40EC
:10FA8000C2F20040FCF7F8FA10B080BD00000000A0
:10FA900080B590B0002101910F910E910D910C91C4
:10FAA0000B910A9109910891079106910591049192
:10FAB0000391029145F67840C2F2004040F20042C4
:10FAC000C4F20002026017224260816042F20F72AB
:10FAD000C260016180218161FBF752FF18B1FFE72D
:10FAE000F1F7E6FCFFE74FF480500C9045F67840C4
:10FAF000C2F200400CA9FCF7ABF818B1FFE7F1F730
:10FB0000D7FCFFE745F67840C2F20040FCF7ECFB7B
:10FB100018B1FFE7F1F7CCFCFFE7002009900B904C
:10FB200045F67840C2F2004009A9FBF769FE18B11A
:10FB3000FFE7F1F7BDFCFFE7602002900020039093
:10FB40000490069045F67840C2F2004002A90C22CB
:10FB5000FCF7F2FA18B1FFE7F1F7AAFCFFE745F668
:10FB60007840C2F20040FCF787FA10B080BD000078
:10FB700080B588B00021009107910691059104910C
:10FB800003910291019145F6C440C2F2004040F653
:10FB90000002C4F200020260EF224260816040F283
:10FBA000E732C26001618161FBF7EAFE18B1FFE74D
:10FBB000F1F77EFCFFE74FF48050049045F6C44017
:10FBC000C2F2004004A9FCF743F818B1FFE7F1F7CF
:10FBD0006FFCFFE700200190039045F6C440C2F29D
:10FBE000004001A9FBF70CFE18B1FFE7F1F760FC3C
:10FBF000FFE708B080BD000080B588B0002100910B
:10FC0000079106910591049103910291019145F6A6
:10FC10001050C2F2004040F60042C4F200020260FE
:10FC2000EF224260816040F2E732C260016181618F
:10FC3000FBF7A6FE18B1FFE7F1F73AFCFFE74FF438
:10FC40008050049045F61050C2F2004004A9FBF722
:10FC5000FFFF18B1FFE7F1F72BFCFFE70020019051
:10FC6000039045F61050C2F2004001A9FBF7C8FD11
:10FC700018B1FFE7F1F71CFCFFE708B080BD0000FA
:10FC800080B582B045F68460C2F20040019045F232
:10FC90000001C4F20001016048F2A061C0F201015C
:10FCA00041604FF4805181604FF40051C1604FF4C6
:10FCB000806101610421416100218161C1610162B2
:10FCC00041628162FDF708FE18B1FFE7F1F7F0FB32
:10FCD000FFE745F68460C2F200400021FDF798F985
:10FCE00018B1FFE7F1F7E4FBFFE745F68460C2F2E5
:10FCF00000400021FDF744F918B1FFE7F1F7D8FB08
:10FD0000FFE745F68460C2F20040FCF7E9FD18B158
:10FD1000FFE7F1F7CDFBFFE702B080BD0000000078
:10FD200080B582B045F61870C2F20040009047F6E8
:10FD30000001C4F2000101604FF4E1314160002193
:10FD400001918160C16001610C2242618161C161E8
:10FD5000016241628162FDF7BFFD18B1FFE7F1F773
:10FD6000A7FBFFE745F61870C2F200400021FDF73F
:10FD70004FF918B1FFE7F1F79BFBFFE745F6187065
:10FD8000C2F200400021FDF7FBF818B1FFE7F1F7E0
:10FD90008FFBFFE745F61870C2F20040FCF7A0FDAC
:10FDA00018B1FFE7F1F784FBFFE702B080BD000068
:10FDB00080B582B045F6AC70C2F20040009047F6C4
:10FDC0000041C4F2000101604FF4E13141600021C3
:10FDD00001918160C16001610C2242618161C16158
:10FDE000016241628162FDF777FD18B1FFE7F1F72B
:10FDF0005FFBFFE745F6AC70C2F200400021FDF763
:10FE000007F918B1FFE7F1F753FBFFE745F6AC70D0
:10FE1000C2F200400021FDF7B3F818B1FFE7F1F797
:10FE200047FBFFE745F6AC70C2F20040FCF758FD17
:10FE300018B1FFE7F1F73CFBFFE702B080BD00001F
:10FE400080B582B046F24000C2F20040009041F618
:10FE50000001C4F2010101604FF4E1314160002171
:10FE600001918160C16001610C2242618161C161C7
:10FE7000016241628162FDF72FFD18B1FFE7F1F7E2
:10FE800017FBFFE746F24000C2F200400021FDF7F9
:10FE9000BFF818B1FFE7F1F70BFBFFE746F24000B0
:10FEA000C2F200400021FDF76BF818B1FFE7F1F74F
:10FEB000FFFAFFE746F24000C2F20040FCF710FDF7
:10FEC00018B1FFE7F1F7F4FAFFE702B080BD0000D8
:10FED00080B582B045F6F050C2F20040019041F684
:10FEE0000041C4F2010101604FF4E13141600021A1
:10FEF0008160C16001610C2242618161C161016266
:10FF00004162102181624FF48051C163FDF7E4FC2E
:10FF100018B1FFE7F1F7CCFAFFE745F6F050C2F26F
:10FF200000400021FDF774F818B1FFE7F1F7C0FABF
:10FF3000FFE745F6F050C2F200400021FDF720F83F
:10FF400018B1FFE7F1F7B4FAFFE745F6F050C2F257
:10FF50000040FCF7C5FC18B1FFE7F1F7A9FAFFE78D
:10FF600002B080BD0000000080B582B045F65C5054
:10FF7000C2F20040009041F20001C4F201010160B0
:10FF80004FF461214160002101918160C1600161F4
:10FF90000C2242618161C161016241628162FDF7AF
:10FFA0009BFC18B1FFE7F1F783FAFFE745F65C50D9
:10FFB000C2F200400021FDF72BF818B1FFE7F1F77E
:10FFC00077FAFFE745F65C50C2F200400021FCF7EB
:10FFD000D7FF18B1FFE7F1F76BFAFFE745F65C5082
:10FFE000C2F20040FCF77CFC18B1FFE7F1F760FAC1
:10FFF000FFE702B080BD000080B544F66440C2F265
:020000040801F1
:10000000004040F23401C2F20041012204F040FB02
:1000100018B1FFE7F1F74CFAFFE744F66440C2F28B
:10002000004040F2EC01C2F2004105F05DF818B169
:10003000FFE7F1F73DFAFFE744F66440C2F2004003
:1000400040F28811C2F2004103F052FD18B1FFE7FF
:10005000F1F72EFAFFE744F66440C2F2004005F0E3
:10006000D3F918B1FFE7F1F723FAFFE7F7F710FE2E
:1000700080BD000000000000FFE7FEE70000000078
:10008000FFE7FEE70000000088B0079006910592A8
:10009000079800F0070004900498C0F107000528B5
:1000A00003D3FFE70420019004E00498C0F10700A7
:1000B0000190FFE70198039004980430062803D8C4
:1000C000FFE70020009003E0049803380090FFE76A
:1000D0000098029006980399012202FA01F1013971
:1000E0000840029B984005999A40013A1140084304
:1000F00008B070470000000080B545F2C060C2F251
:100100000040F6F7CDFE80BD80B586B00590049125
:10011000059800680390039802900398006C019082
:100120000298049900EB4110D0F8080B0090019858
:1001300043F20B01C4F6547188420FD3FFE79DF8D8
:1001400001000006002809D5FFE70298049900EB9A
:1001500041114FF40040C1F8080BFFE70598F7F78D
:10016000D7FC019843F20B01C4F6547188420DD3B9
:10017000FFE705988079012808D1FFE7059908680D
:1001800001F29C42012105F06BFFFFE7002006B061
:1001900080BD00000000000080B588B00790069187
:1001A000079800680490049803900498006C0290EB
:1001B0000398069900EB4110D0F8080B01900798BE
:1001C0008079012840F08180FFE79DF80400000756
:1001D000002818D5FFE7029843F20B01C4F65471CA
:1001E00088420FD3FFE79DF805000006002809D5D7
:1001F000FFE70398069900EB41114FF40040C1F866
:10020000080BFFE760E09DF804008006002808D591
:10021000FFE70398069900EB41112020C1F8080B75
:1002200051E09DF8040010F0280F4AD1FFE7029832
:1002300043F20B01C4F6547188420FD3FFE79DF8D7
:1002400005000006002809D5FFE70398069900EB92
:1002500041114FF40040C1F8080B31E007980699AE
:1002600001EBC10100EB810000F5157005900598C8
:10027000006A0399069A01EB4211D1F8101B6FF343
:10028000DF41401A05994861069898B9FFE705983B
:10029000006940B9FFE70799086801F29C42012113
:1002A00005F0DEFE05E00599C8684A691044C8609B
:1002B000FFE7FFE707989DF81810F6F77DFBFFE7CB
:1002C00000E0FFE7FFE7FFE747E0029843F20A118B
:1002D000C4F65471884224D1FFE79DF8050000065A
:1002E000002809D5FFE70398069900EB41114FF468
:1002F0000040C1F8080B13E09DF8040080060028B8
:1003000008D5FFE70398069900EB41112020C1F8BA
:10031000080BFFE707989DF81810F6F74DFBFFE76D
:100320001AE0069890B9FFE70798069901EBC1011A
:1003300000EB8100D0F8640240B9FFE70799086834
:1003400001F29C42002105F08BFEFFE707989DF823
:100350001810F6F731FBFFE7FFE7002008B080BD7B
:1003600080B58CB00A9009910A98006808900898A6
:1003700007900A98099901EBC10100EB8100143044
:100380000690069801694069884204D9FFE7012078
:100390008DF82F0079E0069908694969401A05909F
:1003A000059806998968884204D9FFE7069880680D
:1003B0000590FFE70598033080080490FFE7079851
:1003C000099900EB4110D0F8180981B2049A002075
:1003D000914202900FD3FFE706980269416900201D
:1003E0009142029007D2FFE706980069002818BFE3
:1003F00001200290FFE70298C00770B3FFE706995B
:1004000008694969401A05900598069989688842E3
:1004100004D9FFE7069880680590FFE70598033048
:100420008008049008980699C9689DF82420BDF8B2
:100430001430DDF828C09CF806C0EE46CEF800C0A7
:1004400006F09AFC059A0699C8681044C860059A97
:100450000699486910444861B1E7069908694969F5
:1004600088420ED8FFE7099800F00F01012088406C
:100470000390039A0799D1F834089043C1F83408DF
:10048000FFE700208DF82F00FFE79DF82F000CB04C
:1004900080BD000000000000704700000000000068
:1004A00080B586B00490039100208DF8070044F2D7
:1004B0002840C5F60200006800F00300032804D1BC
:1004C000FFE701208DF81700CBE044F20041C5F6AC
:1004D0000201086820F080600860F6F7EDF80290ED
:1004E000FFE744F20040C5F60200006800F000613A
:1004F0000020B0EBD16F0CD0FFE7F6F7DDF80299E2
:10050000401A032804D3FFE703208DF81700A8E062
:10051000E7E7FFE744F22841C5F60201086820F446
:100520007C30049A126840EA0230086004994868F6
:10053000D1F808C0CB680A6901386FF35F204FF625
:100540000061CFF6FF7101EB4C2189B20844002114
:10055000CFF6FF7101EB034101F4FE0108444FF0B7
:100560007F4101EB026101F0FE41084444F2384151
:10057000C5F602010860FFE744F22C41C5F602010E
:100580000091086820F0C000049A52691043086086
:10059000086820F02000049A9269104308600868F7
:1005A00020F01000086044F23C42C5F602021068D8
:1005B0004FF6F8739843049BDB6940EAC300106070
:1005C000086840F010000860039848B9FFE744F25B
:1005D0002C41C5F60201086840F40020086016E0CE
:1005E0000398012809D1FFE744F22C41C5F6020126
:1005F000086840F48010086008E044F22C41C5F619
:100600000201086840F400100860FFE7FFE744F2C9
:100610000041C5F60201086840F080600860F6F706
:100620004BF80290FFE744F20040C5F60200006874
:1006300000F000610020B0EBD16F0CD1FFE7F6F7BE
:100640003BF80299401A032804D3FFE703208DF8F2
:10065000170006E0E7E7FFE79DF807008DF81700B1
:10066000FFE79DF8170006B080BD00000000000005
:1006700080B586B00490039100208DF8070044F205
:100680002840C5F60200006800F00300032804D1EA
:10069000FFE701208DF81700CBE044F20041C5F6DA
:1006A0000201086820F080500860F6F705F8029013
:1006B000FFE744F20040C5F60200006800F0005178
:1006C0000020B0EB517F0CD0FFE7F5F7F5FF029962
:1006D000401A032804D3FFE703208DF81700A8E091
:1006E000E7E7FFE744F22841C5F60201086820F079
:1006F0007C70049A126840EA0250086004994868C5
:10070000D1F808C0CB680A6901386FF35F204FF653
:100710000061CFF6FF7101EB4C2189B20844002142
:10072000CFF6FF7101EB034101F4FE0108444FF0E5
:100730007F4101EB026101F0FE41084444F2404177
:10074000C5F602010860FFE744F22C41C5F602013C
:100750000091086820F44060049A526910430860D0
:10076000086820F40070049A9269104308600868D1
:1007700020F48070086044F24442C5F6020210681A
:100780004FF6F8739843049BDB6940EAC30010609E
:10079000086840F480700860039848B9FFE744F2A5
:1007A0002C41C5F60201086840F48000086016E09C
:1007B0000398012809D1FFE744F22C41C5F6020154
:1007C000086840F40000086008E044F22C41C5F6D7
:1007D0000201086840F080700860FFE7FFE744F21C
:1007E0000041C5F60201086840F080500860F5F746
:1007F00063FF0290FFE744F20040C5F60200006884
:1008000000F000510020B0EB517F0CD1FFE7F5F76D
:1008100053FF0299401A032804D3FFE703208DF801
:10082000170006E0E7E7FFE79DF807008DF81700DF
:10083000FFE79DF8170006B080BD00000000000033
:1008400080B545F6A430C2F20040F9F705FE80BD40
:1008500082B0019001980068406900900198016899
:10086000886940F00800886101980168886940F053
:100870001000886101980168086820F00100086094
:1008800001980168086940F26F329043086101984D
:100890000168886820F440408860019890F88100E1
:1008A000042815D0FFE79DF80000800600280ED52B
:1008B000FFE70199D1F8840040F08000C1F884007E
:1008C00001980168886940F020008861FFE7FFE730
:1008D000019890F88100032815D0FFE79DF80000EB
:1008E000400600280ED5FFE70199D1F8840040F0BA
:1008F0000400C1F8840001980168886940F0400054
:100900008861FFE7FFE79DF80100800700280ED50A
:10091000FFE70199D1F8840040F00100C1F884009C
:1009200001980168886940F400708861FFE79DF8CC
:100930000100C00770B1FFE70199D1F8840040F0D1
:100940000800C1F8840001980168886940F480704B
:100950008861FFE701990020A1F862000199A1F8E0
:100960006A0002B07047000080B582B00190019823
:10097000806B009000990020A1F86A000099A1F80E
:1009800062000099012081F881000098F9F760FD6C
:1009900002B080BD0000000080B582B001900198D7
:1009A000806B00900198F1F7A7FF022812D0FFE7B3
:1009B0000098FFF74DFF0099D1F8840040F0100037
:1009C000C1F884000099012081F881000098F9F7AE
:1009D0003FFDFFE702B080BD80B582B00190019875
:1009E000806B00900098FAF7E3FE02B080BD000033
:1009F00080B582B001900198806B0090009890F8CB
:100A00008100072813D0FFE70098806FC069B0F518
:100A1000807F04D1FFE70098FAF76EFE06E00098A9
:100A20000168086940F008000861FFE7FFE702B0CD
:100A300080BD00000000000083B002900298C16BEE
:100A4000012000EB511001900298C0680130009025
:100A500000980730C008009000980199484303B0FF
:100A6000704700000000000082B0019000910198E2
:100A7000006843F20001C4F2010188420AD1FFE795
:100A8000019840F23C51C2F2004108600098C1F860
:100A9000100127E00198006843F60001C4F200014C
:100AA00088420AD1FFE7019840F25061C2F200414A
:100AB00008600098C1F8100113E00198006843F63F
:100AC0000041C4F2000188420AD1FFE7019840F2D8
:100AD0006471C2F2004108600098C1F81001FFE79C
:100AE000FFE7FFE702B0704780B586B084460898FC
:100AF000CDF810C00391ADF80A20ADF80830ADF87C
:100B000006000498006843F20001C4F20101884223
:100B10001FD1FFE7039840F23C52C2F200425060FE
:100B2000BDF80A001081BDF80800A2F80A01BDF85E
:100B30000600A2F80C0104986B464FF47A71196014
:100B400002F10A018A320123FAF77EF88DF81700C4
:100B500054E00498006843F60001C4F200018842A2
:100B60001FD1FFE7039840F25062C2F2004250608A
:100B7000BDF80A001081BDF80800A2F80A01BDF80E
:100B80000600A2F80C0104986B464FF47A711960C4
:100B900002F10A018A320123FAF756F88DF817009C
:100BA0002CE00498006843F60041C4F2000188423A
:100BB00020D1FFE7039840F26472C2F20042506015
:100BC000BDF80A001081BDF80800A2F80A01BDF8BE
:100BD0000600A2F80C010498BDF80810BDF8063014
:100BE00019448BB202F10A018A32FAF7B1FB8DF88F
:100BF000170003E000208DF81700FFE79DF81700AD
:100C000006B080BD0000000080B586B0DDF820C0D1
:100C1000049003918DF80B200193FFE7049800687E
:100C2000406903990840401AB0FA80F040099DF8E5
:100C30000B10884214D1FFE7F5F73EFD0899401AE2
:100C40000199884204D3FFE70198013018B9FFE702
:100C5000019820B9FFE703208DF8170004E0DDE7D5
:100C600000208DF81700FFE79DF8170006B080BD43
:100C7000704700000000000084B0039003980090CB
:100C800000980078ADF808000098013000900098B6
:100C90000078ADF80600BDF80610BDF8080040EA7F
:100CA0000120ADF80A00BDF80A0004B0704700004A
:100CB00080B582B0009000980138B0F1807F03D3F6
:100CC000FFE70120019019E0009801384EF214016D
:100CD000CEF2000108604FF0FF300F2111F074F9DF
:100CE0004EF21801CEF20001002008604EF2100210
:100CF000CEF20002072111600190FFE7019802B0D7
:100D000080BD00000000000080B5F5F7DDFC80BD6F
:100D100080B59EB00BA84C21EFF742FB002001905C
:100D20000A9009900890079006900590049003900F
:100D30000220F6F759FFFFE70020029044F6180062
:100D4000C5F60200016821F440410160006800F42A
:100D5000404002900298FFE7FFE744F61800C5F60E
:100D60000200006800F40050B0F5005F01D0FFE71A
:100D7000F3E721200B904FF480300C90012111916A
:100D80000220149015901690282217921891042191
:100D900019911A900C201B9000201C901D900BA8FC
:100DA000F8F746FE18B1FFE7F0F782FBFFE73F20B8
:100DB0000390032104910020059008200690402014
:100DC000079008904FF4806209920A9003A8F8F700
:100DD0000FFA18B1FFE7F0F76BFBFFE71EB080BD1D
:100DE0004EF68851CEF20001086840F470000860A9
:100DF00042F20000C5F20020006800F00F00062853
:100E00000AD8FFE742F20001C5F200210868072274
:100E100062F303000860FFE744F20041C5F60201F7
:100E2000086840F00100086044F21042C5F6020272
:100E30000020106008684EF67F52CEF6F622104071
:100E4000086042F20000C5F20020006800F00F00C8
:100E500008280AD3FFE742F20001C5F20021086822
:100E6000072262F303000860FFE744F21841C5F669
:100E700002010020086044F21C41C5F6020108602E
:100E800044F22041C5F60201086044F22842C5F64A
:100E9000020240F20021C0F20221116044F22C4211
:100EA000C5F602020021C0F2FF11116044F2304287
:100EB000C5F6020240F28021C0F20111116044F235
:100EC0003442C5F60202106044F23842C5F602020E
:100ED000116044F23C42C5F60202106044F2404206
:100EE000C5F60202116044F24441C5F602010860F1
:100EF00044F20042C5F60202116821F4802111601B
:100F000044F26041C5F60201086044F20001C5F2F6
:100F1000002143F2D200086070470000000000008A
:100F200080B545F6C440C2F20040FAF77DFF80BDAF
:100F300080B545F61050C2F20040FAF775FF80BD4B
:100F400083B00290019102980068009002980021FD
:100F5000C4F20101884225D0FFE70298B0F1804F2A
:100F600020D0FFE7029840F20041C4F2000188421D
:100F700018D0FFE7029840F60001C4F20001884251
:100F800010D0FFE7029840F60041C4F20001884209
:100F900008D0FFE7029840F20041C4F20101884204
:100FA0000AD1FFE7009820F0700000900198416896
:100FB000009808430090FFE702980021C4F2010165
:100FC00088424DD0FFE70298B0F1804F48D0FFE74C
:100FD000029840F20041C4F20001884240D0FFE78D
:100FE000029840F60001C4F20001884238D0FFE7C1
:100FF000029840F60041C4F20001884230D0FFE779
:10100000029840F20041C4F20101884228D0FFE773
:10101000029844F20001C4F20101884220D0FFE7A7
:10102000029844F20041C4F20101884218D0FFE75F
:10103000029844F60001C4F20101884210D0FFE793
:1010400002984EF20001C4F20001884208D0FFE786
:1010500002984EF20041C4F2000188420AD1FFE733
:10106000009820F4407000900198C16800980843EF
:101070000090FFE7009820F080000199496908433B
:101080000090019880680299C862019800680299EE
:10109000886202980021C4F20101884220D0FFE753
:1010A000029840F20041C4F20101884218D0FFE7E3
:1010B000029844F20001C4F20101884210D0FFE717
:1010C000029844F20041C4F20101884208D0FFE7CF
:1010D000029844F60001C4F20101884205D1FFE7FD
:1010E0000198006902990863FFE70299086840F0D7
:1010F0000400086002990120486100980299086084
:1011000003B070470000000080B584B042F2D17097
:10111000C2F2004001780131017042F2D072C2F295
:10112000004211780131117042F2D272C2F20042D3
:10113000117801311170007805281ED1FFE742F2C5
:10114000D171C2F200410020087045F28050C2F215
:101150000040039040F26832C2F200427721082337
:101160000293EFF7C5FA029B039840F27032C2F285
:1011700000427821EFF7BCFAFFE742F2D070C2F2EA
:1011800000400078022820D1FFE745F28050C2F2EB
:10119000004040F22832C2F20042F12108230193BC
:1011A000EFF7A6FA019B45F2E040C2F2004040F2A0
:1011B000C822C2F20042A021EFF79AFA42F2D0719F
:1011C000C2F2004100200870FFE742F2D270C2F282
:1011D000004000780A2807D1FFE742F2D271C2F23C
:1011E000004100200870FFE704B080BD000000004F
:1011F00084B0039002910192029800F01F01012037
:1012000088400090009A0399086A90430862019808
:10121000029901F01F0100FA01F20399086A1043D4
:10122000086204B07047000085B0049003910292F8
:101230000193049880680090009820F47F4000900B
:1012400003980299019A41EA022101430098084358
:10125000009000980499886005B070470000000075
:1012600083B00290019102988068009000984FF638
:101270008F71CFF6CF710840009001980099084314
:1012800040F00700009000980299886003B0704712
:1012900082B001900091019800680021C4F2010120
:1012A000884209D1FFE7019840F68401C2F200416B
:1012B00008600098486081E001980068B0F1804FB4
:1012C00009D1FFE7019840F68C01C2F200410860A5
:1012D0000098486071E00198006840F20041C4F253
:1012E0000001884209D1FFE7019840F69401C2F25B
:1012F00000410860009848605EE00198006840F690
:101300000001C4F20001884209D1FFE7019840F6CC
:101310009C01C2F200410860009848604BE00198CF
:10132000006840F60041C4F20001884209D1FFE79D
:10133000019840F6A401C2F200410860009848609C
:1013400038E00198006841F20001C4F200018842CF
:1013500009D1FFE7019840F6AC01C2F200410860F4
:101360000098486025E00198006841F20041C4F20D
:101370000001884209D1FFE7019840F6B401C2F2AA
:10138000004108600098486012E00198006840F24F
:101390000041C4F20101884209D1FFE7019840F6FB
:1013A000BC01C2F20041086000984860FFE7FFE717
:1013B000FFE7FFE7FFE7FFE7FFE7FFE702B0704760
:1013C00085B0049003910498006A01900499086A1A
:1013D00020F0010008620498406800900498806939
:1013E000029002984FF68F71CFF6FE71084002907E
:1013F000029820F0030002900398016802980843C5
:101400000290019820F002000190039881680198F1
:101410000843019004980021C4F20101884220D0C1
:10142000FFE7049840F20041C4F20101884218D05D
:10143000FFE7049844F20001C4F20101884210D091
:10144000FFE7049844F20041C4F20101884208D049
:10145000FFE7049844F60001C4F2010188420ED16E
:10146000FFE7019820F0080001900398C1680198F7
:1014700008430190019820F004000190FFE70498D0
:101480000021C4F20101884220D0FFE7049840F215
:101490000041C4F20101884218D0FFE7049844F2E9
:1014A0000001C4F20101884210D0FFE7049844F221
:1014B0000041C4F20101884208D0FFE7049844F6D5
:1014C0000001C4F20101884213D1FFE7009820F423
:1014D00080700090009820F400700090039841699B
:1014E0000098084300900398816900980843009091
:1014F000FFE700980499486002980499886103986E
:1015000040680499486301980499086205B07047DF
:1015100085B0049003910498006A01900499086AC8
:1015200020F01000086204984068009004988069D8
:101530000290029848F6FF71CFF6FF6108400290D2
:10154000029820F44070029003980168029840EAE3
:1015500001200290019820F02000019003988168FA
:10156000019840EA0110019004980021C4F20101A1
:10157000884229D0FFE7049840F20041C4F20101FB
:10158000884221D0FFE7049844F20001C4F201012F
:10159000884203D1FFE70020B0B9FFE7049844F286
:1015A0000041C4F20101884203D1FFE7002058B98D
:1015B000FFE7049844F60001C4F20101884212D109
:1015C000FFE7012078B9FFE7019820F08000019043
:1015D0000398C168019840EA01100190019820F039
:1015E00040000190FFE704980021C4F20101884205
:1015F00020D0FFE7049840F20041C4F20101884284
:1016000018D0FFE7049844F20001C4F201018842B7
:1016100010D0FFE7049844F20041C4F2010188426F
:1016200008D0FFE7049844F60001C4F201018842A3
:1016300015D1FFE7009820F480600090009820F416
:101640000060009003984169009840EA8100009092
:1016500003988169009840EA81000090FFE70098B4
:101660000499486002980499886103984068049935
:10167000886301980499086205B070470000000073
:1016800085B0049003910498006A01900499086A57
:1016900020F4807008620498406800900498C06943
:1016A000029002984FF68F71CFF6FE7108400290BB
:1016B000029820F003000290039801680298084302
:1016C0000290019820F400700190039881680198BD
:1016D00040EA0120019004980021C4F201018842EF
:1016E00029D0FFE7049840F20041C4F2010188428A
:1016F00021D0FFE7049844F20001C4F201018842BE
:1017000003D1FFE70020B0B9FFE7049844F200419D
:10171000C4F20101884203D1FFE7002058B9FFE776
:10172000049844F60001C4F20101884212D1FFE797
:10173000012078B9FFE7019820F400600190039838
:10174000C168019840EA01200190019820F480606E
:101750000190FFE704980021C4F20101884220D0E3
:10176000FFE7049840F20041C4F20101884218D01A
:10177000FFE7049844F20001C4F20101884210D04E
:10178000FFE7049844F20041C4F20101884208D006
:10179000FFE7049844F60001C4F20101884215D124
:1017A000FFE7009820F480500090009820F400504B
:1017B000009003984169009840EA01100090039856
:1017C0008169009840EA01100090FFE700980499B1
:1017D000486002980499C861039840680499C863F6
:1017E00001980499086205B07047000000000000ED
:1017F00085B0049003910498006A01900499086AE6
:1018000020F4805008620498406800900498C069F1
:101810000290029848F6FF71CFF6FF6108400290EF
:10182000029820F44070029003980168029840EA00
:1018300001200290019820F40050019003988168E3
:10184000019840EA0130019004980021C4F201019E
:10185000884220D0FFE7049840F20041C4F2010121
:10186000884218D0FFE7049844F20001C4F2010155
:10187000884210D0FFE7049844F20041C4F201010D
:10188000884208D0FFE7049844F60001C4F2010141
:1018900088420BD1FFE7009820F480400090039825
:1018A0004169009840EA81100090FFE70098049990
:1018B000486002980499C8610398406804990864D4
:1018C00001980499086205B070470000000000000C
:1018D00085B0049003910498006A01900499086A05
:1018E00020F4803008620498406800900498406DAD
:1018F000029002984FF68F71CFF6FE710840029069
:1019000003980168029808430290019820F400307F
:10191000019003988168019840EA01400190049881
:101920000021C4F20101884220D0FFE7049840F270
:101930000041C4F20101884218D0FFE7049844F244
:101940000001C4F20101884210D0FFE7049844F27C
:101950000041C4F20101884208D0FFE7049844F630
:101960000001C4F2010188420BD1FFE7009820F486
:101970008030009003984169009840EA012000906F
:10198000FFE7009804994860029804994865039815
:1019900040680499886501980499086205B0704709
:1019A00085B0049003910498006A01900499086A34
:1019B00020F4801008620498406800900498406DFC
:1019C0000290029848F6FF71CFF6FF61084002903E
:1019D00003980168029840EA01200290019820F4DF
:1019E0000010019003988168019840EA015001902D
:1019F00004980021C4F20101884220D0FFE7049836
:101A000040F20041C4F20101884218D0FFE7049877
:101A100044F20001C4F20101884210D0FFE70498AB
:101A200044F20041C4F20101884208D0FFE7049863
:101A300044F60001C4F2010188420BD1FFE700988F
:101A400020F48020009003984169009840EA8120AA
:101A50000090FFE70098049948600298049948654F
:101A6000039840680499C86501980499086205B014
:101A7000704700000000000085B0049003910292BE
:101A80000498006A00900499086A20F00100086236
:101A9000049880690190019820F0F000019002996B
:101AA000019840EA01100190009820F00A0000908F
:101AB0000399009808430090019804998861009860
:101AC0000499086205B0704785B0049003910292B2
:101AD0000498006A00900499086A20F010000862D7
:101AE000049880690190019820F470400190029957
:101AF000019840EA01300190009820F0A000009089
:101B00000399009840EA01100090019804998861B7
:101B100000980499086205B07047000000000000BA
:101B200080B582B04FF4F070EFF762FC45F2E04010
:101B3000C2F2004047F67101C0F60101EEF730FD38
:101B400045F28050C2F2004047F6F101C0F60101B3
:101B5000EEF726FD45F22060C2F2004047F629214B
:101B6000C0F60101EEF71CFD45F6A430C2F20040BC
:101B700047F24961C0F60101FEF776FF45F6846041
:101B8000C2F2004047F21961C0F60101122200F0D2
:101B900077FB45F65C50C2F2004047F2D151C0F6E7
:101BA00001013C2200F06CFB45F6C440C2F200404B
:101BB000009047F63101C0F60101FFF769FB45F6D9
:101BC0001050C2F20040019047F25961C0F6010185
:101BD000FFF75EFB42F66000C2F200409FED090A8B
:101BE0000BF016F842F63400C2F20040052111F065
:101BF0006BF80098F9F798FF0198F9F795FF02B094
:101C000080BD00BF00000000704700000000000021
:101C100080B545F68460C2F20040FBF7DDFA80BD76
:101C200080B545F61870C2F20040FBF7D5FA80BDCA
:101C300080B545F6AC70C2F20040FBF7CDFA80BD2E
:101C400080B546F24000C2F20040FBF7C5FA80BD05
:101C500082B001900198406E40B9FFE701990120E0
:101C6000A1F86A000199A1F8680032E010208DF80F
:101C700003008DF80200019800688068C0F342609C
:101C80008DF80100019800688068400F8DF8000011
:101C90009DF802009DF8002044F28433C0F6020350
:101CA000995C484344F27C31C0F602018A5CB0FB87
:101CB000F2F0019AA2F86A009DF803009DF8012055
:101CC0009B5C5843895CB0FBF1F00199A1F8680076
:101CD000FFE702B07047000081B00090009890F8D4
:101CE0002800000700280BD5FFE70098006840682F
:101CF00020F40040009A1168926B10434860FFE79F
:101D0000009890F82800C00758B1FFE700980068D5
:101D1000406820F40030009A1168D26A104348608D
:101D2000FFE7009890F82800800700280BD5FFE710
:101D300000980068406820F48030009A1168126BA7
:101D400010434860FFE7009890F8280040070028FB
:101D50000BD5FFE700980068406820F48020009AC7
:101D60001168526B10434860FFE7009890F8280014
:101D7000C00600280BD5FFE700980068806820F4B3
:101D80008050009A1168D26B10438860FFE700987A
:101D900090F82800800600280BD5FFE7009800681F
:101DA000806820F40050009A1168126C104388601B
:101DB000FFE7009890F82800400600281CD5FFE7B0
:101DC00000980068406820F48010009A1168526CF6
:101DD000104348600098406CB0F5801F0BD1FFE7BE
:101DE00000980068406820F4C000009A1168926C66
:101DF00010434860FFE7FFE7009890F828000006CE
:101E000000280BD5FFE700980068406820F4002008
:101E1000009A1168D26C10434860FFE701B0704728
:101E200080B588B0069006990020C1F89000F4F7BC
:101E300043FC0590069800680068000700282FD52D
:101E4000FFE70698059B6A466FF07E4111604FF4EC
:101E50000011002201F048FA08B3FFE7FFE7FFE7AF
:101E60000698006850E8000F20F080000490FFE71B
:101E700004990698026842E800100028F0D1FFE7B4
:101E8000FFE706992020C1F88800FFE706990020A7
:101E900081F88400FFE703208DF81F005FE0FFE773
:101EA0000698006800684007002842D5FFE70698BA
:101EB000059B6A466FF07E4111604FF4800100225D
:101EC00001F012FAA0B3FFE7FFE7FFE7069800680A
:101ED00050E8000F20F490700390FFE703990698F4
:101EE000026842E800100028F0D1FFE7FFE7FFE7B3
:101EF000FFE70698006850E8020F20F0010002900A
:101F0000FFE702990698026842E802100028F0D123
:101F1000FFE7FFE706992020C1F88C00FFE706994C
:101F2000002081F88400FFE703208DF81F0016E0F1
:101F3000FFE706992020C1F888000699C1F88C00B7
:101F400006990020C86606990867FFE706990020F1
:101F500081F88400FFE700208DF81F00FFE79DF85F
:101F60001F0008B080BD000080B582B001900198CC
:101F7000806B009000990020A1F85E000098FBF7AC
:101F800027F902B080BD000080B584B003900398AB
:101F9000806B02900298D0F8880001900298D0F8E7
:101FA0008C000090029800688068000600280CD51C
:101FB000FFE70198212808D1FFE702990020A1F846
:101FC0005600029800F02CF9FFE70298006880683C
:101FD000400600280CD5FFE70098222808D1FFE72B
:101FE00002990020A1F85E00029800F0A5F8FFE732
:101FF0000299D1F8900040F01000C1F890000298CA
:10200000FBF7E6F804B080BD80B586B00590059872
:10201000806B04900598C069B0F5807F5BD0FFE7C6
:1020200004990020A1F85E00FFE7FFE7049800682C
:1020300050E8000F20F480700390FFE703990498A4
:10204000026842E800100028F0D1FFE7FFE7FFE751
:10205000FFE70498006850E8020F20F001000290AA
:10206000FFE702990498026842E802100028F0D1C4
:10207000FFE7FFE7FFE7FFE70498006850E8020F7B
:1020800020F040000190FFE701990498026842E8BF
:1020900002100028F0D1FFE7FFE704992020C1F8E3
:1020A0008C000498C06E012814D1FFE7FFE7FFE71A
:1020B0000498006850E8000F20F010000090FFE73F
:1020C00000990498026842E800100028F0D1FFE768
:1020D000FFE7FFE7FFE70499002008670498C06E58
:1020E000012806D1FFE70498B0F85C10FAF790FCDD
:1020F00003E00498FCF73CF8FFE706B080BD000061
:1021000080B582B001900198806B00900099012009
:1021100008670098C06E012807D1FFE70098B0F863
:102120005C104908FAF774FC03E00098FCF724F807
:10213000FFE702B080BD000084B00390FFE7FFE737
:102140000398006850E8000F20F490700290FFE7B9
:1021500002990398026842E800100028F0D1FFE7D6
:10216000FFE7FFE7FFE70398006850E8020F4FF62C
:10217000FE71CEF6FF7108400190FFE701990398C8
:10218000026842E802100028EDD1FFE7FFE703985C
:10219000C06E012814D1FFE7FFE7FFE7039800684E
:1021A00050E8000F20F010000090FFE7009903981E
:1021B000026842E800100028F0D1FFE7FFE7FFE7E0
:1021C00003992020C1F88C0003990020C866039968
:1021D000486704B07047000080B582B00190FFE707
:1021E000FFE70198006850E8000F20F040000090E1
:1021F000FFE700990198026842E800100028F0D13A
:10220000FFE7FFE701992020C1F88800019900202D
:1022100088670198FBF7B4FF02B080BD00000000A2
:1022200083B00290FFE7FFE70298006850E8000FD4
:1022300020F0C0000190FFE701990298026842E88F
:1022400000100028F0D1FFE7FFE7FFE7FFE7029863
:10225000006850E8020F20F400000090FFE70099AA
:102260000298026842E802100028F0D1FFE7FFE779
:1022700002992020C1F8880003B0704700000000D8
:1022800080B584B003900291ADF8062003980068F1
:1022900041F20001C4F20101884240F0EF80FFE703
:1022A000039840F6D411C2F2004108600298C1F8C8
:1022B0000C01BDF80600A1F804010398B1F804214F
:1022C0008431FAF74DFB45F2F030C2F2004000686D
:1022D0001021C4F20201884200F0B280FFE745F20B
:1022E000F030C2F2004000682821C4F202018842A6
:1022F00000F0A680FFE745F2F030C2F2004000682F
:102300004021C4F20201884200F09A80FFE745F2C2
:10231000F030C2F2004000685821C4F20201884245
:1023200000F08E80FFE745F2F030C2F20040006816
:102330007021C4F20201884200F08280FFE745F27A
:10234000F030C2F2004000688821C4F202018842E5
:1023500076D0FFE745F2F030C2F200400068A021DD
:10236000C4F2020188426BD0FFE745F2F030C2F2BE
:1023700000400068B821C4F20201884260D0FFE743
:1023800045F2F030C2F20040006840F21041C4F261
:102390000201884254D0FFE745F2F030C2F200401B
:1023A000006840F22841C4F20201884248D0FFE7A9
:1023B00045F2F030C2F20040006840F24041C4F201
:1023C000020188423CD0FFE745F2F030C2F2004003
:1023D000006840F25841C4F20201884230D0FFE761
:1023E00045F2F030C2F20040006840F27041C4F2A1
:1023F0000201884224D0FFE745F2F030C2F20040EB
:10240000006840F28841C4F20201884218D0FFE718
:1024100045F2F030C2F20040006840F2A041C4F240
:10242000020188420CD0FFE745F2F030C2F20040D2
:10243000006840F2B841C4F2020188420AD1FFE7C5
:1024400045F2F030C2F200400168086820F0080050
:10245000086009E045F2F030C2F200400168086807
:1024600020F004000860FFE740F6D410C2F20040FC
:10247000B0F804118430EDF793FF72E1039800681F
:1024800045F20001C4F20001884216D1FFE703982B
:1024900040F61461C2F2004108600298C1F80C01D4
:1024A000BDF80600A1F804010398B1F80421520018
:1024B000843192B2FAF754FA52E10398006847F671
:1024C0000001C4F20001884214D1FFE7039841F2F1
:1024D0003401C2F2004108600298C1F80C01BDF855
:1024E0000600A1F804010398B1F804218431FAF739
:1024F00037FA34E10398006847F60041C4F200015E
:10250000884214D1FFE7039841F24411C2F200411E
:1025100008600298C1F80C01BDF80600A1F804019A
:102520000398B1F804218431FAF71AFA16E10398F6
:10253000006841F60001C4F20101884214D1FFE7AE
:10254000039841F25421C2F2004108600298C1F898
:102550000C01BDF80600A1F804010398B1F80421AC
:102560008431FAF7FDF9F8E00398006841F600417C
:10257000C4F20101884240F0EF80FFE7039840F683
:10258000C401C2F2004108600298C1F80C01BDF814
:102590000600A1F804010398B1F804218431FAF788
:1025A000DFF945F20030C2F2004000681021C4F2A9
:1025B0000201884200F0B280FFE745F20030C2F22B
:1025C000004000682821C4F20201884200F0A68081
:1025D000FFE745F20030C2F2004000684021C4F23B
:1025E0000201884200F09A80FFE745F20030C2F213
:1025F000004000685821C4F20201884200F08E8039
:10260000FFE745F20030C2F2004000687021C4F2DA
:102610000201884200F08280FFE745F20030C2F2FA
:10262000004000688821C4F20201884276D0FFE7AA
:1026300045F20030C2F200400068A021C4F202015D
:1026400088426BD0FFE745F20030C2F200400068DC
:10265000B821C4F20201884260D0FFE745F20030A1
:10266000C2F20040006840F21041C4F20201884208
:1026700054D0FFE745F20030C2F20040006840F25B
:102680002841C4F20201884248D0FFE745F20030F9
:10269000C2F20040006840F24041C4F202018842A8
:1026A0003CD0FFE745F20030C2F20040006840F243
:1026B0005841C4F20201884230D0FFE745F20030B1
:1026C000C2F20040006840F27041C4F20201884248
:1026D00024D0FFE745F20030C2F20040006840F22B
:1026E0008841C4F20201884218D0FFE745F2003069
:1026F000C2F20040006840F2A041C4F202018842E8
:102700000CD0FFE745F20030C2F20040006840F212
:10271000B841C4F2020188420AD1FFE745F2003015
:10272000C2F200400168086820F00800086009E073
:1027300045F20030C2F200400168086820F0040051
:102740000860FFE740F6C400C2F20040B0F8041190
:102750008430EDF725FEFFE7FFE7FFE7FFE7FFE740
:10276000FFE704B080BD000080B59EB01D90002042
:102770008DF867001D98006840F60041C5F600011D
:10278000884201D1FFE700E0FFE71D9988680B69E7
:102790004A69C9691843104308431C901D98006892
:1027A000006846F6F311CCF6FF7108401C99084307
:1027B0001D99096808601D980068406820F4405021
:1027C0001D9A1168D268104348601D9880691C905A
:1027D0001D98006840F60041C5F60001884206D009
:1027E000FFE71D98016A1C9808431C90FFE71D989D
:1027F000006880684FF2FF41C1F2FF1108401C9948
:1028000008431D99096888601D980068C06A20F017
:102810000F001D9A1168526A1043C862FFE71D98A5
:10282000006841F20001C4F20101884240F0418099
:10283000FFE744F25440C5F60200006800F038009B
:102840000146109128282FD81099DFE801F0152DA6
:102850002D2D2D2D2D2D192D2D2D2D2D2D2D1D2DCC
:102860002D2D2D2D2D2D212D2D2D2D2D2D2D252DAC
:102870002D2D2D2D2D2D290001208DF86D0017E017
:1028800004208DF86D0013E008208DF86D000FE036
:1028900010208DF86D000BE020208DF86D0007E012
:1028A00040208DF86D0003E080208DF86D00FFE77B
:1028B0006CE21D98006844F20041C4F200018842B5
:1028C0002ED1FFE744F25440C5F60200006800F044
:1028D000070001460F9105281DD80F99DFE801F088
:1028E00003070B0F131700208DF86D0017E004206D
:1028F0008DF86D0013E008208DF86D000FE01020BA
:102900008DF86D000BE020208DF86D0007E0402071
:102910008DF86D0003E080208DF86D00FFE734E254
:102920001D98006844F60001C4F2000188422ED1CF
:10293000FFE744F25440C5F60200006800F00700CB
:1029400001460E9105281DD80E99DFE801F0030716
:102950000B0F131700208DF86D0017E004208DF881
:102960006D0013E008208DF86D000FE010208DF849
:102970006D000BE020208DF86D0007E040208DF801
:102980006D0003E080208DF86D00FFE7FCE11D98ED
:10299000006844F60041C4F2000188422ED1FFE7EE
:1029A00044F25440C5F60200006800F007000146FA
:1029B0000D9105281DD80D99DFE801F003070B0FD5
:1029C000131700208DF86D0017E004208DF86D00BE
:1029D00013E008208DF86D000FE010208DF86D00D9
:1029E0000BE020208DF86D0007E040208DF86D0091
:1029F00003E080208DF86D00FFE7C4E11D980068BA
:102A000045F20001C4F2000188422ED1FFE744F2F2
:102A10005440C5F60200006800F0070001460C9122
:102A200005281DD80C99DFE801F003070B0F1317D9
:102A300000208DF86D0017E004208DF86D0013E084
:102A400008208DF86D000FE010208DF86D000BE070
:102A500020208DF86D0007E040208DF86D0003E028
:102A600080208DF86D00FFE78CE11D98006841F231
:102A70000041C4F20101884240F04180FFE744F286
:102A80005440C5F60200006800F0380001460B9182
:102A900028282FD80B99DFE801F0152D2D2D2D2D8D
:102AA0002D2D192D2D2D2D2D2D2D1D2D2D2D2D2D7A
:102AB0002D2D212D2D2D2D2D2D2D252D2D2D2D2D5A
:102AC0002D2D290001208DF86D0017E004208DF8D0
:102AD0006D0013E008208DF86D000FE010208DF8D8
:102AE0006D000BE020208DF86D0007E040208DF890
:102AF0006D0003E080208DF86D00FFE741E11D9837
:102B0000006847F60001C4F2000188422ED1FFE7B9
:102B100044F25440C5F60200006800F00700014688
:102B20000A9105281DD80A99DFE801F003070B0F69
:102B3000131700208DF86D0017E004208DF86D004C
:102B400013E008208DF86D000FE010208DF86D0067
:102B50000BE020208DF86D0007E040208DF86D001F
:102B600003E080208DF86D00FFE709E11D98006803
:102B700047F60041C4F2000188422ED1FFE744F23B
:102B80005440C5F60200006800F0070001460991B4
:102B900005281DD80999DFE801F003070B0F13176B
:102BA00000208DF86D0017E004208DF86D0013E013
:102BB00008208DF86D000FE010208DF86D000BE0FF
:102BC00020208DF86D0007E040208DF86D0003E0B7
:102BD00080208DF86D00FFE7D1E01D98006841F678
:102BE0000001C4F20101884240F04180FFE744F255
:102BF0005440C5F60200006800F038000146089114
:102C000028282FD80899DFE801F0152D2D2D2D2D1E
:102C10002D2D192D2D2D2D2D2D2D1D2D2D2D2D2D08
:102C20002D2D212D2D2D2D2D2D2D252D2D2D2D2DE8
:102C30002D2D290001208DF86D0017E004208DF85E
:102C40006D0013E008208DF86D000FE010208DF866
:102C50006D000BE020208DF86D0007E040208DF81E
:102C60006D0003E080208DF86D00FFE786E01D9881
:102C7000006841F60041C4F20101884240F0418001
:102C8000FFE744F25440C5F60200006800F0380047
:102C90000146079128282FD80799DFE801F0152D64
:102CA0002D2D2D2D2D2D192D2D2D2D2D2D2D1D2D78
:102CB0002D2D2D2D2D2D212D2D2D2D2D2D2D252D58
:102CC0002D2D2D2D2D2D290001208DF86D0017E0C3
:102CD00004208DF86D0013E008208DF86D000FE0E2
:102CE00010208DF86D000BE020208DF86D0007E0BE
:102CF00040208DF86D0003E080208DF86D00FFE727
:102D00003BE01D98006840F60041C5F6000188428E
:102D10002ED1FFE744F25840C5F60200006800F0EB
:102D200007000146069105281DD80699DFE801F045
:102D300003070B0F131702208DF86D0017E0042016
:102D40008DF86D0013E008208DF86D000FE0102065
:102D50008DF86D000BE020208DF86D0007E040201D
:102D60008DF86D0003E080208DF86D00FFE703E033
:102D700080208DF86D00FFE7FFE7FFE7FFE7FFE743
:102D8000FFE7FFE7FFE7FFE7FFE7FFE7FFE71D9844
:102D9000006840F60041C5F60001884240F0B4806A
:102DA000FFE79DF86D0001460591022814D0FFE76A
:102DB0000598042814D0FFE70598082816D0FFE7E7
:102DC0000598102818D0FFE70598202835D0FFE790
:102DD0000598402837D03AE0F4F766FF11903CE0C0
:102DE00015A8F4F775FF1698119036E012A8F5F7BC
:102DF000BBF81398119030E044F20040C5F6020091
:102E0000006800F020010020B0EB511F0ED0FFE75A
:102E100044F20040C5F602000068C0F3C10149F267
:102E20000000C0F2D030C840119005E049F2000027
:102E3000C0F2D0301190FFE70FE040F60010C0F272
:102E40003D00119009E04FF40040119005E0002092
:102E5000119001208DF86700FFE71198002852D0EB
:102E6000FFE711981D994A6A44F28C31C0F60201BD
:102E700031F81210B0FBF1F0189018981D994968BC
:102E800001EB4101884207D3FFE718981D99496873
:102E9000B0EB013F04D9FFE701208DF8670031E076
:102EA00011981D994A6803924A6A44F28C31C0F61F
:102EB000020131F81220002304931946EDF726FA97
:102EC000039A049B090241EA1061000210EB5200D0
:102ED00041F10001EDF71AFA1A901A98B0F5407F07
:102EE0000BD3FFE71A990020B0EB115F05D1FFE784
:102EF0001A981D990968C86003E001208DF86700E1
:102F0000FFE7FFE7FFE746E11D98C069B0F5004F16
:102F100040F0A880FFE79DF86D000146029140282F
:102F200000F263800299DFE801F0212560602960EA
:102F300060602F60606060606060356060606060ED
:102F4000606060606060606060605660606060608B
:102F50006060606060606060606060606060606071
:102F6000606060606060606060605C00F6F7B8FBA5
:102F7000119040E0F6F7C8FB11903CE015A8F4F77B
:102F8000A7FE1698119036E012A8F4F7EDFF1398FB
:102F9000119030E044F20040C5F60200006800F0F5
:102FA00020010020B0EB511F0ED0FFE744F200409B
:102FB000C5F602000068C0F3C10149F20000C0F28A
:102FC000D030C840119005E049F20000C0F2D03086
:102FD0001190FFE70FE040F60010C0F23D001190A5
:102FE00009E04FF40040119005E00020119001200D
:102FF0008DF86700FFE7119898B3FFE711981D9AC5
:103000005168536A44F28C32C0F6020232F813203F
:10301000B0FBF2F0400000EB5100B0FBF1F01A9071
:103020001A98102818D3FFE7BDF86A00A0B9FFE787
:103030001A9820F00F00ADF86E001A9800F00E01FB
:10304000BDF86E0040EA5100ADF86E00BDF86E00AC
:103050001D990968C86003E001208DF86700FFE74B
:10306000FFE797E09DF86D0001460191402800F2CE
:1030700063800199DFE801F02125606029606060CC
:103080002F6060606060606035606060606060609C
:10309000606060606060606056606060606060603A
:1030A0006060606060606060606060606060606020
:1030B00060606060606060605C00F6F711FB11901A
:1030C00040E0F6F721FB11903CE015A8F4F700FE74
:1030D0001698119036E012A8F4F746FF1398119055
:1030E00030E044F20040C5F60200006800F0200124
:1030F0000020B0EB511F0ED0FFE744F20040C5F6B0
:1031000002000068C0F3C10149F20000C0F2D030F3
:10311000C840119005E049F20000C0F2D030119093
:10312000FFE70FE040F60010C0F23D00119009E00B
:103130004FF40040119005E00020119001208DF81F
:103140006700FFE7119820B3FFE711981D9A5168B7
:10315000536A44F28C32C0F6020232F81320B0FBFC
:10316000F2F000EB5100B0FBF1F01A901A98102821
:103170000AD3FFE7BDF86A0030B9FFE7BDF8680081
:103180001D990968C86003E001208DF86700FFE71A
:10319000FFE7FFE7FFE71D990120A1F86A001D99ED
:1031A000A1F868001D99002048671D9988679DF85F
:1031B00067001EB080BD000080B588B00690059104
:1031C000ADF81220059806998865BDF81200069999
:1031D000A1F85C0006990020C1F890000699222011
:1031E000C1F88C000698D0F88000B0B3FFE70698CD
:1031F000D0F8801042F20900C0F60100C8630698BA
:10320000D0F8801042F20110C0F601000864069860
:10321000D0F8801041F68970C0F60100C8640698A5
:10322000D0F880100020086506980168826DD0F8FB
:1032300080002431BDF81230F1F7F6F860B1FFE7F5
:1032400006991020C1F8900006992020C1F88C0042
:1032500001208DF81F0042E0FFE706980069A0B149
:10326000FFE7FFE7FFE70698006850E8000F40F42B
:1032700080700390FFE703990698026842E8001007
:103280000028F0D1FFE7FFE7FFE7FFE7FFE7069839
:10329000006850E8020F40F001000290FFE7029939
:1032A0000698026842E802100028F0D1FFE7FFE725
:1032B000FFE7FFE70698006850E8020F40F0400083
:1032C0000190FFE701990698026842E80210002881
:1032D000F0D1FFE7FFE700208DF81F00FFE79DF822
:1032E0001F0008B080BD000080B586B0DDF820C0AA
:1032F000049003918DF80B200193FFE70498006878
:10330000C06903990840401AB0FA80F040099DF85E
:103310000B10884266D1FFE708980130002860D082
:10332000FFE7F3F7C9F90199401A0899884203D8D1
:10333000FFE7089820B9FFE703208DF8170055E054
:103340000498006800684007002849D5FFE7039803
:10335000802845D0FFE70398402841D0FFE7049834
:103360000068C06900F008010120B0EBD10F16D150
:10337000FFE7049801680820009008620498FEF7AF
:10338000DBFE00980499C1F89000FFE70499002043
:1033900081F88400FFE701208DF8170026E00498EB
:1033A0000068C06900F400610120B0EBD12F16D194
:1033B000FFE7049801684FF4006008620498FEF784
:1033C000BBFE04992020C1F89000FFE7049900207B
:1033D00081F88400FFE703208DF8170006E0FFE77F
:1033E000FFE78BE700208DF81700FFE79DF8170037
:1033F00006B080BD0000000080B545F6F050C2F276
:103400000040F9F7E9FE80BD80B545F65C50C2F298
:103410000040F9F7E1FE80BD80B586B004908DF8DC
:103420000F100498D0F8C80201900498D0F8D41274
:1034300000EB8100D0F8C00220B9FFE703208DF82F
:1034400017005FE00498D0F8D41200EB8100D0F8A8
:10345000C002029004989DF80F1001F00F0101EBDB
:10346000810100EB8100806940B3FFE704989DF87B
:103470000F1001F00F0101EB810200EB8200826965
:10348000019801EBC10100EB8100C169B2FBF1F0D1
:1034900000FB112090B9FFE704989DF80F1001F090
:1034A0000F0101EB810100EB81000023836104988F
:1034B0009DF80F101A4601F0BFFD1FE00299002091
:1034C000C1F814020498D0F8D41200EB8100D0F8AF
:1034D000C402006988B1FFE70498D0F8D41200EB69
:1034E0008100D0F8C40203690299D1F8080201F5FD
:1034F00004719DF80F209847FFE7FFE700208DF843
:103500001700FFE79DF8170006B080BD000000001F
:1035100080B584B002908DF807100298D0F8D412CC
:1035200000EB8100D0F8C00200900298D0F8D412CD
:1035300000EB8100D0F8C00220B9FFE703208DF82E
:103540000F0019E002989DF8071001F0E5FA0099C4
:10355000C1F80C020298D0F8D41200EB8100D0F828
:10356000C402C2680099D1F8040201F503719047C2
:1035700000208DF80F00FFE79DF80F0004B080BD1C
:1035800080B586B005908DF81310059840F21D01A6
:10359000C2F200410091097801F0D2F80099059833
:1035A000097801F00F0101EB810100EB810100209E
:1035B00003908884059840F21E01C2F200410191F7
:1035C000097801F0BDF8019A03980599127802F084
:1035D0000F0202EB820201EB8201A1F8640105985F
:1035E00040F21C01C2F200410291097801F0A8F8F2
:1035F000029A03980599137803F00F0303EB8303F2
:1036000001EB830188840599127802F00F0202EB26
:10361000820201EB8201C8840598D0F8D41200EB35
:103620008100D0F8C002F0B1FFE70598D0F8D412BD
:1036300000EB8100D0F8C402406880470598D0F8BC
:10364000D41200EB8100D0F8C00202F0A1F9059875
:10365000D0F8D41200EB81010020C1F8C002059916
:10366000C1F8BC02FFE7002006B080BD00000000EA
:1036700080B584B002900298D0F8D41200EB81009B
:10368000D0F8C0020190019820B9FFE703208DF81F
:103690000F0025E00298D0F8D41200EB8100D0F89A
:1036A000C402C8B1FFE7019890F80002FF2813D0C8
:1036B000FFE70298D0F8D41200EB8100D0F8C402E2
:1036C0008368019991F8000291F8012298470199C5
:1036D000FF2081F80002FFE700208DF80F00FFE7D0
:1036E0009DF80F0004B080BD81B0009000990A20C1
:1036F000088040F26810C2F2004001B0704700003C
:1037000080B586B0059040F22410C2F200400190CE
:10371000822100F0D5FD014601980491012100F0BD
:10372000CFFD014601980391812100F0C9FD02906F
:10373000049820B1FFE7049910208871FFE70398EF
:1037400020B1FFE7039940208880FFE7029820B16D
:10375000FFE7029940208880FFE705994320088011
:1037600040F22410C2F2004006B080BD000000000C
:1037700080B586B0059040F22410C2F2004001905E
:10378000822100F09DFD014601980491012100F085
:1037900097FD014601980391812100F091FD02906F
:1037A000049820B1FFE7049910208871FFE703987F
:1037B00028B1FFE703994FF400708880FFE7029873
:1037C00028B1FFE702994FF400708880FFE7059960
:1037D0004320088040F22410C2F2004006B080BDB1
:1037E00080B586B0059040F22410C2F200400190EE
:1037F000822100F065FD014601980491012100F04D
:103800005FFD014601980391812100F059FD02906E
:10381000049820B1FFE7049910208871FFE703980E
:1038200020B1FFE7039940208880FFE7029820B18C
:10383000FFE7029940208880FFE705994320088030
:1038400040F22410C2F2004006B080BD000000002B
:1038500080B590B00E908DF837104FF4077002F0DD
:103860009BF80C900C9860B9FFE70E98D0F8D41232
:1038700000EB81010020C1F8C00202208DF83F005A
:10388000F0E00C984FF40771ECF78AFD0C980E9954
:10389000D1F8D42201EB8201C1F8C0020E99D1F80F
:1038A000D40201EB8000D0F8C002C1F8BC020E982F
:1038B000007C002840D1FFE70E9840F21D01C2F2C3
:1038C000004107910978022208924FF4007309938E
:1038D00001F016FA0799089A099B0E98097801F0E9
:1038E0000F0101EB810100EB810101200B90888425
:1038F0000E9840F21E01C2F200410A91097801F0CF
:10390000FFF90A9A0B980E99127802F00F0202EB57
:10391000820201EB8201A1F864010E9840F21C01C1
:10392000C2F20041097801F00F0101EB810100EBC7
:1039300081011020C8843EE00E9840F21D01C2F2C1
:10394000004102910978022203924023049301F07E
:10395000D7F90299039A049B0E98097801F00F0198
:1039600001EB810100EB81010120069088840E9813
:1039700040F21E01C2F200410591097801F0C0F940
:10398000059A06980E99127802F00F0202EB820255
:1039900001EB8201A1F864010E9840F21C01C2F211
:1039A0000041097801F00F0101EB810100EB810179
:1039B0001020C884FFE70E9840F21C01C2F20041BB
:1039C000009109780322082301F09AF900990E98D2
:1039D000097801F00F0101EB810100EB8101012069
:1039E00088840C9900200190C1F804020E98D0F848
:1039F000D41200EB8100D0F8C4020068804701981F
:103A00000C99C1F814020C99C1F818020C98D0F85E
:103A1000040220B9FFE702208DF83F0022E00E9853
:103A2000007C70B9FFE70E9840F21E01C2F200411F
:103A300009780C9AD2F804224FF4007301F088F947
:103A40000CE00E9840F21E01C2F2004109780C9A77
:103A5000D2F80422402301F07BF9FFE700208DF823
:103A60003F00FFE79DF83F0010B080BD0000000060
:103A700080B584B002900298D0F8D41200EB810097
:103A8000D0F8C00201900298D0F8D41200EB810067
:103A9000D0F8C00220B9FFE703208DF80F0022E024
:103AA0000298007C70B9FFE7029840F21E01C2F252
:103AB00000410978019AD2F804224FF4007301F012
:103AC00047F90CE0029840F21E01C2F20041097869
:103AD000019AD2F80422402301F03AF9FFE70020CE
:103AE0008DF80F00FFE79DF80F0004B080BD0000C7
:103AF00083B001900091009820B9FFE703208DF872
:103B00000B000BE000980199D1F8D42201EB82015F
:103B1000C1F8C40200208DF80B00FFE79DF80B00F0
:103B200003B070470000000084B002900191029839
:103B3000D0F8D41200EB8100D0F8C00200900098B9
:103B400020B9FFE703208DF80F0007E001980099E6
:103B5000C1F8040200208DF80F00FFE79DF80F0068
:103B600004B070470000000085B0039002910192FC
:103B70000398D0F8D41200EB8100D0F8C002009076
:103B8000009820B9FFE703208DF813000BE002989E
:103B90000099C1F8080201980099C1F810020020AC
:103BA0008DF81300FFE79DF8130005B07047000083
:103BB00080B58AB0089007910898D0F8D41200EB2D
:103BC0008100D0F8C002069000208DF81500ADF8F5
:103BD00012008DF81100069820B9FFE703208DF838
:103BE0002700C7E00798007800F0600001460391C5
:103BF00000285ED0FFE70398202840F0AE80FFE762
:103C00000798C088002846D0FFE70798007800068C
:103C1000002823D5FFE70898D0F8D41200EB8100E4
:103C2000D0F8C4028368079A50780699D2889847DA
:103C30000798C088082803D3FFE70720029003E015
:103C40000798C0880290FFE70298ADF81600089820
:103C50000699BDF8162000F03FF91BE00798407860
:103C6000069981F800020798C0883F2804D8FFE72A
:103C70000798C088019002E040200190FFE701987A
:103C8000069981F801020898069991F8012200F03E
:103C9000F3F8FFE70CE00898D0F8D41200EB8100AD
:103CA000D0F8C40283680799487800229847FFE754
:103CB0005BE007984078014600910B2844D80099B2
:103CC000DFE801F0064142424242424242421C3297
:103CD000089890F89C02032807D1FFE708980DF197
:103CE0001201022200F0F8F807E00898079900F0A6
:103CF000B3F803208DF81100FFE72DE0089890F845
:103D00009C02032807D1FFE708980DF11501012255
:103D100000F0E2F807E00898079900F09DF803200A
:103D20008DF81100FFE717E0089890F89C0203282F
:103D300008D0FFE70898079900F08EF803208DF867
:103D40001100FFE708E007E00898079900F084F801
:103D500003208DF81100FFE707E00898079900F0AD
:103D60007BF803208DF81100FFE79DF811008DF816
:103D70002700FFE79DF827000AB080BD0000000083
:103D800080B582B001908DF8031000208DF80200FC
:103D90000198D0F8B8124A689DF80310904720B1F6
:103DA000FFE703208DF80200FFE79DF8020002B054
:103DB00080BD00000000000080B582B0019000913D
:103DC000019890F89C02013802280ED8FFE700986D
:103DD0004088012808D1FFE701990020C1F8A4021A
:103DE000019800F095F8FFE704E00198009900F0D1
:103DF00033F8FFE702B080BD82B001908DF8031068
:103E0000002002B07047000082B001908DF80310CE
:103E1000002002B07047000080B584B0039002918A
:103E200001920398029A019B0021009100F090FFFB
:103E3000009804B080BD000080B584B0039002916A
:103E400001920398029A019B0021009101F0F4F87D
:103E5000009804B080BD000080B582B00190009150
:103E60000198802101F094F80198002101F090F868
:103E700002B080BD0000000080B584B003900291C4
:103E8000019203990320C1F8940201980399C1F8A3
:103E9000580101980399C1F85C010398029A019BAB
:103EA0000021009100F054FF009804B080BD000094
:103EB00080B582B0019001990520C1F89402019863
:103EC0000023009319461A4600F042FF009802B002
:103ED00080BD00000000000080B584B00390029116
:103EE000019203990220C1F8940201980399886114
:103EF00001980399C8610398029A019B00210091DF
:103F000001F09AF8009804B080BD000000000000A5
:103F100080B582B0019001990420C1F89402019803
:103F20000023009319461A4601F086F8009802B063
:103F300080BD00000000000080B584B003900291B5
:103F40000298C088012805D0FFE703980299FFF77F
:103F500083FF21E0039890F89C12481E01910228EB
:103F600004D3FFE7019803280AD00FE0039900204B
:103F70008860039800F108010122FFF7ADFF0AE015
:103F80000398011D0122FFF7A7FF04E0039802999F
:103F9000FFF762FFFFE7FFE704B080BD000000000D
:103FA00080B588B0079006910020ADF81600049007
:103FB0008DF80F000698C0780138014602910E284E
:103FC00000F241810299DFE811F02A00340051002B
:103FD0003E013E010B0123013E013E013E013E0137
:103FE0003E013E013E010F000798D0F8B402C069BF
:103FF00050B1FFE70798D0F8B412CA69007C0DF100
:1040000016019047049009E007980699FFF724FFEE
:104010009DF80F0001308DF80F00FFE71DE10798B4
:10402000D0F8B4120A68007C0DF116019047049094
:1040300013E10798007C60B9FFE70798D0F8B80251
:10404000816A0DF116008847049004990220487097
:104050000BE00798D0F8B802C16A0DF11600884746
:104060000490049902204870FFE7F6E006988078F3
:1040700001460191052800F2A8800199DFE801F0CE
:10408000031E39546F8A0798D0F8B402406850B1C3
:10409000FFE70798D0F8B4124A68007C0DF11601CA
:1040A0009047049009E007980699FFF7D5FE9DF820
:1040B0000F0001308DF80F00FFE790E00798D0F86F
:1040C000B402806850B1FFE70798D0F8B4128A684C
:1040D000007C0DF116019047049009E007980699BD
:1040E000FFF7BAFE9DF80F0001308DF80F00FFE7D3
:1040F00075E00798D0F8B402C06850B1FFE70798A0
:10410000D0F8B412CA68007C0DF1160190470490F3
:1041100009E007980699FFF79FFE9DF80F00013010
:104120008DF80F00FFE75AE00798D0F8B402006955
:1041300050B1FFE70798D0F8B4120A69007C0DF17E
:1041400016019047049009E007980699FFF784FE4E
:104150009DF80F0001308DF80F00FFE73FE0079852
:10416000D0F8B402406950B1FFE70798D0F8B41214
:104170004A69007C0DF116019047049009E0079808
:104180000699FFF769FE9DF80F0001308DF80F00CA
:10419000FFE724E00798D0F8B402806950B1FFE748
:1041A0000798D0F8B4128A69007C0DF11601904787
:1041B000049009E007980699FFF74EFE9DF80F005E
:1041C00001308DF80F00FFE709E007980699FFF727
:1041D00043FE9DF80F0001308DF80F00FFE73CE033
:1041E0000798007C48B9FFE70798D0F8B802416B00
:1041F0000DF116008847049009E007980699FFF72B
:104200002BFE9DF80F0001308DF80F00FFE724E032
:104210000798007C60B9FFE70798D0F8B802016BF7
:104220000DF116008847049004990720487009E0B2
:1042300007980699FFF710FE9DF80F0001308DF8E2
:104240000F00FFE709E007980699FFF705FE9DF8C4
:104250000F0001308DF80F00FFE79DF80F0008B147
:10426000FFE72AE00698C08818B3FFE7BDF81600FC
:10427000C8B1FFE7BDF816000699C988884204DA7C
:10428000FFE7BDF81600009003E00698C088009094
:10429000FFE70098ADF8160007980499BDF81620BE
:1042A000FFF71AFE04E007980699FFF7D5FDFFE730
:1042B00003E00798FFF72CFEFFE708B080BD000081
:1042C00080B586B005908DF8131005980390059879
:1042D000029000200190029948880978884227DDE1
:1042E000FFE702980078ADF80200FFE7BDF8020092
:1042F0000299498888421ADAFFE703980DF1020112
:1043000000F036F803900398407805280ED1FFE7B7
:1043100003980190019880789DF81310884201D18C
:10432000FFE704E000200190FFE7FFE7DEE7FFE79B
:10433000019806B080BD000083B0029000208DF887
:10434000070002980090FFE70098007848B1FFE767
:104350009DF8070001308DF80700009801300090AB
:10436000F2E79DF8070003B070470000000000006E
:1043700083B0029001910298009000980278019910
:104380000888104408800298009909780844009031
:10439000009803B07047000080B582B00190009192
:1043A000019890F89C02013802281FD8FFE7009876
:1043B000C088022805D0FFE701980099FFF74CFD5F
:1043C00019E001990120C8600198D0F8A40230B129
:1043D000FFE70199C86840F00200C860FFE7019854
:1043E00000F10C010222FFF777FD04E0019800992B
:1043F000FFF732FDFFE702B080BD000000000000C3
:1044000080B586B005900491039200208DF80B00D2
:10441000059808B9FFE74FE0059801900198FFF76C
:104420008BFF0146022000EB4100B0F5007F04D96C
:10443000FFE74FF40070009008E00198FFF77CFF61
:104440000146022000EB41000090FFE7009803992D
:1044500008800398007804999DF80B2088549DF8F3
:104460000B0001308DF80B0004999DF80B20032000
:1044700088549DF80B0001308DF80B00FFE7019880
:104480000078C8B1FFE70198007804999DF80B20E7
:1044900088540198013001909DF80B0001308DF88F
:1044A0000B0004999DF80B20002088549DF80B0008
:1044B00001308DF80B00E2E706B080BD000000007F
:1044C00082B08DF8070000208DF806009DF80700E7
:1044D00001460091032814D80099DFE801F0020694
:1044E0000A0E00208DF806000FE003208DF806006C
:1044F0000BE001208DF8060007E003208DF8060090
:1045000003E003208DF80600FFE79DF8060002B0E7
:10451000704700000000000080B582B08DF80700F1
:1045200000919DF8070060B9FFE7009A44F65A60D1
:10453000C0F6020041F26831C2F20041FFF760FFAD
:104540000BE0009A44F65A60C0F6020041F268316E
:10455000C2F20041FFF754FFFFE741F26830C2F2B8
:10456000004002B080BD000082B08DF807000091CD
:1045700000991220088040F27410C2F2004002B08C
:10458000704700000000000080B582B08DF8070081
:1045900000919DF8070060B9FFE7009A44F64C606F
:1045A000C0F6020041F26831C2F20041FFF728FF75
:1045B0000BE0009A44F64C60C0F6020041F268310C
:1045C000C2F20041FFF71CFFFFE741F26830C2F280
:1045D000004002B080BD000082B08DF8070000915D
:1045E00000990420088040F29C10C2F2004002B002
:1045F000704700000000000080B584B08DF80F0007
:104600000291029A44F66560C0F6020041F26831F8
:10461000C2F200410191FFF7F3FE019804B080BDA2
:1046200080B582B08DF8070000919DF8070060B951
:10463000FFE7009A44F67860C0F6020041F2683164
:10464000C2F20041FFF7DCFE0BE0009A44F678600E
:10465000C0F6020041F26831C2F20041FFF7D0FE1D
:10466000FFE741F26830C2F2004002B080BD0000B6
:1046700080B582B08DF80700009100991A2008805B
:10468000EDF7F6F840F2A010C2F2004002B080BD93
:1046900080B584B0029001918DF80320029820B972
:1046A000FFE703208DF80F0023E002990020C1F8F6
:1046B000B8020299C1F8C4020299C1F8D002019867
:1046C00028B1FFE701980299C1F8B402FFE7029907
:1046D000012081F89C029DF803000299087002985D
:1046E00000F02AFA8DF802009DF802008DF80F0004
:1046F000FFE79DF80F0004B080BD0000000000003F
:1047000080B582B001908DF8031000208DF8020072
:104710008DF801000198D0F8C8029DF80310F2F757
:10472000EFF98DF802009DF80200FFF7C9FE8DF841
:1047300001009DF8010002B080BD000000000000F3
:1047400080B582B001908DF8031000208DF8020032
:104750008DF801000198D0F8C8029DF80310F2F717
:104760007BF98DF802009DF80200FFF7A9FE8DF895
:1047700001009DF8010002B080BD000000000000B3
:1047800080B588B006908DF8171004929DF8170038
:10479000002874D1FFE70698143003900698D0F8EB
:1047A000940202285DD1FFE703998868C9688842AE
:1047B00012D9FFE703998868CA68801A886006984A
:1047C0000499039A9268FFF737FB0698002319466D
:1047D0001A4600F0BDFA43E003988168C068884239
:1047E0001ED1FFE703994868C968884218D3FFE7DC
:1047F000039840680699D1F89812884210D2FFE7D2
:104800000698002201921146FFF716FB019B0698BD
:10481000C0F89832069819461A4600F099FA1EE038
:10482000069890F89C02032811D1FFE70698D0F86B
:10483000B802C06850B1FFE706990020C1F8D40261
:104840000698D0F8B812C9688847FFE7FFE70698CE
:10485000802100F09DFB0698FFF72AFBFFE7FFE7AA
:10486000FFE7069890F8A00240B1FFE7069800F035
:1048700077FC0699002081F8A002FFE740E0069847
:104880009DF8171041F08001FFF7B6FA8DF80A0085
:104890009DF80A00FF2832D0FFE79DF80A0070BBA0
:1048A000FFE7069890F89C02032827D1FFE70698B7
:1048B0009DF80A1000EB8100D0F8B8024069E0B121
:1048C000FFE79DF80A000699C1F8D40206989DF802
:1048D0000A1000EB8101D1F8B8124A699DF817104F
:1048E00090478DF80B009DF80B0028B1FFE79DF86D
:1048F0000B008DF81F0007E0FFE7FFE7FFE7FFE78A
:1049000000208DF81F00FFE79DF81F0008B080BD54
:1049100080B58AB008908DF81F10069200208DF89F
:1049200013009DF81F00002840F08280FFE70898E0
:1049300000F5AA7005900898D0F89402032876D163
:10494000FFE705998868C96888421DD9FFE705997E
:104950008868CA68801A8860089802900698039050
:1049600005998868C968884204D2FFE7059880687D
:10497000019003E00598C0680190FFE70399029851
:10498000019AFFF749FA51E0089890F8AA0200F05E
:104990001F000146009140B1FFE70098012808D0B0
:1049A000FFE7009802280CD013E000208DF81200D9
:1049B00013E0089890F8AE12FFF726FA8DF812006F
:1049C0000BE0089890F8AE12FFF716FA8DF8120077
:1049D00003E000208DF81200FFE79DF8120008BBED
:1049E000FFE7089890F89C0203281AD1FFE708987F
:1049F0009DF8121000EB8100D0F8B802006978B180
:104A0000FFE79DF812000899C1F8D40208989DF8B4
:104A1000121000EB8101D1F8B81209698847FFE74D
:104A2000FFE7FFE70898FFF773FAFFE7FFE740E0CB
:104A300008989DF81F1001F07F01FFF7DDF98DF850
:104A400012009DF81200FF2832D0FFE79DF81200F7
:104A500070BBFFE7089890F89C0203281ED1FFE77F
:104A600008989DF8121000EB8100D0F8B802806918
:104A700098B1FFE79DF812000899C1F8D402089890
:104A80009DF8121000EB8101D1F8B8128A699DF8E7
:104A90001F1090478DF81300FFE7FFE79DF8130004
:104AA00028B1FFE79DF813008DF8270005E0FFE728
:104AB000FFE700208DF82700FFE79DF827000AB0E8
:104AC00080BD00000000000081B00090002001B017
:104AD000704700000000000080B582B00190002007
:104AE0008DF803000199012081F89C020198D0F80B
:104AF000B80268B1FFE70198D0F8B8124A680179A6
:104B0000904720B1FFE703208DF80300FFE7FFE7A0
:104B10009DF8030002B080BD80B582B001908DF891
:104B200003100198D0F8C8029DF80310F2F74CF872
:104B300002B080BD0000000080B584B003900398EF
:104B40000078012838D1FFE7039945F2C060C2F22E
:104B500000400290C0F8E0140399C1F8C802002197
:104B6000C4F204010160092101710222C271002115
:104B7000817142728172C17201738173C173017458
:104B8000F2F7F6FD18B1FFE7ECF792FCFFE745F20C
:104B9000C060C2F20040019080210091F1F790FEC8
:104BA000009A01980021F1F797FE019801214FF436
:104BB000BA72F1F791FEFFE7002004B080BD00005B
:104BC00084B002908DF807100298D0F8C8020090C7
:104BD0009DF80700000600280DD5FFE700989DF816
:104BE000071001F07F0101EBC10100EB8100807D26
:104BF0008DF80F000DE000989DF8071001F07F017F
:104C000001EBC10100EB810090F856028DF80F0016
:104C1000FFE79DF80F0004B070470000000000009F
:104C200080B584B002908DF807100298D0F8D412A5
:104C300000EB8100D0F8B80220B9FFE703208DF81F
:104C40000F0020E0029890F89C02032817D1FFE79C
:104C50000298D0F8D41200EB8100D0F8B802006AB4
:104C600060B1FFE70298D0F8D41200EB8101D1F8CF
:104C7000B8120A6A9DF807109047FFE7FFE7002087
:104C80008DF80F00FFE79DF80F0004B080BD000015
:104C900080B584B002908DF807100298D0F8D41235
:104CA00000EB8100D0F8B80220B9FFE703208DF8AF
:104CB0000F0020E0029890F89C02032817D1FFE72C
:104CC0000298D0F8D41200EB8100D0F8B802406A04
:104CD00060B1FFE70298D0F8D41200EB8101D1F85F
:104CE000B8124A6A9DF807109047FFE7FFE70020D7
:104CF0008DF80F00FFE79DF80F0004B080BD0000A5
:104D000080B584B003908DF80B108DF80A20ADF8B3
:104D1000083000208DF807008DF806000398D0F8C1
:104D2000C8029DF80B10BDF808209DF80A30F1F775
:104D30005FFF8DF807009DF80700FFF7C1FB8DF8B6
:104D400006009DF8060004B080BD000000000000D1
:104D500080B586B005908DF8131003920293002061
:104D60008DF807008DF806000598D0F8C8029DF868
:104D70001310039A029BF1F7B3FF8DF807009DF81B
:104D80000700FFF79DFB8DF806009DF8060006B0B2
:104D900080BD00000000000080B586B005900020B6
:104DA0008DF81300059A012182F89C120599C1F82B
:104DB0009402059948600599C1F8A402059981F803
:104DC000A0020598D0F8B802A0B1FFE70598D0F886
:104DD000B802406868B1FFE70598D0F8B8124A6891
:104DE0000179904720B1FFE703208DF81300FFE71A
:104DF000FFE7FFE705980022019240230393114645
:104E0000FFF77EFF019A039B059901200290A1F80C
:104E100064010598C0F8603105988021FFF770FFA4
:104E200002990398059A9184059908629DF81300E8
:104E300006B080BD0000000081B00090009890F89E
:104E40009C02042807D1FFE7009890F89D02009982
:104E500081F89C02FFE7002001B0704700000000CD
:104E600080B582B00190019890F89C02032813D17C
:104E7000FFE70198D0F8B80268B1FFE70198D0F8D1
:104E8000B802C06930B1FFE70198D0F8B812C9691B
:104E90008847FFE7FFE7FFE7002002B080BD000082
:104EA00082B001908DF803109DF8030001990874F9
:104EB000002002B07047000080B582B001908DF8EC
:104EC000031000208DF802008DF801000198D0F841
:104ED000C8029DF80310F2F7EBFD8DF802009DF873
:104EE0000200FFF7EDFA8DF801009DF8010002B015
:104EF00080BD00000000000080B584B003900291E6
:104F0000039800F2AA20029900F0BAF80399012050
:104F1000C1F894020399B1F8B002C1F8980203985D
:104F200090F8AA0200F01F000146009140B1FFE78F
:104F3000009801280CD0FFE70098022810D017E055
:104F4000039800F2AA2100F067FA8DF8070019E033
:104F5000039800F2AA2100F09FFC8DF8070011E0F1
:104F6000039800F2AA2100F0BFFA8DF8070009E0CB
:104F7000039890F8AA1201F0800100F009F88DF86A
:104F80000700FFE79DF8070004B080BD00000000A7
:104F900080B582B001908DF8031000208DF80200DA
:104FA0008DF801000198D0F8C8029DF80310F1F7C0
:104FB000CFFE8DF802009DF80200FFF781FA8DF810
:104FC00001009DF8010002B080BD0000000000005B
:104FD00080B582B0019000208DF803008DF80200AA
:104FE0000198D0F8C802F2F79FFD8DF803009DF8F4
:104FF0000300FFF765FA8DF802009DF8020002B089
:1050000080BD00000000000081B00090009890F882
:105010009C02042807D0FFE7009890F89C020099B2
:1050200081F89D02FFE70099042081F89C0200208E
:1050300001B070470000000080B586B005908DF883
:1050400013100392029300208DF807008DF80600DC
:105050000598D0F8C8029DF81310039A029BF1F747
:10506000E7FE8DF807009DF80700FFF729FA8DF895
:1050700006009DF8060006B080BD0000000000009C
:1050800080B584B003900291029801900198007855
:1050900003990870019801300190019800780399F4
:1050A00048700198013001900198FBF7E5FD0399E4
:1050B00048800198013001900198013001900198D9
:1050C000FBF7DAFD0399888001980130019001987F
:1050D000013001900198FBF7CFFD0399C88004B01F
:1050E00080BD00000000000080B584B002900191F6
:1050F0000020ADF80200019820B9FFE703208DF8E9
:105100000F0026E001980299C1F8B8020298D0F881
:10511000D41200EB8100D0F8B802C06A78B1FFE782
:105120000298D0F8D41200EB8100D0F8B802C16A1E
:105130000DF1020088470299C1F8D002FFE70299F9
:10514000D1F8D8020130C1F8D80200208DF80F0044
:10515000FFE79DF80F0004B080BD000000000000D4
:1051600081B00090002001B07047000000000000F6
:1051700080B584B00390029102988088B8BBFFE7A5
:105180000298C08898BBFFE7029840887F282ED8F5
:10519000FFE70298807800F07F008DF80700039801
:1051A00090F89C02032805D1FFE703980299FEF7C7
:1051B00053FE1BE09DF80700039981F89E020398B7
:1051C0009DF80710FFF778FE0398FEF7A1FE9DF803
:1051D000070028B1FFE70399022081F89C0204E050
:1051E0000399012081F89C02FFE7FFE704E00398A0
:1051F0000299FEF731FEFFE704B080BD0000000019
:1052000080B582B001908DF8031000208DF8020067
:105210000198D0F8B80250B1FFE70198D0F8B81261
:105220000A689DF8031090478DF80200FFE79DF88B
:10523000020002B080BD000080B586B004900391EA
:1052400000208DF80B000398817841F26430C2F29F
:10525000004001700078022808D3FFE70498039902
:10526000FEF7FAFD03208DF81700A0E0049890F8EF
:105270009C0201460191022804D0FFE7019803280F
:105280002FD07FE041F26430C2F20040007818B3C2
:10529000FFE741F26431C2F200410878049A50609D
:1052A00004980978FFF7ACFF8DF80B009DF80B0010
:1052B00048B1FFE704980399FEF7CEFD0499022058
:1052C00081F89C0207E00498FEF722FE049903206F
:1052D00081F89C02FFE703E00498FEF719FEFFE760
:1052E00060E041F26430C2F20040007898B9FFE714
:1052F0000499022081F89C0241F26431C2F200411B
:105300000878049A506004980978FEF739FD0498EB
:10531000FEF7FEFD35E041F26430C2F20040007855
:1053200004994968884227D0FFE704980179FEF77D
:1053300027FD41F26431C2F200410878049A5060BE
:1053400004980978FFF75CFF8DF80B009DF80B00BF
:1053500068B1FFE704980399FEF77EFD0498017990
:10536000FEF70EFD0499022081F89C0203E00498E8
:10537000FEF7CEFDFFE703E00498FEF7C9FDFFE767
:10538000FFE70FE004980399FEF766FD049841F2E9
:105390006431C2F200410978FEF7F2FC03208DF877
:1053A0000B00FFE79DF80B008DF81700FFE79DF855
:1053B000170006B080BD000080B582B0019000915A
:1053C00000984088012808D1FFE701990120C1F821
:1053D000A4020198FEF79CFD13E000984088022883
:1053E00009D1FFE700984079019981F8A00201985E
:1053F000FEF78EFD04E001980099FEF72DFDFFE712
:10540000FFE702B080BD000080B582B00190019836
:10541000FFF7DEFD02B080BD80B586B00590049137
:1054200000208DF80F000498007800F0600001461D
:105430000291A8B1FFE70298202804D0FFE7029864
:10544000402846D1FFE70598D0F8D41200EB81013F
:10545000D1F8B8128A68049990478DF80F003DE0A2
:10546000049840780146019109282CD80199DFE879
:1054700001F01B252A202A0A052A160F05980499EF
:10548000FEF78EFD24E005980499FFF771FE1FE0FA
:1054900005980499FFF7D0FE8DF80F0018E00598E5
:1054A0000499FEF749FD13E005980499FEF774FF8F
:1054B0000EE005980499FFF77FFF09E0059804992D
:1054C000FEF77AFC04E005980499FEF7C5FCFFE7B7
:1054D00004E005980499FEF7BFFCFFE79DF80F0074
:1054E00006B080BD0000000080B58CB00B900A9122
:1054F00000208DF821000A9880888DF823000A98F2
:10550000007800F0600001460791B8B3FFE7079804
:10551000202805D0FFE70798402840F0B281FFE738
:105520000B989DF82310FEF767FC8DF822009DF87C
:105530002200FF2821D0FFE79DF82200E8B9FFE70D
:105540009DF822000B99C1F8D4020B989DF8221007
:1055500000EB8100D0F8B802806868B1FFE70B98D3
:105560009DF8221000EB8101D1F8B8128A680A99DF
:1055700090478DF82100FFE7FFE787E10A98407820
:1055800001460691002800F0BD80FFE7069801283B
:105590004CD0FFE70698032840F06D81FFE70B9899
:1055A00090F89C0201460591022804D0FFE7059877
:1055B000032819D034E09DF8230078B1FFE79DF867
:1055C000230080280AD0FFE70B989DF82310FFF7EF
:1055D000DFFC0B988021FFF7DBFC04E00B980A99B5
:1055E000FEF73AFCFFE720E00A984088A0B9FFE701
:1055F0009DF8230078B1FFE79DF8230080280AD0AA
:10560000FFE70A98C08830B9FFE70B989DF8231090
:10561000FFF7BEFCFFE7FFE70B98FEF779FC04E01D
:105620000B980A99FEF718FCFFE729E10B9890F810
:105630009C0201460491022804D0FFE70498032845
:1056400019D059E09DF8230078B1FFE79DF82300B9
:1056500080280AD0FFE70B989DF82310FFF798FCED
:105660000B988021FFF794FC04E00B980A99FEF751
:10567000F3FBFFE745E00A984088E0BBFFE79DF8B1
:105680002300400630B1FFE70B989DF82310FFF789
:1056900037F8FFE70B98FEF73BFC0B989DF82310BB
:1056A000FEF7AAFB8DF822009DF82200FF2821D0EA
:1056B000FFE79DF82200E8B9FFE79DF822000B996B
:1056C000C1F8D4020B989DF8221000EB8100D0F8AD
:1056D000B802806868B1FFE70B989DF8221000EBD4
:1056E0008101D1F8B8128A680A9990478DF8210093
:1056F000FFE7FFE7FFE704E00B980A99FEF7ACFB32
:10570000FFE7BDE00B9890F89C0201460391022848
:1057100004D0FFE70398032838D0A6E09DF82300C3
:1057200050B1FFE79DF82300802805D0FFE70B98D4
:105730000A99FEF791FB9DE09DF8230000060028E2
:105740000CD5FFE70B989DF8231001F07F0101EBCA
:10575000810100EB8100143002900CE00B989DF861
:10576000231001F07F0101EB810100EB810000F5C6
:10577000AA700290FFE7029809900999002008603A
:105780000B9809990222FEF7A7FB73E09DF823000E
:105790000006002812D5FFE70B989DF8231001F0B2
:1057A0000F0101EB810100EB8100808C28B9FFE73C
:1057B0000B980A99FEF750FB5CE012E00B989DF8FD
:1057C000231001F00F0101EB810100EB8100B0F823
:1057D000640128B9FFE70B980A99FEF73DFB49E001
:1057E000FFE79DF82300000600280CD5FFE70B9883
:1057F0009DF8231001F07F0101EB810100EB810096
:10580000143001900CE00B989DF8231001F07F01FB
:1058100001EB810100EB810000F5AA700190FFE728
:10582000019809909DF8230028B1FFE79DF8230017
:10583000802804D1FFE70999002008600FE00B9849
:105840009DF82310FFF7BCF920B1FFE7099901206B
:10585000086003E0099900200860FFE7FFE70B9864
:1058600009990222FEF738FB04E00B980A99FEF72B
:10587000F3FAFFE704E00B980A99FEF7EDFAFFE769
:1058800004E00B980A99FEF7E7FAFFE79DF821007C
:105890000CB080BD0000000080B584B00390029180
:1058A00000208DF807000298007800F060000146A3
:1058B000009140B1FFE70098202804D0FFE700984E
:1058C00040285AD1FFE7039890F89C02013802283B
:1058D0004DD8FFE702980079012842D8FFE70398E6
:1058E00002990979FEF790FA8DF806009DF80600F6
:1058F000FF2825D0FFE79DF8060008BBFFE70398C7
:105900009DF8061000EB8100D0F8B802806890B1D5
:10591000FFE79DF806000399C1F8D40203989DF8AB
:10592000061000EB8101D1F8B8128A6802999047FD
:105930008DF8070003E003208DF80700FFE703E080
:1059400003208DF80700FFE70298C08840B9FFE701
:105950009DF8070020B9FFE70398FEF7D9FAFFE7A3
:1059600004E003980299FEF777FAFFE704E0039852
:105970000299FEF771FAFFE704E003980299FEF737
:105980006BFAFFE79DF8070004B080BD000000003F
:1059900081B0009001B0704781B0009041F2685032
:1059A000C2F2004001B0704784B0039002910398A6
:1059B000019002980078009002984078012830D138
:1059C000FFE70298007800F00F01012000FA01F2D1
:1059D0000199D1F81C081043C1F81C0801980099DE
:1059E00000EB4110D0F800090004002818D4FFE7AC
:1059F000029988686FF3DF20097940EA8140009AB4
:105A000040EA8250019901EB4211D1F8002910437C
:105A100048F20002C1F200021043C1F80009FFE79A
:105A20002EE00298007800F00F01012000FA01F248
:105A30000199D1F81C0840EA0240C1F81C080198FD
:105A4000009900EB4110D0F8000B0004002816D498
:105A5000FFE7029988686FF3DF20097940EA814007
:105A60000199009A01EB4211D1F8002B104348F242
:105A70000002C1F200021043C1F8000BFFE7FFE78C
:105A8000002004B07047000082B00190019800909F
:105A90000099D1F8000940F2FF729043C1F8000963
:105AA0000099D1F8040840F48070C1F8040800207F
:105AB00002B070470000000080B58AB0DDF830C049
:105AC000CDF814C00493039202919DF814108DF840
:105AD00024100299039A049B08930792069101905F
:105AE0009DF81D00012823D1FFE70199886B20F460
:105AF000803088630199C8684FF6BF72CFF6BD72D7
:105B00001040C8600199C86820F44010C8609DF832
:105B10002400012806D1FFE70199C86840F48010ED
:105B2000C860FFE7019800F03FF88DF803001AE025
:105B30000199C86840F04000C860019800F034F84E
:105B40008DF803009DF8210030B9FFE70199886BBB
:105B500040F48030886305E00199886B20F4803040
:105B60008863FFE7FFE79DF81A00012816D1FFE7D9
:105B70000199C86D80B2C8650199C86D0022C0F254
:105B8000EE321043C8650199886840F006008860CD
:105B90000199886840F020008860FFE79DF80300C5
:105BA0000AB080BD0000000083B00190002000908A
:105BB000FFE70098013000900098B0F1706F04D9B1
:105BC000FFE703208DF80B0026E0FFE7019800694E
:105BD000C00F0028EDD0FFE7002000900199086970
:105BE00040F001000861FFE7009801300090009844
:105BF000B0F1706F04D9FFE703208DF80B000BE0C4
:105C0000FFE70198006900F001000128ECD0FFE7F0
:105C100000208DF80B00FFE79DF80B0003B07047E4
:105C200084B003900291039801900298007800904C
:105C300002984078012845D1FFE70198009900EBD0
:105C40004110D0F80009C00FA8B1FFE701980099F2
:105C500000EB4111D1F8000940F00060C1F80009E3
:105C60000198009900EB4111D1F8000940F0804003
:105C7000C1F80009FFE70298007800F00F01012049
:105C800000FA01F3019AD2F83C189943C2F83C1883
:105C90000299097801F00F0100FA01F20199D1F897
:105CA0001C089043C1F81C080198009900EB4111B1
:105CB000D1F8000947F60002CEF633421040C1F891
:105CC000000946E00198009900EB4110D0F8000B64
:105CD000C00FA8B1FFE70198009900EB4111D1F87E
:105CE000000B40F00060C1F8000B0198009900EB38
:105CF0004111D1F8000B40F08040C1F8000BFFE7E4
:105D00000298007800F00F01012000FA01F3019AD7
:105D1000D2F83C1821EA0341C2F83C1802990978EC
:105D200001F00F0100FA01F20199D1F81C0820EAF4
:105D30000240C1F81C080198009900EB4111D1F80C
:105D4000000B47F60002CEF6F3721040C1F8000BCC
:105D5000FFE7002004B0704782B0019001980090E6
:105D60000099D1F8000E20F00300C1F8000E009950
:105D7000D1F8040820F00200C1F80408002002B0A5
:105D8000704700000000000082B001900198009070
:105D90000099D1F8000E20F00300C1F8000E009920
:105DA000D1F8040840F00200C1F80408002002B055
:105DB000704700000000000080B58CB0DDF838C0EE
:105DC000CDF81CC00693059204919DF81C108DF827
:105DD0002C100499059A069B0A9309920891039046
:105DE00000208DF80B00039901910090FFE70098C7
:105DF0000E280CD8FFE70398009900EB81010020E2
:105E0000C1F80401FFE7009801300090EFE79DF82A
:105E10002A00B8B9FFE70199D1F8040840F0020060
:105E2000C1F804080399886B20F400108863039973
:105E3000086840F0400008600399086840F080005E
:105E4000086005E00399886B40F400108863FFE761
:105E500001990020C1F8000E9DF8250001280FD1FE
:105E6000FFE79DF8230028B9FFE70398002100F021
:105E70008FFE04E00398012100F08AFEFFE704E0B2
:105E80000398032100F084FEFFE70398102100F03F
:105E9000AFFC20B1FFE701208DF80B00FFE703986E
:105EA00000F06AFC20B1FFE701208DF80B00FFE74E
:105EB00001990020C1F810080199C1F8140801994E
:105EC000C1F81C080090FFE700989DF82010884258
:105ED0003BD2FFE70198009900EB4110D0F8000990
:105EE000C00FB0B1FFE7009848B9FFE701980099EB
:105EF00000EB41114FF00060C1F8000908E0019883
:105F0000009900EB41114FF09040C1F80009FFE704
:105F100007E00198009900EB41110020C1F8000949
:105F2000FFE70198009900EB41110020C1F810092A
:105F30000198009900EB41114FF67F30C1F8080934
:105F4000FFE7009801300090BEE700200090FFE7D7
:105F500000989DF8201088423BD2FFE701980099F5
:105F600000EB4110D0F8000BC00FB0B1FFE7009874
:105F700048B9FFE70198009900EB41114FF000602C
:105F8000C1F8000B08E00198009900EB41114FF0B7
:105F90009040C1F8000BFFE707E00198009900EB83
:105FA00041110020C1F8000BFFE70198009900EBB8
:105FB00041110020C1F8100B0198009900EB41112C
:105FC0004FF67F30C1F8080BFFE7009801300090D2
:105FD000BEE70199D1F8100820F48070C1F81008CC
:105FE00003990020886103996FF0804048619DF813
:105FF000220030B9FFE70399886940F010008861FA
:10600000FFE70399886943F60002C8F23C02104397
:1060100088619DF8260030B1FFE70399886940F058
:1060200008008861FFE79DF82A00012808D1FFE7F2
:10603000039988690422C4F2000210438861FFE7D3
:106040009DF80B000CB080BD81B00090009988686D
:1060500020F001008860002001B0704700000000BF
:1060600086B004908DF80F10029204980190049865
:10607000006C0090009843F20B01C4F65471884202
:106080000BD3FFE70198D0F8000BC00F20B1FFE75A
:1060900000208DF817002EE0FFE701990020C1F8DD
:1060A000100B0199D1F8100B40F40020C1F8100B2F
:1060B0000199D1F8100B40F01800C1F8100B0199AC
:1060C000D1F8100B40F0C040C1F8100B9DF80F0044
:1060D00001280CD1FFE702980199C1F8140B01992E
:1060E000D1F8000B40F08020C1F8000BFFE7002042
:1060F0008DF81700FFE79DF8170006B07047000005
:1061000084B0039002910398019002980078009067
:1061100002984078012820D1FFE70198009900EB10
:106120004111D1F8000920F40010C1F800090298CB
:106130000079032805D0FFE70298007902280BD1E7
:10614000FFE70198009900EB4111D1F8000940F0F8
:106150008050C1F80009FFE71FE00198009900EBAB
:106160004111D1F8000B20F40010C1F8000B029887
:106170000079032805D0FFE70298007902280BD1A7
:10618000FFE70198009900EB4111D1F8000B40F0B6
:106190008050C1F8000BFFE7FFE7002004B0704714
:1061A00084B00390029103980190029800780090C7
:1061B00002984078012822D1FFE70198009900EB6E
:1061C0004110D0F80009C00F70B9FFE7009858B12E
:1061D000FFE70198009900EB4111D1F8000920F088
:1061E0008040C1F80009FFE70198009900EB4111D8
:1061F000D1F8000940F40010C1F8000921E001982D
:10620000009900EB4110D0F8000BC00F70B9FFE708
:10621000009858B1FFE70198009900EB4111D1F8BF
:10622000000B20F08040C1F8000BFFE701980099B7
:1062300000EB4111D1F8000B40F40010C1F8000B45
:10624000FFE7002004B0704780B588B00790069142
:106250008DF8172007980490069800780390069808
:106260004078012840F02481FFE706980069F8B9DA
:10627000FFE70498039900EB4111D1F810096FF37F
:10628000DC40C1F810090498039900EB4111D1F8E2
:10629000100940F40020C1F810090498039900EB9C
:1062A0004111D1F810096FF31200C1F8100971E023
:1062B0000498039900EB4111D1F810096FF3120013
:1062C000C1F810090498039900EB4111D1F81009A5
:1062D0006FF3DC40C1F810090398A8B9FFE70698EE
:1062E00081680069884204D9FFE7069988680861D7
:1062F000FFE70498039900EB4111D1F8100940F42D
:106300000020C1F8100937E0069881680069084448
:106310000138B0FBF1F0ADF80A00BDF80A1000201A
:10632000C1F6F87000EAC1420498039900EB4111EC
:10633000D1F810091043C1F8100906980079012816
:1063400019D1FFE70498039900EB4111D1F8100926
:1063500020F0C040C1F81009BDF80A0000F00302A7
:106360000498039900EB4111D1F8100940EA4270FA
:10637000C1F81009FFE7FFE7069802696FF3DF42F3
:106380000498039900EB4111D1F810091043C1F8AA
:106390001009FFE79DF8170001283BD1FFE7069899
:1063A000C06948B1FFE70698C0690499039A01EBF8
:1063B0004211C1F81409FFE70698007901281ED19F
:1063C000FFE70498D0F80808C00500280BD4FFE7C1
:1063D0000498039900EB4111D1F8000940F00050F6
:1063E000C1F800090AE00498039900EB4111D1F8C3
:1063F000000940F08050C1F80009FFE7FFE704986A
:10640000039900EB4111D1F8000940F00440C1F8B4
:1064100000094CE00498039900EB4111D1F8000900
:1064200040F00440C1F8000906980079012813D013
:10643000FFE70698006970B1FFE70698007800F062
:106440000F01012000FA01F20499D1F83408104339
:10645000C1F83408FFE729E00498D0F80808C0051F
:1064600000280BD4FFE70498039900EB4111D1F801
:10647000000940F00050C1F800090AE004980399AF
:1064800000EB4111D1F8000940F08050C1F800093B
:10649000FFE70798069BD9681A781B8A9DF817C0F2
:1064A000EE46CEF800C000F067FCFFE7FFE7C4E06F
:1064B0000498039900EB4111D1F8100B6FF312000F
:1064C000C1F8100B0498039900EB4111D1F8100B9F
:1064D0006FF3DC40C1F8100B039818BBFFE7069878
:1064E000006920B1FFE7069988680861FFE706990F
:1064F000886808620698026A6FF3DF42049803997D
:1065000000EB4111D1F8100B1043C1F8100B0498A7
:10651000039900EB4111D1F8100B40F40020C1F8B1
:10652000100B49E006980069C0B9FFE70698826839
:106530006FF3DF420498039900EB4111D1F8100B7F
:106540001043C1F8100B0498039900EB4111D1F8E6
:10655000100B40F40020C1F8100B2CE00698816865
:10656000006908440138B0FBF1F0ADF80A00069963
:106570008868BDF80A2050430862BDF80A10002060
:10658000C1F6F87000EAC1420498039900EB41118A
:10659000D1F8100B1043C1F8100B0698026A6FF384
:1065A000DF420498039900EB4111D1F8100B10431E
:1065B000C1F8100BFFE7FFE79DF8170001280ED187
:1065C000FFE70698C06848B1FFE70698C0680499DD
:1065D000039A01EB4211C1F8140BFFE7FFE706989D
:1065E000007901281ED1FFE70498D0F80808C005FB
:1065F00000280BD4FFE70498039900EB4111D1F870
:10660000000B40F00050C1F8000B0AE00498039919
:1066100000EB4111D1F8000B40F08050C1F8000BA5
:10662000FFE7FFE70498039900EB4111D1F8000B55
:1066300040F00440C1F8000BFFE7002008B080BD27
:1066400085B004900391002002908DF80700049813
:1066500000900398407801283ED1FFE70098039905
:10666000097800EB4110D0F80009C00F98B3FFE79C
:1066700000980399097800EB4111D1F8000940F026
:106680000060C1F8000900980399097800EB4111F6
:10669000D1F8000940F08040C1F80009FFE70298F6
:1066A00001300290029842F21171884204D3FFE750
:1066B00001208DF807000DE0FFE7009803990978A5
:1066C00000EB4110D0F8000900F00040B0F1004F9D
:1066D000E5D0FFE7FFE73DE000980399097800EB7C
:1066E0004110D0F8000BC00F98B3FFE70098039952
:1066F000097800EB4111D1F8000B40F00060C1F8BF
:10670000000B00980399097800EB4111D1F8000BB8
:1067100040F08040C1F8000BFFE702980130029082
:10672000029842F21171884204D3FFE701208DF8EC
:1067300007000DE0FFE700980399097800EB41108E
:10674000D0F8000B00F00040B0F1004FE5D0FFE7BB
:10675000FFE7FFE79DF8070005B070470000000065
:1067600081B000900099886840F0010088600020A6
:1067700001B070470000000083B00190002000903D
:10678000FFE70098013000900098B0F1706F04D9D5
:10679000FFE703208DF80B0024E0FFE70198006974
:1067A000C00F0028EDD0FFE70020009001991020D5
:1067B0000861FFE70098013000900098B0F1706F19
:1067C00004D9FFE703208DF80B000BE0FFE70198E9
:1067D000006900F010001028ECD0FFE700208DF8D1
:1067E0000B00FFE79DF80B0003B0704700000000AE
:1067F00084B00290019100200090FFE700980130E2
:1068000000900098B0F1706F04D9FFE703208DF875
:106810000F0026E0FFE702980069C00F0028EDD0C6
:10682000FFE7002000900198800120300299086164
:10683000FFE70098013000900098B0F1706F04D924
:10684000FFE703208DF80F000BE0FFE702980069D7
:1068500000F020002028ECD0FFE700208DF80F008A
:10686000FFE79DF80F0004B0704700000000000033
:1068700084B00390039802900298D0F8080800F0C2
:1068800006000090009820B9FFE700208DF807006F
:1068900010E00098022804D0FFE70098062804D1F1
:1068A000FFE702208DF8070003E00F208DF80700B6
:1068B000FFE7FFE79DF8070004B070470000000005
:1068C00081B000900098406900F0010001B070476D
:1068D00083B00290029801900198D0F818080090B7
:1068E0000198D0F81C18009808400090BDF80000EE
:1068F00003B070470000000083B00290029801903E
:106900000198D0F8180800900198D0F81C18009849
:1069100008400090BDF8020003B07047000000007E
:1069200086B005908DF81310059803900398D0F861
:10693000100801900398D0F83408009000989DF852
:10694000131001F00F01C84000F00101019840EA66
:10695000C110019003989DF8131000EB4110D0F87E
:106960000809019908400290029806B0704700009B
:1069700084B003908DF80B100398019001989DF856
:106980000B1000EB4110D0F8080B00900198D0F8E4
:106990001418009808400090009804B07047000058
:1069A00082B0019001984069009001988169009837
:1069B00008400090009802B07047000000000000FE
:1069C00089B008900791ADF81A20089805900798AB
:1069D0000490BDF81A0080080190BDF81A0000F07C
:1069E0000300ADF8020000200290FFE70298019931
:1069F000884217D2FFE705984FF480514058049918
:106A000008600498013004900498013004900498C0
:106A100001300490049801300490FFE7029801309F
:106A20000290E3E7BDF8020008B3FFE70020029000
:106A300005984FF4805140580390FFE703989DF864
:106A40000810C900C84004990870029801300290EB
:106A5000049801300490BDF802000138ADF802003E
:106A6000FFE7BDF802000028E8D1FFE7FFE7049840
:106A700009B070470000000080B586B004908DF822
:106A80000F10002002900499C86820F0C040C86030
:106A90009DF80F00012823D1FFE70499C86840F052
:106AA0000050C860FFE70A20EEF742F802980A306B
:106AB0000290FFE70498FFF703FF01460020012939
:106AC000019007D0FFE702990020C82938BF0120B4
:106AD0000190FFE70198C0070028E4D1FFE72AE012
:106AE0009DF80F0010BBFFE70499C86840F0804094
:106AF000C860FFE70A20EEF71BF802980A30029000
:106B0000FFE70498FFF7DCFE01460020009039B152
:106B1000FFE702990020C82938BF01200090FFE755
:106B20000098C0070028E5D1FFE703E001208DF8B9
:106B300017000CE0FFE70298C82804D1FFE7012006
:106B40008DF8170003E000208DF81700FFE79DF88F
:106B5000170006B080BD000083B002908DF80710CA
:106B6000029800900099D1F8000820F4FE60C1F866
:106B700000089DF8070000F07F020099D1F8000896
:106B800040EA0210C1F80008002003B0704700007E
:106B900083B002908DF80710029800909DF80720AE
:106BA0000099D1F800081043C1F80008002003B094
:106BB000704700000000000084B0039002918DF83F
:106BC00007209DF80700022840F0B880FFE70298F0
:106BD0004AF6C041C0F2D80188420BD3FFE70298C1
:106BE0004EF2BF11C0F2E401884203D8FFE70F2044
:106BF0000090A2E002984EF2C011C0F2E401884277
:106C00000BD3FFE7029842F2FF31C0F2F401884251
:106C100003D8FFE70E2000908EE0029842F2004178
:106C2000C0F2F40188420BD3FFE7029847F27F31AC
:106C3000C0F20611884203D8FFE70D2000907AE0E9
:106C4000029847F28031C0F2061188420BD3FFE769
:106C5000029844F69F11C0F21A11884203D8FFE748
:106C60000C20009066E0029844F6A011C0F21A11C0
:106C700088420BD3FFE7029842F6FF41C0F2311180
:106C8000884203D8FFE70B20009052E0029842F6BA
:106C90000051C0F2311188420BD3FFE702984AF24B
:106CA0003F41C0F24C11884203D8FFE70A20009010
:106CB0003EE002984AF24041C0F24C1188420BD3A8
:106CC000FFE7029843F2FF51C0F26E11884203D8E9
:106CD000FFE7092000902AE0029843F20061C0F229
:106CE0006E1188420BD3FFE702984AF61F31C0F2BB
:106CF000A611884203D8FFE70820009016E002980A
:106D00004AF62031C0F2A61188420BD3FFE7029861
:106D100044F2FF71C0F2E811884203D8FFE7072070
:106D2000009002E006200090FFE7FFE7FFE7FFE7A3
:106D3000FFE7FFE7FFE7FFE7FFE70AE09DF807004F
:106D400018B9FFE70920009002E009200090FFE752
:106D5000FFE70399C86820F47050C860009800F0FD
:106D60000F020399C86840EA8220C860002004B07E
:106D7000704700000000000080B588B084460A9883
:106D8000CDF81CC006918DF81720ADF814308DF8A1
:106D9000130007980390069802909DF8130048BBD3
:106DA000FFE7BDF814000330800801900020009038
:106DB000FFE70098019988421BD2FFE7029800681C
:106DC00003999DF8172001EB02314FF4805288504F
:106DD000029801300290029801300290029801302E
:106DE0000290029801300290FFE700980130009075
:106DF000DFE7FFE7002008B080BD000000000000D2
:106E0000FFE7FEE70000000080B50BF039F980BD18
:106E100080B50BF01DF980BD80B584B0039041F2C0
:106E20000400CEF2000000680290029803990968FD
:106E3000401A00EE100AB8EE400A40F20840C2F2D2
:106E4000004090ED001AB8EE411A80EE010A8DED77
:106E5000010A02980399086000F03EFE9DED010AC8
:106E600004B080BD0000000083B002908DED010AE7
:106E7000CDED000A029890ED000A9DED011AB4EEE6
:106E8000410AF1EE10FA04DAFFE70198029908606E
:106E90000FE0029890ED000A9DED001AB4EE410A51
:106EA000F1EE10FA04DDFFE7009802990860FFE7B1
:106EB000FFE703B07047000085B004908DF80F1015
:106EC000049845F2E041C2F2004188423FD1FFE719
:106ED0009DF80F00013801460191072836D8019925
:106EE000DFE801F0040A10161C22282E40F2502080
:106EF000C2F20040029029E040F25820C2F2004065
:106F0000029023E040F26020C2F2004002901DE0B7
:106F100040F26820C2F20040029017E040F2702078
:106F2000C2F20040029011E040F27820C2F200402C
:106F300002900BE040F28020C2F20040029005E097
:106F400040F28820C2F200400290FFE747E0049838
:106F500045F28051C2F2004188423FD1FFE79DF8DF
:106F60000F00013801460091072836D80099DFE864
:106F700001F0040A10161C22282E40F22830C2F21A
:106F80000040029029E040F23030C2F2004002900E
:106F900023E040F23830C2F2004002901DE040F29F
:106FA0004030C2F20040029017E040F24830C2F296
:106FB0000040029011E040F25030C2F200400290D6
:106FC0000BE040F25830C2F20040029005E040F27F
:106FD0006030C2F200400290FFE7FFE7FFE702984F
:106FE00005B070470000000085B004908DF80F10C8
:106FF000049845F2E041C2F2004188423FD1FFE7E8
:107000009DF80F00013801460191072836D80199F3
:10701000DFE801F0040A10161C22282E40F2F810B6
:10702000C2F20040029029E040F20020C2F200408B
:10703000029023E040F20820C2F2004002901DE0DE
:1070400040F21020C2F20040029017E040F21820F7
:10705000C2F20040029011E040F22020C2F2004053
:1070600002900BE040F22820C2F20040029005E0BE
:1070700040F23020C2F200400290FFE747E004985F
:1070800045F28051C2F2004188423FD1FFE79DF8AE
:107090000F00013801460091072836D80099DFE833
:1070A00001F0040A10161C22282E40F2D020C2F251
:1070B0000040029029E040F2D820C2F20040029045
:1070C00023E040F2E020C2F2004002901DE040F2D6
:1070D000E820C2F20040029017E040F2F020C2F235
:1070E0000040029011E040F2F820C2F2004002900D
:1070F0000BE040F20030C2F20040029005E040F2A6
:107100000830C2F200400290FFE7FFE7FFE7029875
:1071100005B070470000000086B005908DF8131090
:10712000059845F2E041C2F2004188425BD1FFE799
:107130009DF813000138014602910A2852D802999D
:10714000DFE801F0060C131A21272E353C424900D6
:1071500040F24020C2F20040039043E040F2402061
:10716000C2F20040023003903CE040F24020C2F204
:1071700000400430039035E040F24020C2F200406D
:10718000063003902EE040F23820C2F20040039017
:1071900028E040F23820C2F200400230039021E0A3
:1071A00040F23820C2F20040043003901AE040F26E
:1071B0003820C2F200400630039013E040F248202D
:1071C000C2F2004003900DE040F24820C2F20040BD
:1071D0000230039006E040F24820C2F20040043042
:1071E0000390FFE7C7E0059845F28051C2F20041E5
:1071F00088425BD1FFE79DF81300013801460191F9
:107200000A2852D80199DFE801F0060C131A212749
:107210002E353C42490040F21830C2F20040039043
:1072200043E040F21830C2F20040023003903CE0EC
:1072300040F21830C2F200400430039035E040F2D2
:107240001830C2F20040063003902EE040F21030B9
:10725000C2F20040039028E040F21030C2F2004039
:107260000230039021E040F21030C2F200400430BE
:1072700003901AE040F21030C2F200400630039052
:1072800013E040F22030C2F2004003900DE040F2E3
:107290002030C2F200400230039006E040F220307D
:1072A000C2F2004004300390FFE763E0059845F226
:1072B0002061C2F2004188425BD1FFE79DF81300D4
:1072C0000138014600910A2852D80099DFE801F000
:1072D000060C131A21272E353C42490040F2C030DB
:1072E000C2F20040039043E040F2C030C2F20040DE
:1072F000023003903CE040F2C030C2F20040043063
:10730000039035E040F2C030C2F2004006300390F6
:107310002EE040F2B830C2F20040039028E040F284
:10732000B830C2F200400230039021E040F2B830A1
:10733000C2F20040043003901AE040F2B830C2F2CA
:1073400000400630039013E040F2C830C2F2004023
:1073500003900DE040F2C830C2F2004002300390CA
:1073600006E040F2C830C2F2004004300390FFE76C
:10737000FFE7FFE7FFE7039806B070470000000053
:1073800080B582B000F024F840F67C00C2F20040E4
:1073900090ED000AB8EE400A818801EE101AB8EEAE
:1073A000C11A9FED092AA1EE020AC08801EE100A57
:1073B000B8EEC11A9FED052AA1EE020A8DED010A71
:1073C0009DED010A02B080BD6F12833ABD3786354C
:1073D000B0B586B000F080FB41F20400CEF20000B0
:1073E0000068059040F22440C2F200400168059810
:1073F000002302934FF0FF3C1A46E1FB0C0240F2DF
:107400001841C2F2004100914A600860086849686A
:1074100040F20844C2F200442268E8F777FF029B7A
:1074200002468C46009942F2A070C2F20040C0F8B9
:1074300004C00260D1F800C04968D0F800E042689A
:107440002468AEFB04E502FB0452BCEB0E0C61EBBE
:10745000020242F2A871C2F200410391C1F800C0D9
:107460004A60006840F67C02C2F20042049210605A
:107470000868496840F20C42C2F200420192126868
:10748000E8F744FFDDF804C0029B049A0146039824
:107490009180016840689288DCF800C002FB0CF221
:1074A0008A1A60F1000042F2B071C2F200410A6033
:1074B00048600868496840F21042C2F2004212680F
:1074C000E8F724FF0499C88006B0B0BD00000000B2
:1074D00087B08DED060ACDED050A8DED041A0390F7
:1074E00002919DED060A9DED052A30EE420A9DEDC2
:1074F000041A31EE421A80EE010A8DED010A9DED6B
:10750000011A02990398091A00EE101AB8EEC02A5F
:1075100000EE100AB8EEC00AA1EE020ABDEEC00AE3
:107520008DED000A009807B07047000000000000D1
:1075300087B00690059104928DED030ACDED020A05
:1075400006980599401A00EE100AB8EEC00A049891
:10755000401A01EE100AB8EEC11A80EE010A8DED54
:10756000010A9DED011A9DED022A9DED030A32EEFE
:10757000402AA1EE020A8DED000A9DED000A07B037
:10758000704700000000000080B582B0FFF720FFC8
:1075900040F67C00C2F20040016883884FF47A72A2
:1075A00001FB023100EE101AB8EE400AC08801EE6D
:1075B000100AB8EEC11A9FED052AA1EE020A8DED60
:1075C000010A9DED010A02B080BD00BF6F12833A2F
:1075D00080B582B00190ADF80210019942F66000CA
:1075E000C2F2004041F2CC32104401F069FF019830
:1075F0000078A9280CD1FFE701984078532807D1DB
:10760000FFE742F66000C2F2004004F04DFEFFE7E3
:1076100002B080BD0000000080B584B00390ADF8DA
:107620000A10039942F66000C2F20040019041F254
:107630003032104401F034FB019804F035FE04B000
:1076400080BD00000000000083B002900191ADF801
:10765000022003B07047000080B582B046F2D80027
:10766000C2F20040FFF7D8FB46F2D400C2F200405D
:107670000168013101600068B0F5FA6F07D9FFE7D2
:1076800046F2F401C2F2004101200870FFE742F621
:107690006000C2F2004005F017FA46F2F400C2F2B0
:1076A00000400078C007002847D0FFE742F660009E
:1076B000C2F20040019042F2B821084408F074FD83
:1076C000019842F21031084408F0A6FE42F2B87068
:1076D000C2F20040016801310160006802280DD14A
:1076E000FFE742F66000C2F2004005F079F942F28D
:1076F000B871C2F2004100200860FFE7F9F704FD0D
:1077000042F2BC70C2F200400168013101600068C1
:107710000A2811D1FFE742F66000C2F20040009053
:1077200005F072F8009805F00FF942F2BC71C2F250
:10773000004100200860FFE7FFE746F2D800C2F2F0
:107740000040FFF769FB40F22C40C2F2004080EDA0
:10775000000A02B080BD000083B002900298019040
:107760000298009001980178407840EA0120009941
:10777000088003B07047000084B003900291039822
:107780000190029800900198407800990870019843
:1077900000780099487004B07047000000000000B5
:1077A00080B584B00290ADF806100020ADF804005A
:1077B000029828B1FFE7BDF80600022804DCFFE7C5
:1077C00000208DF80F002EE00298BDF80610023957
:1077D00040F2BA12C2F20042128889B200F064FA92
:1077E000ADF804009DF80410029ABDF8060010449C
:1077F00010F8022C0020914200900ED1FFE79DF876
:107800000500029ABDF80610114411F8011C401A37
:10781000B0FA80F040090090FFE7009800F0010006
:107820008DF80F00FFE79DF80F0004B080BD000049
:1078300080B546F2D800C2F20040FFF7EDFAB0EE94
:10784000401AB7EE000A80EE010A40F22C40C2F264
:10785000004080ED000A42F66000C2F2004041F2B2
:10786000F841084409F090FE80BD000000000000CF
:1078700080B582B00190019800680090A12826D0C0
:10788000FFE7009840F20121884206D0FFE7009808
:1078900040F2022188420DD026E0019800F1280133
:1078A00042F66000C2F2004041F6D462104407F094
:1078B000CFFA19E0019800F1280142F66000C2F207
:1078C000004041F6E472104407F0C2FA0CE001985F
:1078D00000F1280142F66000C2F2004041F24C4241
:1078E000104402F05DFBFFE702B080BD0000000025
:1078F00080B582B00190019800680090682837D068
:10790000FFE7009889283AD0FFE70098A1283DD0EA
:10791000FFE7009840F24111884205D0FFE7009848
:10792000B0F5017F6DD079E0019890F8290098B109
:10793000FFE746F2E400C2F20040FFF76DFAB0EE56
:10794000401AB7EE000A80EE010A40F22840C2F267
:10795000004080ED000AFFE7019800F1280142F69F
:107960006000C2F2004000F5C85005F02DFC55E063
:1079700042F66000C2F2004004F0F6FE4EE042F62D
:107980006000C2F2004004F0C7FF47E046F2DC00AE
:10799000C2F20040FFF740FAB0EE401AB7EE000A1C
:1079A00080EE010A40F23040C2F2004080ED000A51
:1079B00090ED000A9FED1A1AB4EE410AF1EE10FAAA
:1079C00012DAFFE742F66000C2F2004041F2F841ED
:1079D0000844002101F06CFE42F63400C2F200407F
:1079E00005210BF071F9FFE7019800F1280142F63B
:1079F0006000C2F2004041F68C22104407F004FD02
:107A00000CE0019800F1280142F66000C2F200404B
:107A100041F6C452104407F01BFAFFE702B080BDE4
:107A20000000C8420000000081B0009001B0704723
:107A300081B08DED000A9DED000AB0EEC00A01B0E4
:107A4000704700000000000082B08DED010A9DED3E
:107A5000010AB5EE400AF1EE10FA05DDFFE79DEDF3
:107A6000010A8DED000A06E09DED010AB1EE400A23
:107A70008DED000AFFE79DED000A02B0704700009F
:107A800083B08DED020A41F20400CEF200000068DE
:107A9000019002980090FFE741F20400CEF200004E
:107AA00000680199401A00EE100AB8EE400A9DEDF8
:107AB000001A40F20840C2F2004090ED002AB8EEF1
:107AC000422A21EE021AB4EE410AF1EE10FA01DA6E
:107AD000FFE7E1E703B0704781B041F20400CEF266
:107AE000000000680090009840F22041C2F200417E
:107AF0000968884208D2FFE740F22441C2F20041FF
:107B0000086801300860FFE7009840F22041C2F2A7
:107B10000041086001B0704780B584B003900399BC
:107B2000002001900874039BD3F8F400596846F2D2
:107B3000F202C2F20042009212889B7B5A43E8F79D
:107B400016FC0099039A50680988927B5143E8F724
:107B500027FC0099039AD2F818010988927B5143B7
:107B60005143E8F71DFC0099039AD2F80C010988EB
:107B7000137B927B59435143E8F712FC01988DF82F
:107B80000B00FFE79DF80B000399897B884243DADD
:107B9000FFE70398D0F8F4009DF80B1000EB81008C
:107BA00090ED000AB5EE400AF1EE10FA2DD0FFE795
:107BB000039AD2F8F4109DF80B0051F82000127CC3
:107BC00041F822009DF80B00039A516A127C8854F8
:107BD000DDF80CC0DCF818009DF80BE050F82E0022
:107BE000DCF80C119CF80C209CF81030DCF814C068
:107BF0001CF80EC012FB03C201EB820141F8040C19
:107C00000399087C01300874FFE7FFE79DF80B003B
:107C100001308DF80B00B5E700208DF80A00FFE772
:107C20009DF80A000399097C884216DAFFE7039B56
:107C3000D869596A9DF80A20895C50F82100D3F868
:107C400018111B7C12FB032241F82200FFE79DF86C
:107C50000A0001308DF80A00E2E70399087CA1F8D8
:107C600078000399087BA1F87A000399087BA1F8B2
:107C700080000399087CA1F882000399087CA1F890
:107C800090000399087CA1F892000399087BA1F861
:107C900098000399087CA1F89A000399087CA1F840
:107CA000480004B080BD000084B00290ADF806101A
:107CB000ADF80420029828B9FFE74FF6FF70ADF841
:107CC0000E0023E0FFE7BDF80600411EADF80610E8
:107CD000B8B1FFE70298411C029100788DF80300CB
:107CE000BDF804109DF803004840C2B244F234408D
:107CF000C0F6020030F8120080EA1120ADF804004E
:107D0000E1E7BDF80400ADF80E00FFE7BDF80E0096
:107D100004B070470000000080B588B0079006915D
:107D2000069805900798D0F8EC0090ED000A30EE28
:107D3000000A42F2D470C2F20040019080ED000AC5
:107D40000798D0F8EC0090ED010A30EE000A42F2FC
:107D5000D870C2F20040029080ED000A0798D0F877
:107D6000EC0090ED020A30EE000A42F2DC70C2F242
:107D70000040039080ED000A0798D0F8EC0090EDE9
:107D8000030A30EE000A42F2E070C2F200400490B2
:107D900080ED000A079BD3F80C0146F2F201C2F213
:107DA000004109881A7B9B7B59435143E8F7F8FA55
:107DB000019B029A0399049891ED000AB1EE400AE2
:107DC000DDF81CC0DCF80CC18CED000AD0F800C056
:107DD000DDF81CE0DEF80CE1CEF804C093ED000AFB
:107DE000B1EE400ADDF81CC0DCF80CC18CED020AD3
:107DF000D2F800C0DDF81CE0DEF80CE1CEF80CC0D3
:107E0000D2F800C0DDF81CE0DEF80CE1CEF818C0B6
:107E1000D3F800C0DDF81CE0DEF80CE1CEF81CC0A1
:107E2000D0F800C0DDF81CE0DEF80CE1CEF820C090
:107E3000D1F800C0DDF81CE0DEF80CE1CEF824C07B
:107E40001B68DDF81CC0DCF80CC1CCF8303092EDBA
:107E5000000AB1EE400A079AD2F80C2182ED0D0A11
:107E600091ED000AB1EE400A0799D1F80C1181EDAD
:107E70000E0A00680799D1F80C11C86308B080BDDC
:107E800080B584B003900291029801900398D0F8D5
:107E9000F81040F25400C2F200409022E8F767FA6E
:107EA0000398D0F81C1140F28840C2F200404822EA
:107EB0000092E8F75CFA009A0398D0F80C1140F2AF
:107EC0004040C2F20040E8F752FA04B080BD000022
:107ED00080B588B00790069106980590079901F142
:107EE000780080310AF078FD079981F8C800079979
:107EF000B1F87800A1F8A8000799B1F85A00A1F8E4
:107F0000AA00079A02F1780002F15801A8320AF09B
:107F100073FC079981F8C8000799B1F8A800A1F887
:107F2000B0000799B1F88200A1F8B200079A02F1F7
:107F3000A80002F18001B0320AF05EFC079981F8D6
:107F4000C8000799B1F89000A1F8A0000799B1F80E
:107F50009200A1F8A200079A02F1B00002F190018C
:107F6000A0320AF021F9079981F8C800079901F1B8
:107F7000A000B0310AF060F9079981F8C8000798AD
:107F8000D0F8EC00006842F2E473C2F200431860DB
:107F90000798D0F8EC00406842F2E872C2F2004262
:107FA00010600798D0F8EC00806842F2EC71C2F2E1
:107FB000004108600798D0F8EC00D0F80CC042F2FD
:107FC000F070C2F20040C0F800C0DDF81CE0BEF85E
:107FD00078C0AEF8B8C0DDF81CE04FF0010CAEF888
:107FE000BAC092ED001A90ED002A93ED000A91EDCF
:107FF000003A20EE030A91EE020A30EE000ADDF8A4
:108000001CC0DCF82CC18CED000A93ED001A92ED37
:10801000002A91ED000A90ED003A20EE030AA1EE4D
:10802000020A30EE000ADDF81CC0DCF82CC18CED31
:10803000010A93ED001A92ED000A20EE000A91EE7B
:10804000010A91ED001AA1EE410A90ED001AA1EE8D
:10805000010A0798D0F82C0180ED020A00208DF863
:108060001300FFE79DF8130002281BDCFFE70798C9
:10807000D0F82C019DF8131000EB810090ED000A60
:10808000B0EEC00A0AF06EFF05989DF8131000EBE1
:10809000810080ED610AFFE79DF8130001308DF843
:1080A0001300DFE70799B1F84800A1F8C00007996D
:1080B00001200290A1F8C200079A02F1480002F1E3
:1080C000B801C0320AF054FC01460298079A82F8BF
:1080D000C810079AB2F8C010A2F8A8100799A1F822
:1080E000AA00079A02F1B00002F1C001A8320AF01A
:1080F00083FB01460298079A82F8C8100799A1F8F5
:10810000B8000799B1F8C000A1F8BA00079901F1C9
:10811000C000B8310AF060FC079981F8C8000799DF
:1081200001F1B800A831059A02F5E2720AF064FB89
:10813000079981F8C800059890ED730A90ED741ABC
:10814000B6EE002A21EE021AB4EE410AF1EE10FA60
:1081500005DAFFE70599012081F83801FFE7059866
:1081600090ED730A90ED741AB4EE410AF1EE10FA34
:1081700052DDFFE7059890F8380100284CD0FFE762
:10818000059890F8390168B1FFE70599D1F84021C9
:10819000D1F84401013240F10000C1F84021C1F89A
:1081A000440106E005990020C1F84401C1F84001EE
:1081B000FFE70598D0F84011D0F84401333970F149
:1081C000000008D3FFE70599002081F838010799DE
:1081D00081F82C001FE0079BD3F8E800D3F8EC10DF
:1081E00046F2F202C2F20042019212881B7B5A430D
:1081F000E8F7BDF8019A079BD3F8F800D3F8FC1014
:1082000012881B7B5A435A43E8F7B1F807990120BB
:1082100081F82C003FE133E0059890ED730A90ED72
:10822000741A9FED9E2A21EE021AB4EE410AF1EE75
:1082300010FA15DDFFE7059890F8380180B1FFE7E7
:10824000059890ED730A90ED741A31EE400A9FED97
:10825000942A21EE021A80EE010A80ED670A05E0F9
:1082600005994FF07E50C1F89C01FFE70599002069
:10827000C1F84401C1F84001079981F82C00FFE7DB
:108280000799B1F85800A1F8A8000799B1F8820041
:10829000A1F8AA00079A02F1580002F18001A83261
:1082A0000AF0AAFA079981F8C800079A02F1A80013
:1082B00002F1B00198320AF09FFA079981F8C800DC
:1082C00000208DF81200FFE79DF81200079AB2F81F
:1082D0009810B2F89A205143884217DAFFE70598C0
:1082E00090ED671A0798D0F81C019DF8121000EB6A
:1082F000810090ED000A20EE010A80ED000AFFE700
:108300009DF8120001308DF81200DDE704208DF891
:108310001100FFE79DF81100052832DCFFE700207F
:108320008DF81000FFE79DF81000022822DCFFE71F
:1083300005989DF8111000EB810090ED5D0A9FED0E
:108340005B1A80EE011A0798D0F81C0101EB41017D
:108350009DF81020114400EB810090ED000A20EE02
:10836000010A80ED000AFFE79DF8100001308DF84A
:108370001000D8E7FFE79DF8110001308DF81100DB
:10838000C8E70799B1F89800A1F8B800079901204B
:10839000A1F8BA00079A02F1980002F1C001B832C0
:1083A0000AF02AFA079981F8C800059890F8380170
:1083B00000285FD0FFE704208DF80F00FFE79DF84D
:1083C0000F00052855DCFFE70798D0F8BC009DF8A2
:1083D0000F1000EB810090ED000A059890ED701AE7
:1083E0009FED302A21EE021AB4EE410AF1EE10FAA6
:1083F00011DDFFE7059890ED700A9FED2A1A20EE37
:10840000010A0798D0F8BC009DF80F1000EB81001E
:1084100080ED000AFFE70798D0F8BC009DF80F1028
:1084200000EB810090ED000A059890ED701A9FED29
:108430001E2A21EE021AB4EE410AF1EE10FA11DA08
:10844000FFE7059890ED700A9FED171A20EE010ADC
:108450000798D0F8BC009DF80F1000EB810080ED6C
:10846000000AFFE7FFE79DF80F0001308DF80F00CD
:10847000A5E7FFE70798D0F8BC100020C860079A6E
:1084800002F1380002F1B801303209F08DFE07998F
:1084900081F8C800FFE708B080BD00BFCDCCCC3D5F
:1084A0006666663F0AD7233C0AD723BCDA0FC93F6A
:1084B00080B584B003900291029801900398D0F89F
:1084C000EC00006842F2F473C2F2004318600398B3
:1084D000D0F8EC00406842F2F872C2F2004210603C
:1084E0000398D0F8EC00806842F2FC71C2F20041BF
:1084F00008600398D0F8EC00D0F80CC042F60000F9
:10850000C2F20040C0F800C093ED001A92ED000ADC
:1085100020EE000AA1EE010A91ED001AA1EE010A77
:1085200090ED001AA1EE010A00F0FAF842F60400FC
:10853000C2F2004080ED000A00208DF80300FFE742
:108540009DF8030003281ADCFFE742F60400C2F29C
:10855000004090ED001A0398D0F8EC009DF803104D
:1085600000EB810090ED000A20EE010A80ED000A88
:10857000FFE79DF8030001308DF80300E0E742F2C9
:10858000F870C2F2004090ED000A019991ED701A66
:1085900020EE010AB6EE002A20EE020A0399D1F875
:1085A000001181ED040A42F2FC71C2F2004191ED2A
:1085B000000A019A92ED701A20EE010A20EE020ADA
:1085C000039AD2F8002182ED050A42F2F472C2F257
:1085D000004292ED000A019B93ED701A20EE010A11
:1085E000BEEE001A20EE010A039BD3F8003183EDA2
:1085F0000A0A42F60003C2F2004393ED000ADDF8D6
:1086000004C09CED703A20EE030A20EE020ADDF869
:108610000CC0DCF800C18CED0B0A93ED000A019B45
:1086200093ED703A20EE030A20EE010A039BD3F883
:10863000003183ED100A92ED000A019A92ED703A32
:1086400020EE030A20EE010A039AD2F8002182EDFF
:10865000110A91ED000A019991ED703A20EE030A9A
:1086600020EE020A0399D1F8001181ED160A90ED6F
:10867000000A019890ED702A20EE020A20EE010A0D
:108680000398D0F8000180ED170A019890ED751A53
:108690000398D0F8F80090ED1C0A80EE010A80EDF6
:1086A0001C0A019890ED751A0398D0F8F80090ED27
:1086B000230A80EE010A80ED230A0398D0F8F8001F
:1086C00090ED1C0A9FED141AB4EE410AF1EE10FA77
:1086D00009DDFFE70398D0F8F81044F20000C4F277
:1086E0001C600867FFE70398D0F8F80090ED230AB4
:1086F0009FED091AB4EE410AF1EE10FA0ADDFFE728
:108700000398D0F8F81044F20000C4F21C60C1F8DD
:108710008C00FFE704B080BD00401C460000000054
:1087200084B08DED030A9DED030AB6EE001A20EE2B
:10873000010A8DED020A03980190019800900099BA
:1087400045F68620C5F63770A0EB610000900098D2
:1087500001909DED011A9DED020A20EE012ABFEE67
:10876000080AA2EE010A20EE410A8DED010A9DEDF4
:10877000010A04B07047000081B00090009890EDAD
:108780001B0A01B07047000081B00090009890ED86
:108790001C0A01B07047000081B00090009890ED75
:1087A0001E0A01B07047000081B00090009890ED63
:1087B0001F0A01B07047000081B00090009890ED52
:1087C000200A01B07047000081B00090009890ED41
:1087D000190A01B07047000081B00090009890ED38
:1087E0001A0A01B07047000087B0069005918DF815
:1087F00013208DF812309DF81200014603910128D4
:1088000008D0FFE70398022820D0FFE70398032849
:1088100038D053E09DF8130001460291012808D09A
:10882000FFE70298022808D0FFE70298032808D043
:108830000BE005990020087007E0059904200870F6
:1088400003E0059901200870FFE737E09DF8130069
:1088500001460191012808D0FFE70198022808D0BD
:10886000FFE70198032808D00BE005990220087063
:1088700007E005990620087003E0059905200870B7
:10888000FFE71BE09DF8130001460091012808D086
:10889000FFE70098022808D0FFE70098032808D0D7
:1088A0000BE005990220087007E005990420087084
:1088B00003E0059903200870FFE7FFE707B0704762
:1088C00010B59EB0079026980590259801902498A1
:1088D00002902398039022980690DDF884C0209897
:1088E000CDF860C017901693159214910DF16600A3
:1088F00014A912220492E7F73AFDDDF804C0029BA6
:108900000399049ADDF814E00698CDF838E0CDF824
:1089100034C00C930B910A900DF13E000AA9E7F7C1
:1089200026FD0798099009980890DDF866006FF316
:10893000DF20DDF83E106FF3DF21884230D1FFE702
:10894000DDF86600C0F3CA20DDF83E10C1F3CA218D
:10895000884225D1FFE7BDF86A10DDF86600800D7A
:1089600040EA81206FF3DF20BDF84220DDF83E10A1
:10897000890D41EA82216FF3DF21884210D1FFE7A0
:10898000BDF86A00C0F34A00BDF84210C1F34A01C5
:10899000884205D1FFE70899002081F8610004E0D2
:1089A0000899012081F86100FFE71EB010BD0000AA
:1089B00081B00090009890F8600001B0704700000E
:1089C00081B00090009890F8740001B070470000EA
:1089D00081B00090009890F8750001B070470000D9
:1089E0002DE9F043A7B02690269811900168D1F8A0
:1089F0008430D1F88820D1F88CC0D1F890E0C0F84C
:108A00001CE0C0F818C04261024642F8103F0992CB
:108A1000B1F8941001840168843125912599096881
:108A20006FF3DF2100EE101AB8EEC00A90ED022AB3
:108A300090ED031A30EE420A80EE010A80ED190A29
:108A400025990968C1F3CA2100EE101AB8EEC00AD0
:108A500090ED022A90ED031A30EE420A80EE010AF0
:108A600080ED1A0A25998A880968890D41EA8221D0
:108A70006FF3DF2100EE101AB8EEC00A90ED022A63
:108A800090ED031A30EE420A80EE010A80ED1B0AD7
:108A900025998988C1F34A0100EE101AB8EEC00A80
:108AA00090ED022A90ED031A30EE420A80EE010AA0
:108AB00080ED1C0A00F17401259A9288920B00F156
:108AC00022030893C38C9B0BFFF78EFE119800F1D5
:108AD0007501259A9288C38CC3F30133C2F3013226
:108AE000FFF782FE08991198259A128A6FF3DF2208
:108AF00000EE102AB8EEC00A90ED022A90ED031A9B
:108B000030EE420A80EE010A80ED260A0DF1820065
:108B10000A9012220C92E7F72AFC09990C9A1CA8D9
:108B20000B90E7F724FC0A990C9A17A8E7F71FFCAB
:108B30000B990C9A17980E9018980F9019981090FE
:108B40001A980D901B9C12A8E7F711FCDDF834C0B1
:108B50000E990F9A109B1198129D139E149FDDF889
:108B60005480DDF85890EE46CEF81890CEF8148078
:108B7000CEF81070CEF80C60CEF80850CEF8044055
:108B8000CEF800C0FFF79CFE27B0BDE8F0830000E0
:108B900081B00090009890F8880001B07047000004
:108BA00081B00090009890F8950001B070470000E7
:108BB00081B00090009890F8930001B070470000D9
:108BC00081B00090009890F8890001B070470000D3
:108BD00081B00090009890F88D0001B070470000BF
:108BE00081B00090009890F88F0001B070470000AD
:108BF00081B00090009890F8900001B0704700009C
:108C000081B00090009890F88C0001B0704700008F
:108C100081B00090009890F88E0001B0704700007D
:108C200081B00090009890F8870001B07047000074
:108C300081B00090009890F8940001B07047000057
:108C400081B00090009890F8860001B07047000055
:108C500081B00090009890F8910001B0704700003A
:108C600081B00090009890F8840001B07047000037
:108C700081B00090009890F8850001B07047000026
:108C800081B00090009890F88B0001B07047000010
:108C900081B00090009890F88A0001B07047000001
:108CA00080B584B00390029103980190C16C0131AA
:108CB000C164FFF795FE019901F122000968843132
:108CC0001222E7F754FB04B080BD00000000000052
:108CD00082B0019001990091C86C096D884210D151
:108CE000FFE70099486D896D88420AD1FFE7009936
:108CF000002081F86000B1F85C000130A1F85C0050
:108D000004E00099012081F86000FFE70099C86C39
:108D10000865486D886502B07047000000000000DB
:108D200084B0039002910192039800900298006829
:108D300041F20001C4F20101884207D1FFE7009926
:108D400040F6D410C2F20040086054E00298006877
:108D500044F20041C4F20001884207D1FFE70099C4
:108D600040F6E420C2F20040086043E00298006848
:108D700044F60001C4F20001884207D1FFE70099E0
:108D800040F6F430C2F20040086032E00298006819
:108D900044F60041C4F20001884207D1FFE7009980
:108DA00040F60450C2F20040086021E002980068DA
:108DB00045F20001C4F20001884207D1FFE70099A3
:108DC00040F61460C2F20040086010E002980068AB
:108DD00041F20041C4F20101884207D1FFE7009946
:108DE00040F62470C2F200400860FFE7FFE7FFE7AB
:108DF000FFE7FFE7FFE70198006841F20001C4F2D6
:108E00000101884207D1FFE7009940F6D410C2F271
:108E10000040486054E00198006844F20041C4F208
:108E20000001884207D1FFE7009940F6E420C2F232
:108E30000040486043E00198006844F60001C4F235
:108E40000001884207D1FFE7009940F6F430C2F2F2
:108E50000040486032E00198006844F60041C4F2E6
:108E60000001884207D1FFE7009940F60450C2F2A2
:108E70000040486021E00198006845F20001C4F21A
:108E80000001884207D1FFE7009940F61460C2F262
:108E90000040486010E00198006841F20041C4F2CF
:108EA0000101884207D1FFE7009940F62470C2F221
:108EB00000404860FFE7FFE7FFE7FFE7FFE7FFE766
:108EC00004B070470000000081B00090009890ED61
:108ED000260A01B07047000081B0009000984FF062
:108EE000894181600021C4F22541C1600021C16433
:108EF000016541658165A0F85C10A0F85E1080F8FE
:108F0000601080F8611001B07047000000000000A0
:108F100081B00090009890ED110A01B070470000F8
:108F200081B00090009890ED120A01B070470000E7
:108F300081B00090009890F85C0001B0704700008C
:108F400081B00090009890ED180A01B070470000C1
:108F500081B00090009890ED190A01B070470000B0
:108F600081B00090009890ED1A0A01B0704700009F
:108F700081B00090009890ED130A01B07047000096
:108F800081B00090009890ED140A01B07047000085
:108F900081B00090009890F85B0001B0704700002D
:108FA00086B0059004918DF80F208DF80E309DF855
:108FB0000E000146029120B1FFE70298012813D06C
:108FC00025E09DF80F000146019120B1FFE70198CF
:108FD000012804D007E004990020087003E00499F8
:108FE00002200870FFE712E09DF80F000146009193
:108FF00040B1FFE70098012808D1FFE7049901205C
:10900000087003E0049903200870FFE7FFE706B04B
:10901000704700000000000087B0069005918DF8B1
:1090200013208DF812309DF812000146039140B1D3
:10903000FFE7039801281FD0FFE70398022836D0E6
:1090400050E09DF813000146029140B1FFE70298FD
:10905000012808D0FFE70298022808D00BE0059904
:109060000020087007E005990320087003E00599C7
:1090700007200870FFE735E09DF8130001460191D5
:1090800060B1FFE70198012804D0FFE701980228AA
:1090900008D00BE005990120087007E0059904202D
:1090A000087003E0059905200870FFE71AE09DF8B5
:1090B00013000146009180B1FFE70098012808D015
:1090C000FFE7009802280CD1FFE7059902200870FD
:1090D00007E005990620087003E00599082008704C
:1090E000FFE7FFE707B0704786B0059004918DF861
:1090F0000F208DF80E309DF80E000146029120B130
:10910000FFE70298012813D025E09DF80F000146E3
:10911000019120B1FFE70198012804D007E00499EC
:109120000020087003E0049902200870FFE712E0B5
:109130009DF80F000146009140B1FFE7009801281B
:1091400008D1FFE704990120087003E00499032087
:109150000870FFE7FFE706B070470000000000005E
:1091600081B00090009890F8580001B0704700005E
:1091700081B000900098007E01B0704700000000B0
:1091800081B00090009890F8590001B0704700003D
:1091900080B584B003900291039800901930029931
:1091A0001522E7F7E4F80098D0F81B106FF3DF21E1
:1091B00000EE101AB8EEC00A90ED012A90ED021AE6
:1091C00030EE420A80EE010A80ED130AD0F81B103F
:1091D000C1F3CA2100EE101AB8EEC00A90ED012AC0
:1091E00090ED021A30EE420A80EE010A80ED140A78
:1091F000B0F81F20D0F81B10890D41EA82216FF3CF
:10920000DF2100EE101AB8EEC00A90ED012A90EDB1
:10921000021A30EE420A80EE010A80ED120AB0F81E
:109220001F10C1F34A0100EE101AB8EEC00A90ED0B
:10923000012A90ED021A30EE420A80EE010A80ED1A
:10924000110AB0F82110C1F34A0100EE101AB8EE6D
:10925000C00A90ED012A90ED021A30EE420A80EE2B
:10926000010A80ED150A00F15B01B0F82120C2F37C
:109270000032C38EC3F30033FFF736FF009800F1CE
:109280005A01B0F81F20838EC2F38032C3F38033BB
:10929000FFF786FE009800F15801B0F81F20D20BAE
:1092A000838EDB0BFFF77CFE009800F15901B0F8CC
:1092B0002120C38E02F0010203F00103FFF770FECC
:1092C000009800F15C01B0F81F20838EC2F30132D8
:1092D000C3F30133FFF7A0FE0098B0F9231000EEAE
:1092E000101AB8EEC00A9FED301A20EE010A80ED88
:1092F000180AB0F9251000EE101AB8EEC00A20EED8
:10930000010A80ED190AB0F9271000EE101AB8EE24
:10931000C00A20EE010A80ED1A0A00F16C0190F8F3
:10932000292090F83E3002F0030203F0030300F01E
:1093300023F9009800F16D0190F8292090F83E3053
:10934000C2F38102C3F3810300F016F9009800F123
:109350006E0190F8292090F83E30C2F30112C3F359
:10936000011300F009F900200190FFE701980F2890
:1093700018DCFFE70098DDF804C000EB0C016F314A
:10938000428D22FA0CF202F00102B0F83F3023FACB
:109390000CF303F0010300F0EFF8FFE70198013050
:1093A0000190E3E704B080BD000000380000000039
:1093B00081B00090009890F8710001B070470000F3
:1093C00081B00090009890F87E0001B070470000D6
:1093D00081B00090009890F87C0001B070470000C8
:1093E00081B00090009890F8720001B070470000C2
:1093F00081B00090009890F8760001B070470000AE
:1094000081B00090009890F8780001B0704700009B
:1094100081B00090009890F8790001B0704700008A
:1094200081B00090009890F8750001B0704700007E
:1094300081B00090009890F8770001B0704700006C
:1094400081B00090009890F8700001B07047000063
:1094500081B00090009890F87D0001B07047000046
:1094600081B00090009890F86F0001B07047000044
:1094700081B00090009890F87A0001B07047000029
:1094800081B00090009890F86C0001B07047000027
:1094900081B00090009890F86D0001B07047000016
:1094A00081B00090009890F8740001B070470000FF
:1094B00081B00090009890F8730001B070470000F0
:1094C00080B584B0039002910398019002980078CF
:1094D000A92805D1FFE702984078532808D0FFE774
:1094E00044F64C41C2F200410868013008601BE0BC
:1094F00002981521FEF754F940B9FFE744F65041B0
:10950000C2F200410868013008600DE0019801696D
:10951000013101610299FFF73BFE01982E3002995B
:109520001522E6F724FFFFE704B080BD000000002D
:1095300082B001900199009108694969884207D178
:10954000FFE700990020087688890130888105E0CE
:1095500000990120087600208881FFE700990869BA
:10956000486102B07047000081B00090009890ED13
:10957000150A01B07047000086B0059004918DF87F
:109580000F208DF80E309DF80E000146029120B19B
:10959000FFE70298012813D025E09DF80F0001464F
:1095A000019120B1FFE70198012804D007E0049958
:1095B0000020087003E0049902200870FFE712E021
:1095C0009DF80F000146009140B1FFE70098012887
:1095D00008D1FFE704990120087003E004990320F3
:1095E0000870FFE7FFE706B07047000000000000CA
:1095F00081B0009000984FF4B671018040F2946100
:1096000041804FF0894141600021C4F225418160D1
:109610000021818101B0704781B000900098002145
:1096200001614161816101B07047000000000000EC
:1096300081B000900098002180F8381001B0704788
:1096400081B00090009800F6040090ED000A01B08F
:10965000704700000000000082B001908DED000A0C
:1096600001990098C1F8040802B07047000000009A
:1096700081B00090009800F6080090ED000A01B05B
:10968000704700000000000082B001908DED000ADC
:1096900001990098C1F8080802B070470000000066
:1096A00081B00090009890F8000801B07047000069
:1096B00082B001908DF8031001999DF8030081F8A4
:1096C000000802B07047000081B00090009800F6DA
:1096D0000C0090ED000A01B070470000000000008F
:1096E00080B584B003900398029000F035F9029899
:1096F00000F58160009007F053F9029800F2945051
:10970000019007F0E5FA009807F06EF9019807F06C
:109710000BFB029800F5D66005F07EFF04B080BD1B
:1097200080B592B0119011980C9008F0B1F80C9897
:1097300000F5816005909FED720A8DED060A9FEDA0
:10974000711AF2EE041ACDED0E1A9FED6F2A8DED0F
:10975000032ADFED6E2ADFED6E4ACDED074A9FED5D
:109760006D5A8DED105A01210B91F0EE450AB0EEC5
:10977000453AF0EE453AB0EE454A08F04DFBDDEDD6
:10978000074A0B990C989DED105A00F58B609FEDE0
:10979000620ADFED620A9FED622ADFED622AB0EE17
:1097A000451AF0EE451AB0EE453AF0EE453AB0EE05
:1097B000454A08F031FB05980C9901F59561029135
:1097C00003F0DEFC05988DED040A03F0D9FC029845
:1097D000DDED030A9DED042ADDED074A9DED105AEB
:1097E000F0EE402A9FED500A00210891B0EE451A94
:1097F000F0EE451AB0EE453AF0EE453AB0EE454A85
:1098000008F00AFB0598089B0B9A0C99C1F8801583
:1098100069464FF0A10CC1F804C00B6045F28051BD
:10982000C2F200410A919FED410ADFED410A03F0C7
:1098300003FD9DED060ADDED074A0B990C989DEDA1
:10984000105A00F2945009909FED3A1ADFED3A2A2F
:10985000F0EE450AF0EE451AB0EE622AB0EE453A57
:10986000F0EE453AB0EE454A08F0D6FADDED074A8B
:1098700008990C989DED104A00F2E4509FED2F0AD4
:10988000DFED2F0A9FED2F2ADFED2F2A9FED2F5AB4
:10989000B0EE441AF0EE441AB0EE443AF0EE443A18
:1098A00008F0BAFA089B09980A990B9ADDF830C0BB
:1098B000DDED0E0ACCF89CC6EC46CCF80030062351
:1098C0009FED230A8DED0D0A06F0AEF80C989DED84
:1098D0000D0ADDED0E0A00F5D6600F9069460323F0
:1098E0000B6045F2E041C2F20041022206F09CF812
:1098F0000F989DED100A05F06FFD12B080BD00BFFE
:10990000000020429A99993E0000C84200007A4423
:109910006F12833A0000000000008242000096446B
:1099200000401C4600409C4614AE473F00005C438C
:1099300000000442EC51383E8096184B0000704203
:109940000080BB440000FA4400A07F45CDCC4C3FD2
:10995000798CA7410000000080B58CB00B900B986B
:109960000A9090F80008002849D1FFE70A9800F211
:109970009450089007F068FA0A9800F58160079003
:1099800007F07EF907989FEDCF0A8DED090A08F0E0
:10999000E3F80A989DED090A00F58B6008F0DCF801
:1099A0000A989DED090A00F5956008F0D5F8089829
:1099B0009DED090A08F0D0F80A989DED090A00F219
:1099C000E45008F0C9F807989DED090A03F0F0FB90
:1099D00008989DED090A05F00BFD07989DED090A11
:1099E00003F0E6FD08989DED090A06F015F90A98BE
:1099F0009DED090A00F5D66005F0EEFC1BE20A9821
:109A000090F80008012840F0A080FFE70A9800F2D3
:109A10009450052105F008FD0A9901F6080001F5AA
:109A2000FD6292ED000A01F2EC71D1ED000AFDF742
:109A30001BFA0A9901F60C0001F5FE6292ED000A8C
:109A400001F2F471D1ED000AFDF70EFA0A9800F563
:109A5000D6609FED9D0A05F0BFFCFFE70A9800F66F
:109A6000040191ED000A8DED060A00F5816006F013
:109A7000B3FF0A98B0EE401A9DED060A30EE410A97
:109A800000F2DC7090ED001AB4EE410AF1EE10FA2B
:109A900010DDFFE70A9800F2DC7191ED001A00F684
:109AA000040090ED000AB8EE002AA1EE020A80ED53
:109AB000000AD3E7FFE70A9800F6040191ED000AD7
:109AC0008DED050A00F5816006F086FF0A98B0EE7C
:109AD000401A9DED050A30EE410A00F2DC7090ED6F
:109AE000001AB1EE411AB4EE410AF1EE10FA10DAA2
:109AF000FFE70A9800F2DC7191ED001A00F604000D
:109B000090ED000AB0EE002AA1EE020A80ED000AF4
:109B1000D1E70A9901F5816001F6040191ED000A8F
:109B200003F03AFB0A9901F2945001F6080191ED15
:109B3000000A05F045FC0A9901F5D66001F5FF61C0
:109B400091ED000A05F03CFC74E10A98FFF7A8FDCE
:109B5000022840F0AF80FFE70A98D0F8040400F034
:109B600017FA002840F0A680FFE70A9800F5816008
:109B7000002103F039FB0A9800F29450052105F00A
:109B800053FC0A9901F6080001F5FD6292ED000A06
:109B900001F2EC71D1ED000AFDF766F90A9901F6C0
:109BA000040001F5FB6292ED000A01F2DC71D1EDD7
:109BB000000AFDF759F90A9800F5D6609FED9F0A53
:109BC00005F00AFCFFE70A9800F6040191ED000A8F
:109BD0008DED040A00F5816006F0FEFE0A98B0EEF5
:109BE000401A9DED040A30EE410A00F2DC7090ED5F
:109BF000001AB4EE410AF1EE10FA10DDFFE70A9800
:109C000000F2DC7191ED001A00F6040090ED000AFC
:109C1000B8EE002AA1EE020A80ED000AD3E7FFE7C2
:109C20000A9800F6040191ED000A8DED030A00F593
:109C3000816006F0D1FE0A98B0EE401A9DED030A4D
:109C400030EE410A00F2DC7090ED001AB1EE411ADC
:109C5000B4EE410AF1EE10FA10DAFFE70A9800F2CA
:109C6000DC7191ED001A00F6040090ED000AB0EEF0
:109C7000002AA1EE020A80ED000AD1E70A9901F557
:109C8000816001F6040191ED000A03F085FA0A995A
:109C900001F2945001F6080191ED000A05F090FBE5
:109CA0000A9901F5D66001F5FF6191ED000A05F012
:109CB00087FBBEE00A98FFF7F3FC032840F0B8806A
:109CC00004E000BF00000000000048430A9800F5CF
:109CD0008160062103F088FA0A9800F29450052169
:109CE00005F0A2FB0A9901F6080001F5FD6292ED6C
:109CF000000A01F2EC71D1ED000AFDF7B5F80A99FE
:109D000001F60C0001F5FE6292ED000A01F2F47119
:109D1000D1ED000AFDF7A8F80A9800F5D6609FED8E
:109D2000470A05F059FBFFE70A9800F6040191ED98
:109D3000000A8DED020A00F5816006F04DFE0A98DA
:109D4000B0EE401A9DED020A30EE410A00F2DC70DE
:109D500090ED001AB4EE410AF1EE10FA10DDFFE7C3
:109D60000A9800F2DC7191ED001A00F6040090ED03
:109D7000000AB8EE002AA1EE020A80ED000AD3E73D
:109D8000FFE70A9800F6040191ED000A8DED010A43
:109D900000F5816006F020FE0A98B0EE401A9DEDB5
:109DA000010A30EE410A00F2DC7090ED001AB1EECB
:109DB000411AB4EE410AF1EE10FA10DAFFE70A9800
:109DC00000F2DC7191ED001A00F6040090ED000A3B
:109DD000B0EE002AA1EE020A80ED000AD1E70A984F
:109DE00000F58160009006F0F7FD00980A9901F6F1
:109DF000040181ED000A91ED000A03F0CDF90A9803
:109E000000F294509FED0E0A05F0DAFA0A9901F576
:109E1000D66001F2FC7191ED000A40F2E411C2F249
:109E2000004191ED001A30EE010A05F0C9FAFFE792
:109E3000FFE7FFE7FFE70CB080BD00BF000048432D
:109E4000000000000000000080B582B00190019881
:109E5000009007F021FE009800F57270FFF7E8FB14
:109E6000009800F5816006F01FFF009800F2945002
:109E700006F0FEFF009800F5D66006F0F9FF0098A6
:109E80000021C4F2C821C0F8D0170021C4F28C21EF
:109E9000C0F8D4170021CCF23431C0F8D817002113
:109EA000C4F23431C0F8DC170021CCF2A011C0F8A4
:109EB000E81749F69A11C4F28D11C0F8EC17002189
:109EC000C0F8F01749F69A12C3F6B972C0F8F42731
:109ED000C0F8F817C0F8FC1780F80018C0F804188C
:109EE000C0F80818C0F80C1802B080BD00000000CF
:109EF00080B584B003900399B1F9570000EE100AC1
:109F0000B8EEC00A9FED1A1A80EE010A8DED020A22
:109F1000B1F9590000EE100AB8EEC00A80EE010A4D
:109F20008DED010A91F8560081F8780091F85500FE
:109F300081F879009DED010A9FED0E2A20EE020ABC
:109F40009FED0D1A80EE010A01F1700081ED1C0AEF
:109F50009DED020A20EE020A80EE010A81ED1D0A43
:109F6000BBEE040AF3EE090AFCF77EFF04B080BDE5
:109F700000401C4600003443D00F49400000000060
:109F800081B00090009890F8780001B07047000010
:109F900081B00090009890F8200001B07047000058
:109FA00080B582B001900091019881690131816191
:109FB00000998A88A0F859200968C0F85510FFF761
:109FC00097FF02B080BD000080B582B0019001987B
:109FD0000090006807F0B8F90098B1EE400A80EDF3
:109FE000180A006807F0C0F90098B1EE400A80ED49
:109FF000170A006807F098F9009880ED190A02B076
:10A0000080BD00000000000080B582B00190019882
:10A010000090FFF7D9FF009800F04EF802B080BD25
:10A0200082B00190019900918869C969884205D17F
:10A03000FFE70099002081F8200004E0009901204A
:10A0400081F82000FFE700998869C86102B0704775
:10A0500083B00290019102980090019800684AF242
:10A060000001C4F2000188420CD1FFE7009940F2E0
:10A070009020C2F20040C86040F2C820C2F2004006
:10A08000086115E0019800684AF20041C4F200013D
:10A0900088420CD1FFE7009940F27830C2F20040CC
:10A0A000C86040F2B030C2F200400861FFE7FFE74D
:10A0B00003B070470000000080B59CB01B901B9857
:10A0C000169090ED190A9FEDD32A20EE020A9FED1B
:10A0D000D21A80EE010A8DED1A0A90ED180A20EED0
:10A0E000020A80EE010A8DED190A90ED170A20EEA2
:10A0F000020A80EE010A8DED180A9DED180AB6EEEF
:10A10000001A8DED111A20EE010A07F0CDFF9DED2A
:10A11000111A8DED010A9DED190A20EE010A07F0D2
:10A12000C3FF9DED111AB0EE402A9DED010A20EE0D
:10A13000020A8DED040A9DED1A0A20EE010A07F0CD
:10A14000B3FF9DED111A8DED030A9DED180A20EE67
:10A15000010A08F089FC9DED111A8DED020A9DEDB2
:10A16000190A20EE010A08F07FFC9DED111AB0EEED
:10A17000402A9DED020A20EE020A8DED050A9DEDB2
:10A180001A0A20EE010A08F06FFC9DED033A9DEDDE
:10A19000042A9DED111A1699B0EE404A9DED050A6C
:10A1A00020EE040AA2EE030A9FED9C2A8DED152AEB
:10A1B00020EE020ABDEEC00A10EE100AA1F853000C
:10A1C0009DED180A20EE010A08F04EFC9DED111AD3
:10A1D0008DED060A9DED190A20EE010A07F064FFD5
:10A1E0009DED111AB0EE402A9DED060A20EE020AFE
:10A1F0008DED090A9DED1A0A20EE010A07F054FFC1
:10A200009DED111A8DED080A9DED180A20EE010A48
:10A2100007F04AFF9DED111A8DED070A9DED190A11
:10A2200020EE010A08F020FC9DED111AB0EE402A44
:10A230009DED070A20EE020A8DED0A0A9DED1A0A2D
:10A2400020EE010A08F010FC9DED084A9DED093A48
:10A250009DED111A9DED152A1699B0EE405A9DED0F
:10A260000A0A20EE050A93EE040A20EE020ABDEE69
:10A27000C00A10EE100AA1F84D009DED180A20EE5C
:10A28000010A07F011FF9DED111A8DED0B0A9DEDEE
:10A29000190A20EE010A08F0E7FB9DED111AB0EE55
:10A2A000402A9DED0B0A20EE020A8DED0E0A9DED6F
:10A2B0001A0A20EE010A07F0F7FE9DED111A8DED46
:10A2C0000D0A9DED180A20EE010A08F0CDFB9DED68
:10A2D000111A8DED0C0A9DED190A20EE010A07F006
:10A2E000E3FE9DED111AB0EE402A9DED0C0A20EE22
:10A2F000020A8DED0F0A9DED1A0A20EE010A08F000
:10A30000B3FB9DED0D4A9DED0E3A9DED111A9DEDAD
:10A31000152A1699B0EE405A9DED0F0A20EE050A57
:10A32000A3EE040A20EE020ABDEEC00A10EE100AE7
:10A33000A1F84F009DED180A20EE010A07F0B4FEC7
:10A340009DED111A8DED100A9DED190A20EE010AFE
:10A3500007F0AAFE9DED111AB0EE402A9DED100AFD
:10A3600020EE020A8DED140A9DED1A0A20EE010A74
:10A3700008F07AFB9DED111A8DED130A9DED180A78
:10A3800020EE010A08F070FB9DED111A8DED120A06
:10A390009DED190A20EE010A08F066FB9DED111AE9
:10A3A000B0EE402A9DED120A20EE020A8DED170A4A
:10A3B0009DED1A0A20EE010A07F076FE9DED133A94
:10A3C0009DED142A9DED151A169AB0EE404A9DEDAA
:10A3D000170A20EE040A92EE030A20EE010ABDEEEF
:10A3E000C00A10EE100AA2F851001169D2F84D000F
:10A3F000D2F851204A60086046F2E000C2F2004004
:10A40000FCF70AFD40F23440C2F2004080ED000A41
:10A410001CB080BDD00F49400000344300401C46B2
:10A4200081B00090009800218161C16180F8201006
:10A430004CF6CD41C4F21C11C16749F69A11C4F221
:10A44000AD11C0F880104BF24661C3F67351C0F8ED
:10A45000841001B07047000082B001908DF80310A5
:10A4600001999DF8030081F8980502B0704700003B
:10A4700081B00090009890F8990501B070470000F5
:10A4800082B001908DF8031001999DF8030081F8C6
:10A49000990502B07047000080B582B00190019824
:10A4A000009005F081FD0098603005F02DFC0098CB
:10A4B00000F04AF90098BC3004F002FD009800F565
:10A4C000E67004F0FDFC009800F5377004F0F8FC2D
:10A4D000009800F57B7004F0F3FC02B080BD000032
:10A4E00080B59AB0199019980D9040650322159285
:10A4F000114606F065FE0D9901F16000C1F8B41037
:10A5000004210022119206F05BFE0D9A119902F1CE
:10A51000BC00039002F29452D2ED002A9FED7E0A15
:10A520008DED000ADFED7D0ACDED0E0ADFED7C4AF0
:10A53000CDED0F4A9FED7B5A8DED105AB0EE451AC6
:10A54000F0EE451AB0EE622AB0EE453AF0EE453A2A
:10A55000B0EE454A07F060FC03980D9901F586714D
:10A56000029104F061FC0146039800EE101AB8EE67
:10A57000400A8DED010A04F057FCDDED000A9DED67
:10A58000012ADDED0F4A9DED105A119902460298FD
:10A5900000EE102AF8EE402A9FED630AB0EE451A4D
:10A5A000F0EE451AB0EE453AF0EE453AB0EE454AC7
:10A5B00007F032FC039845F28051C2F200410122BB
:10A5C0000C92022316939FED590ADFED590ACDED47
:10A5D000180A04F021FD0D9901F5E670059001F5CA
:10A5E0000771049104F020FCDDED0F4A9DED105A37
:10A5F00011990246049800EE102AF8EE402A9FEDC9
:10A600004D0A8DED060AF1EE000ACDED070A9FED29
:10A610004A1A8DED081A9FED492A8DED092AF0EEB0
:10A62000451AB0EE453AF0EE453AB0EE454A07F02D
:10A63000F3FB0598169BDDED180A45F2E041C2F2E6
:10A6400000411491B7EE000A8DED170A1A4604F086
:10A65000E3FC0D9901F537700B9001F54B710A91F0
:10A6600004F0E2FB9DED060ADDED070A9DED081AF8
:10A670009DED092ADDED0F4A9DED105A1199024614
:10A680000A9803EE102AF8EE432AF0EE451AB0EECF
:10A69000453AF0EE453AB0EE454A07F0BDFB0B985F
:10A6A0000C9A1499169B9DED170ADDED180A04F01B
:10A6B000B3FC0D9901F57B70139001F23C411291AE
:10A6C00004F0B2FB9DED0E1ADDED0F4A9DED105A20
:10A6D00011990246129800EE102AF8EE402A9FEDDA
:10A6E000180A9FED182AF0EE450AF0EE451AB0EE72
:10A6F000453AF0EE453AB0EE454A07F08DFB139827
:10A700001499159A169B9DED170ADDED180A04F0B1
:10A7100083FC1AB080BD00BF00002042CDCCCC3DF0
:10A720006F12833A000000000080BB450000B44275
:10A7300000401C4600001643CDCC4C3E0000FA44BD
:10A740000000C84200803B4580B592B0119011983E
:10A750000F9090F8980501461091042800F20781A7
:10A760001099DFE801F003566ECA9C000F98BC30C8
:10A770000A900021099104F097FB0F9800F5E6700C
:10A780000B900221089104F08FFB08990F9800F5B7
:10A7900037700C9004F088FB08990F9800F57B70D7
:10A7A0000D9004F081FB09990F98FFF769FE0A9854
:10A7B0009FED8F0A8DED0E0A07F0CEF90F989DEDF3
:10A7C0000E0A00F5867007F0C7F90B989DED0E0A8A
:10A7D00007F0C2F90C989DED0E0A07F0BDF90D982F
:10A7E0009DED0E0A07F0B8F90A989DED0E0A04F0E7
:10A7F00087FC0B989DED0E0A04F04AFB0C989DED2A
:10A800000E0A04F045FB0D989DED0E0A04F040FB86
:10A81000ADE00F98BC3004F02BFB032801D1FFE71B
:10A820000EE00F98BC3004F023FB022807D1FFE7AD
:10A830000F98BC309FED6E0A04F02AFBFFE7FFE79C
:10A8400095E00F98BC300790032104F02DFB0F9882
:10A8500000F5E6700221069104F026FB06990F9898
:10A8600000F5377004F020FB06990F9800F57B7017
:10A8700004F01AFB07980F9901F5B56191ED000AF4
:10A880009FED5A1A30EE010A81ED000A91ED000A9F
:10A8900004F0D2FA0F99012081F8980567E00F982B
:10A8A000BC300590032104F0FFFA0F9800F5E67024
:10A8B0000221049104F0F8FA04990F9800F537701A
:10A8C00004F0F2FA04990F9800F57B7004F0ECFAAA
:10A8D00005980F9901F5B56191ED000A9FED421AB7
:10A8E00030EE010A81ED000A91ED000A04F0A4FAAD
:10A8F0000F99012081F8980539E00F98BC300221AA
:10A90000029104F0D1FA02990F9800F5E67004F074
:10A91000CBFA02990F9800F5377004F0C5FA029946
:10A920000F9800F57B7004F0BFFA0F98D0F8B800CC
:10A9300002F012FB01460F981E310391D0F8B800C7
:10A9400002F032FB0146039888420ADAFFE70F99CA
:10A9500001F1BC0001F2945191ED000A04F098FA63
:10A9600004E00F99012081F89805FFE7FFE70F98B1
:10A9700090F89905E8B1FFE70F9901F5E67001F24B
:10A980009C51019191ED000A04F082FA0F9801990F
:10A9900000F5377091ED000AB1EE400A04F078FA44
:10A9A0000F98019900F57B7091ED000A04F070FAA0
:10A9B00017E00F9800F5E6709FED0D0A8DED000A87
:10A9C00004F066FA0F989DED000A00F5377004F068
:10A9D0005FFA0F989DED000A00F57B7004F058FABD
:10A9E000FFE712B080BD00BFE7665F40B9B8323FF5
:10A9F000000000000000000080B584B003900398C0
:10AA0000019005F0C5FB019800210291A0F85C10AF
:10AA1000603005F0BDFA0198BC3004F081FB01986C
:10AA200000F5E67004F07CFB019800F5377004F047
:10AA300077FB019800F57B7004F072FB019800F23F
:10AA4000FC4007F039FA01980299C0F84C15002231
:10AA5000C4F2C832C0F850250022C4F22012C0F857
:10AA6000542546F26663C3F6E663C0F858354AF2E9
:10AA7000CB13C3F6C553C0F85C3549F69A13C3F639
:10AA80005973C0F8603580F864150023C4F2701360
:10AA9000C0F86835C0F86C150023C4F22A33C0F83A
:10AAA00070350023C4F2E003C0F8743580F87815DF
:10AAB00041F27073A0F87A3540F26C73A0F87C35DF
:10AAC0000023C4F21643C0F8803580F88415C0F81E
:10AAD0008815C0F8902548F66F02C4F22E22C0F8FF
:10AAE000942580F8981580F899150022C4F27A42CE
:10AAF000C0F89C250022C4F2BC12C0F8A02545F283
:10AB0000D232C4F27B12C0F8A425C0F8A815C0F850
:10AB1000AC1504B080BD000080B598B017901798B0
:10AB20000E900021139112911191109141F2F84170
:10AB300008440D90FEF784FD0D988DED160AFEF782
:10AB400097FD0D988DED150AFEF7BEFD0E988DED63
:10AB5000140A01F0C1FB0E9842F2D731405C012883
:10AB600040F0FE80FFE70E9842F2D531405C0028AD
:10AB700040F0F680FFE70E9841F230310844FDF7CF
:10AB800023FEFCF761FF0E9842F27831084490ED05
:10AB9000001AB4EE410AF1EE10FA09DDFFE70E9853
:10ABA00041F230310844FDF70FFE8DED0C0A04E050
:10ABB0009FEDE00A8DED0C0AFFE70E989DED0C0A63
:10ABC0008DED130A41F230310844FDF705FEFCF724
:10ABD0003BFF0E9842F27831084490ED001AB4EE33
:10ABE000410AF1EE10FA09DDFFE70E9841F230312B
:10ABF0000844FDF7F1FD8DED0B0A04E09FEDCD0A51
:10AC00008DED0B0AFFE70E989DED0B0A8DED120AF4
:10AC100041F230310844FDF7D3FE062808D1FFE7A2
:10AC20000E9841F2F84108440221FEF741FD96E0FA
:10AC30000E9841F2F84108440121FEF739FD0E98C3
:10AC400041F230310844FDF7C3FE06284DD0FFE73E
:10AC50000E989DED131A42F29831014491ED002AAD
:10AC60009DED160AA1EE420A8DED160A00F5C850B8
:10AC7000002102F0B9FA0E9841F6A831084404F018
:10AC800097FB9FEDAD1AB4EE410AF1EE10FA1DDD0F
:10AC9000FFE70E9841F6A831084404F089FB9FEDC8
:10ACA000A71AB4EE410AF1EE10FA0FDAFFE70E9898
:10ACB00000F5C850062102F097FA0E9841F6A83127
:10ACC00008449FED9C0A04F07BFBFFE70E989DED86
:10ACD000121A42F29C31084490ED002A9DED150AAB
:10ACE000A1EE020A8DED150A38E00E9841F23031DE
:10ACF0000844FDF76DFE06282FD1FFE70E9841F2BC
:10AD000030310844FDF75CFE032826D1FFE70E989A
:10AD100041F2F84108440321FEF7CAFC0E9800F501
:10AD2000C8500A90062102F05FFA0E990A989DED2C
:10AD3000120A42F29C32114491ED001A20EE011ADF
:10AD40009DED140A9FED7E2AA1EE020A8DED140AF4
:10AD500005F042FE8DED160AFFE7FFE7FFE70AE385
:10AD60000E9842F2D731405C022840F0B480FFE7F1
:10AD70000E9842F2D631405C002840F0AC80FFE7EC
:10AD80000E9841F2CC310844FEF7F2F8FCF75CFE75
:10AD90000E9842F27831084490ED001AB4EE410A60
:10ADA000F1EE10FA09DDFFE70E9841F2CC310844CC
:10ADB000FEF7DEF88DED090A04E09FED5E0A8DEDE9
:10ADC000090AFFE70E989DED090A8DED110A41F27F
:10ADD000CC310844FEF7D4F8FCF736FE0E9842F268
:10ADE0007831084490ED001AB4EE410AF1EE10FA01
:10ADF00009DDFFE70E9841F2CC310844FEF7C0F8B8
:10AE00008DED080A04E09FED4B0A8DED080AFFE77F
:10AE10000E989DED080A8DED100A41F2F8410844A4
:10AE2000FEF73EFC70B9FFE70E9841F2F841084486
:10AE30000121FEF73DFC0E9800F5C850002102F0FC
:10AE4000D3F9FFE70E9841F2CC310844FEF798F9A8
:10AE5000022824D1FFE70E9841F2F8410844FEF79A
:10AE60001FFC012808D1FFE70E9841F2F841084481
:10AE70000221FEF71DFC11E00E9841F2F841084452
:10AE8000FEF70EFC022808D1FFE70E9841F2F841C8
:10AE900008440121FEF70CFCFFE7FFE7FFE70E98EF
:10AEA0009DED111A42F29831014491ED002A9DED79
:10AEB000160AA1EE420A8DED160A9DED101A42F215
:10AEC0009C31084490ED002A9DED150AA1EE020A7E
:10AED0008DED150A4EE20E9842F2D731405C012802
:10AEE00007D1FFE70E9842F2D531405C012810D01F
:10AEF000FFE70E9842F2D731405C022840F03982D9
:10AF0000FFE70E9842F2D631405C012840F03182D2
:10AF1000FFE70E9842F2D731405C012840F08C8068
:10AF2000FFE70E9841F230310844FDF769FE012831
:10AF30000DD109E000000000295C8F3DEC51484034
:10AF4000CDCC4C3D0000344300201590FFE70E9817
:10AF500041F230310844FDF78BFE032808D1FFE7AA
:10AF60000E9841F2F84108440221FEF7A1FB07E0E8
:10AF70000E9841F2F84108440121FEF799FBFFE7E2
:10AF80000E9841F2303108440790FDF705FC0E9908
:10AF90000798B0EE401A42F2A832114491ED002A0F
:10AFA0009DED160AA1EE420A8DED160AFDF7FCFB97
:10AFB0000E990798B0EE401A42F2AC32114491ED6E
:10AFC000002A9DED150AA1EE420A8DED150AFDF746
:10AFD000EFFD012809D1FFE79DED160A1FED271AA5
:10AFE00030EE010A8DED160AFFE70E9841F230317E
:10AFF0000844FDF71DFE012801D1FFE7FFE70E9889
:10B0000041F230310844FDF7F3FD012813D1FFE789
:10B010000E9842F27C31405C30B9FFE70E9942F263
:10B020007C320120885405E00E9942F27C320020E7
:10B030008854FFE7FFE79BE10E9842F2D731405C6E
:10B04000022840F09481FFE70E9841F2CC31084489
:10B05000FEF7E6F9022803D1FFE700201590FFE78D
:10B060000E9841F2CC310844FEF712FA012824D19F
:10B07000FFE70E9841F2F8410844FEF711FB032860
:10B0800013D0FFE70E9841F2F841084406900221E0
:10B09000FEF70EFB0698FEF7D3FA06988DED160A1A
:10B0A000FEF7E6FA8DED150A06E00E9800F51A7027
:10B0B000032105F065FBFFE73BE00E9841F2F84104
:10B0C0000844FEF7EDFA032832D0FFE70E9841F668
:10B0D000A831084404F06CF99FEDAF1AB4EE410AB0
:10B0E000F1EE10FA0EDBFFE70E9841F6A8310844A6
:10B0F00004F05EF99FEDA91AB4EE410AF1EE10FAE0
:10B100000EDDFFE70E9841F2F84108440121FEF7F9
:10B11000CFFA0E9800F5C850002102F065F806E05D
:10B120000E9800F5C850062102F05EF8FFE7FFE731
:10B13000FFE70E9841F2CC3108440590FDF700FF7F
:10B140000E990598B0EE401A42F2A832114491EDE2
:10B15000002A9DED160AA1EE420A8DED160AFDF7B2
:10B16000F7FE0E990598B0EE401A42F2AC32114447
:10B1700091ED002A9DED150AA1EE420A8DED150A0A
:10B18000FEF726F9022809D1FFE79DED160A9FED8B
:10B19000841A30EE010A8DED160AFFE70E9841F28F
:10B1A000CC310844FEF764F9022860D1FFE7FCF7D0
:10B1B000EBF98DED0F0A9DED0F0A42F60C00C2F27D
:10B1C000004090ED001A30EE410A9FED761AB4EE81
:10B1D000410AF1EE10FA07DAFFE742F60801C2F27F
:10B1E00000410120087006E042F60801C2F2004169
:10B1F00000200870FFE742F60800C2F20040007825
:10B20000C00768B3FFE70E9841F2F8410844FEF723
:10B2100047FA032814D1FFE70E9841F2F841084499
:10B220000121FEF745FA0E9800F5C850062101F0FD
:10B23000DBFF0E9800F51A70032105F0A1FA0EE06D
:10B240000E9841F2F841084403210491FEF730FAC8
:10B250000E98049900F51A7005F092FAFFE7FFE7DF
:10B260000F9842F60C01C2F200410860FFE70E9809
:10B2700041F2CC310844FEF7EBF8022801D1FFE798
:10B28000FFE742F60800C2F200400078C00700283D
:10B290004FD0FFE70E9841F2F8410844FEF700FA5C
:10B2A00003283ED0FFE70E9841F6A831084404F089
:10B2B0007FF89FED391AB4EE410AF1EE10FA1BDD6A
:10B2C000FFE70E9841F6A831084404F071F89FEDAD
:10B2D000361AB4EE410AF1EE10FA0DDAFFE70E98D5
:10B2E00000F5C850062101F07FFF0E9800F51A7096
:10B2F000032105F045FA13E00E9800F5C85000212F
:10B30000039101F071FF0E9800F51A70012105F00C
:10B3100037FA039842F60801C2F200410870FFE7CD
:10B3200006E042F60801C2F2004100200870FFE783
:10B33000FFE70E9800F51A7005F01AFA032815D1E8
:10B34000FFE70E9800F51A71029141F2CC310844E2
:10B35000FDF7F6FD0E99029842F2A832114491EDE4
:10B36000001A20EE410A05F097F9FFE7FFE7FFE733
:10B37000FFE7FFE7FFE70E9841F2F841084401902C
:10B380009DED160AFEF768F901989DED150AFEF786
:10B390007BF918B080BD00BF295C8F3D66664640D2
:10B3A000000034430000FA43EC5148400000000024
:10B3B00080B58EB00D900D980C9000F08DFF0C981C
:10B3C00042F2D731405C012840F0C880FFE70C987A
:10B3D00042F2D531405C002840F0C080FFE70C9875
:10B3E00041F230310844FDF7F3FA002840F0A28022
:10B3F000FFE70C9841F60851084401210B91FFF733
:10B400003FF80B990C9842F26A32815441F2303184
:10B410000844FDF7D5FA06282AD1FFE70C9841F237
:10B420004C410844FEF7B4FD012820D1FFE70C98F9
:10B4300041F230310844FDF747FD9FEDD61AB4EED6
:10B44000410AF1EE10FA11DDFFE70C9841F24C4190
:10B450000844FEF795FD40B1FFE70C9841F608510E
:10B4600008440221FEF7F8FFFFE7FFE7FFE760E08F
:10B470000C9841F230310844FDF726FD9FEDC61AC5
:10B48000B4EE410AF1EE10FA1BDDFFE70C9841F231
:10B4900030310844FDF718FD9FEDC01AB4EE410AA3
:10B4A000F1EE10FA0DDAFFE70C9841F60851084466
:10B4B0000121FEF7D1FF0C9942F2D43200208854CA
:10B4C000FFE70C9841F230310844FDF7FDFC9FED99
:10B4D000B41AB4EE410AF1EE10FA13DAFFE70C9851
:10B4E00042F2D431405C68B9FFE70C9841F608514C
:10B4F00008440221FEF7B0FF0C9942F2D432012039
:10B500008854FFE70C9841F230310844FDF7DCFC29
:10B510009FEDA01AB4EE410AF1EE10FA08DDFFE744
:10B520000C9841F6085108440321FEF795FFFFE708
:10B53000FFE712E00C9841F60851084409900121F8
:10B54000FEF78AFF099800210A91FEF799FF0C99EE
:10B550000A9842F26A328854FFE741E20C9842F2BC
:10B56000D731405C022840F0D980FFE70C9842F2C6
:10B57000D631405C002840F0D180FFE70C9841F2C2
:10B58000CC310844FDF7ECFD02282ED1FFE70C98E2
:10B5900042F26A31405C012813D1FFE70C9841F672
:10B5A0000851084407900121FEF756FF0798002133
:10B5B0000891FEF765FF0C99089842F26A328854A8
:10B5C00012E00C9841F608510844059001210691BB
:10B5D000FEF742FF05980699FEF752FF0C99069870
:10B5E00042F26A328854FFE7FFE70C9842F26A3170
:10B5F000405C012840F09180FFE70C9841F2F8414F
:10B600000844FEF74DF8022821D1FFE70C9841F2DB
:10B610004C410844FEF7B4FC012817D1FFE70C9811
:10B6200041F24C410844FEF7B3FC01280ED1FFE77C
:10B630000C9841F6085108440221FEF70DFF42F62E
:10B640001001C2F2004100200880FFE764E00C987E
:10B6500041F2CC310844FDF787FF9FED4F1AB4EE5D
:10B66000410AF1EE10FA14DDFFE70C9841F2CC31FB
:10B670000844FDF779FF9FED491AB4EE410AF1EE57
:10B6800010FA06DAFFE70C9942F2D432002088540F
:10B69000FFE70C9841F2CC310844FDF765FF9FEDC0
:10B6A000D11AB4EE410AF1EE10FA13DAFFE70C9862
:10B6B00042F2D431405C68B9FFE70C9841F608517A
:10B6C00008440221FEF7C8FE0C9942F2D432012050
:10B6D0008854FFE70C9841F2CC310844FDF744FF51
:10B6E0009FEDC11AB4EE410AF1EE10FA13DDFFE747
:10B6F0000C9842F2D431405C68B9FFE70C9841F6EF
:10B70000085108440421FEF7A7FE0C9942F2D432F6
:10B7100001208854FFE7FFE7FFE760E10C9842F261
:10B72000D731405C012807D1FFE70C9842F2D531B0
:10B73000405C012810D0FFE70C9842F2D731405C02
:10B74000022840F04B81FFE70C9842F2D631405C72
:10B75000012840F04381FFE70C9842F2D731405C6A
:10B76000012840F09E80FFE70C9841F230310844F8
:10B77000FDF716FA01281CD1FFE70C984FF40A5187
:10B78000405C78B9FFE70C994FF40A5201208854C5
:10B790000EE000BFCDCC4C3FCDCC4CBECDCC4C3E12
:10B7A000CDCC4CBF0C994FF40A5200208854FFE7CF
:10B7B000FFE70C9841F230310844FDF761FA0128A7
:10B7C00023D1FFE70C9842F26A31405C70B9FFE781
:10B7D0000C9841F60851084401210491FEF750FEEF
:10B7E0000C99049842F26A3288540DE00C9841F6A4
:10B7F0000851084400210391FEF742FE0C9903987A
:10B8000042F26A328854FFE7FFE70C9841F608518C
:10B810000844FEF72DFE01283AD1FFE70C984FF4BB
:10B820000A51405C90B9FFE70C9841F2303108446E
:10B83000FDF716FA012808D1FFE70C9841F60851E8
:10B8400008440221FEF708FEFFE7FFE70C984FF4DB
:10B850000A51405C01281AD1FFE70C9841F23031BF
:10B860000844FDF7FDF9032808D1FFE70C9841F6DD
:10B87000085108440321FEF7EFFD07E00C9841F65C
:10B88000085108440121FEF7E7FDFFE7FFE707E065
:10B890000C9841F6085108440121FEF7DDFDFFE751
:10B8A0009BE00C9842F2D731405C022840F0948033
:10B8B000FFE70C9841F2CC310844FDF7F1FD022876
:10B8C00023D1FFE70C9842F26A31405C70B9FFE780
:10B8D0000C9841F60851084401210291FEF7D0FD71
:10B8E0000C99029842F26A3288540DE00C9841F6A5
:10B8F0000851084400210191FEF7C2FD0C990198FE
:10B9000042F26A328854FFE7FFE70C9841F608518B
:10B910000844FEF7ADFD01283ED1FFE70C9841F247
:10B92000CC310844FDF7B4FD01281AD1FFE70C988B
:10B9300041F2CC310844FDF7A3FD012808D1FFE70F
:10B940000C9841F6085108440321FEF785FD07E0F5
:10B950000C9841F6085108440121FEF77DFDFFE7F0
:10B9600019E00C9841F2CC310844FDF789FD01281B
:10B9700008D1FFE70C9841F6085108440321FEF76F
:10B980006BFD07E00C9841F6085108440121FEF7D1
:10B9900063FDFFE7FFE707E00C9841F60851084414
:10B9A0000121FEF759FDFFE70C9841F2F8410844E8
:10B9B000FDF776FE03280ED1FFE70C9841F60851FB
:10B9C000084400210091FEF75BFD0C99009842F2BB
:10B9D0006A328854FFE7FFE7FFE7FFE7FFE7FFE78B
:10B9E0000EB080BDCDCC4CBFCDCC4C3F0000000094
:10B9F00080B5A6B0259025981D9000212491239113
:10BA00002291219120911F911E9100F065FC1D98BB
:10BA100042F2D731405C012840F04481FFE71D9895
:10BA200042F2D531405C002840F03C81FFE71D9890
:10BA300041F230310844FCF79FFEFCF705F81D98F1
:10BA400042F27831084490ED001AB4EE410AF1EE6A
:10BA500010FA09DDFFE71D9841F230310844FCF788
:10BA60008BFE8DED1C0A04E09FEDE70A8DED1C0AAC
:10BA7000FFE71D989DED1C0A8DED240A41F230313F
:10BA80000844FCF781FEFBF7DFFF1D9842F2783196
:10BA9000084490ED001AB4EE410AF1EE10FA09DD07
:10BAA000FFE71D9841F230310844FCF76DFE8DED43
:10BAB0001B0A04E09FEDD40A8DED1B0AFFE71D98D9
:10BAC0009DED1B0A8DED230A41F230310844FCF74D
:10BAD0007BFEFBF7B9FF1D9842F27831084490EDE8
:10BAE000001AB4EE410AF1EE10FA09DDFFE71D98E5
:10BAF00041F230310844FCF767FE8DED1A0A04E08C
:10BB00009FEDC10A8DED1A0AFFE79DED1A0A8DED32
:10BB1000220A9DED240A8DED130A9DED230A20EEE5
:10BB2000001ABEEE002A8DED152AB7EE000A8DED43
:10BB3000160A01EE020A06F01BFA1D98B0EE401A32
:10BB40009DED130A20EE010A8DED140A00F51A701E
:10BB5000179004F0ADFD9DED141A9DED152AB0EE81
:10BB6000403A9DED160A21EE031A8DED1F1A9DED48
:10BB7000231A8DED181A9DED241A21EE011A01EEFB
:10BB8000020A06F0F5F91798B0EE401A9DED180A72
:10BB900020EE010A8DED190A04F096FD1D98B0EE15
:10BBA000401A9DED190A20EE010A8DED1E0A41F2A0
:10BBB00030310844FCF704FF032856D1FFE71D98F5
:10BBC00041F230310844FCF703FF06281BD1FFE7A0
:10BBD0001D9800F51A701190032104F0D1FD119801
:10BBE0009DED220A8DED120A04F032FDB0EE401AEE
:10BBF0009DED120A20EE410A42F61400C2F2004006
:10BC000080ED000A30E01D9841F6A831084403F0A9
:10BC1000CFFB9FED7E1AB4EE410AF1EE10FA1BDD68
:10BC2000FFE71D9841F6A831084403F0C1FB9FEDE2
:10BC3000781AB4EE410AF1EE10FA0DDAFFE71D981A
:10BC400000F51A701090032104F09AFD10989FEDF2
:10BC50006E0A04F021FD06E01D9800F51A7001211E
:10BC600004F08EFDFFE7FFE71BE01D9841F2303145
:10BC70000844FCF7A5FE98B9FFE71D9800F51A7077
:10BC80000F90022104F07CFD0F9804F0EDFCB1EE62
:10BC9000400A42F61400C2F2004080ED000AFFE7BD
:10BCA000FFE7E1E21D9842F2D731405C022840F004
:10BCB0000481FFE71D9842F2D631405C002840F035
:10BCC000FC80FFE71D9841F2CC310844FDF720F9D4
:10BCD000FBF7BAFE1D9842F27831084490ED001A45
:10BCE000B4EE410AF1EE10FA09DDFFE71D9841F2CA
:10BCF000CC310844FDF70CF98DED0E0A04E09FED00
:10BD0000420A8DED0E0AFFE71D989DED0E0A8DED9E
:10BD1000210A41F2CC310844FDF702F9FBF794FE09
:10BD20001D9842F27831084490ED001AB4EE410AB1
:10BD3000F1EE10FA09DDFFE71D9841F2CC3108441D
:10BD4000FDF7EEF88DED0D0A04E09FED2F0A8DED65
:10BD50000D0AFFE79DED0D0A8DED200A9DED210AEC
:10BD60008DED060A9DED200A20EE001ABEEE002A97
:10BD70008DED082AB7EE000A8DED090A01EE020AE0
:10BD800006F0F6F81D98B0EE401A9DED060A20EE7A
:10BD9000010A8DED070A00F51A700A9004F088FC7C
:10BDA0009DED071A9DED082AB0EE403A9DED090A77
:10BDB00021EE031A8DED1F1A9DED201A8DED0B1A41
:10BDC0009DED211A21EE011A01EE020A06F0D0F8CB
:10BDD0000A98B0EE401A9DED0B0A20EE010A8DED97
:10BDE0000C0A04F071FC1D98B0EE401A9DED0C0A8F
:10BDF00020EE010A8DED1E0A41F2CC310844FDF718
:10BE000097F8D0B906E000BF00000000B81E053E5C
:10BE1000EC5148401D9800F51A700590022104F07D
:10BE2000AFFC059804F020FCB1EE400A42F6140085
:10BE3000C2F2004080ED000AFFE71D9841F2CC31CC
:10BE40000844FDF775F8012807D1FFE71D9800F5B4
:10BE50001A70012104F094FCFFE71D9841F2CC31E7
:10BE60000844FDF765F8022811D1FFE71D9800F599
:10BE70001A700490022104F083FC049804F0F4FB8F
:10BE800042F61400C2F2004080ED000AFFE71D9860
:10BE900041F2CC310844FDF77BF8012806D1FFE7D9
:10BEA0001D9942F268320120885405E01D9942F242
:10BEB000683200208854FFE7D5E11D9842F2D7315F
:10BEC000405C012807D1FFE71D9842F2D531405C64
:10BED000012810D0FFE71D9842F2D731405C0228BC
:10BEE00040F0C081FFE71D9842F2D631405C012846
:10BEF00040F0B881FFE71D9842F2D731405C01283D
:10BF000040F0C880FFE71D9841F230310844FCF74B
:10BF1000BFFE03280BD1FFE71D9942F288324FF094
:10BF20007E50885042F26832012088540AE01D9900
:10BF300042F288324FF08040885042F2683200204E
:10BF40008854FFE71D9841F230310844FCF720FE89
:10BF5000032812D1FFE71D9800F51A7004F0A8FB22
:10BF60001D98B1EE400A42F28831084490ED001A63
:10BF700080EE010A8DED1F0AFFE71D9841F2303176
:10BF80000844FCF71DFE032810D1FFE71D9800F5BB
:10BF90001A7004F08DFB1D9842F28831084490ED30
:10BFA000001A80EE010A8DED1F0AFFE71D9841F28D
:10BFB00030310844FCF744FE032810D1FFE71D98F8
:10BFC00000F51A7004F080FB1D9842F28831084495
:10BFD00090ED001A80EE010A8DED1E0AFFE71D9814
:10BFE00041F230310844FCF71BFE032812D1FFE771
:10BFF0001D9800F51A7004F067FB1D98B1EE400A19
:10C0000042F28831084490ED001A80EE010A8DED6D
:10C010001E0AFFE71D9841F230310844FCF7D8FDB5
:10C02000012821D1FFE71D9800F51A7004F0A0FB4C
:10C03000012811D1FFE71D9800F51A700390022125
:10C0400004F09EFB039804F00FFB42F61400C2F2CA
:10C05000004080ED000A06E01D9800F51A700121ED
:10C0600004F08EFBFFE7FFE71D9841F230310844F2
:10C07000FCF7CEFD032806D1FFE71D9942F26D3291
:10C080000120885405E01D9942F26D320020885449
:10C09000FFE7E6E01D9842F2D731405C022840F00D
:10C0A000DF80FFE71D9841F2CC310844FDF700FA2C
:10C0B00001280BD1FFE71D9942F288324FF07E50E4
:10C0C000885042F26832012088540AE01D9942F2F9
:10C0D00088324FF08040885042F268320020885405
:10C0E000FFE71D9800F51A7004F042FB38B9FFE72E
:10C0F0001D9800F51A70012104F042FBFFE71D981E
:10C1000041F2CC310844FDF753F9012812D1FFE781
:10C110001D9800F51A7004F0CBFA1D98B1EE400A94
:10C1200042F28831084490ED001A80EE010A8DED4C
:10C130001F0AFFE71D9841F2CC310844FDF750F982
:10C14000012810D1FFE71D9800F51A7004F0B0FA2D
:10C150001D9842F28831084490ED001A80EE010AE1
:10C160008DED1F0AFFE71D9841F2CC310844FDF721
:10C1700077F9012810D1FFE71D9800F51A7004F037
:10C18000A3FA1D9842F28831084490ED001A80EE1F
:10C19000010A8DED1E0AFFE71D9841F2CC310844DB
:10C1A000FDF74EF9012812D1FFE71D9800F51A702E
:10C1B00004F08AFA1D98B1EE400A42F28831084430
:10C1C00090ED001A80EE010A8DED1E0AFFE71D9822
:10C1D00041F2CC310844FDF70BF902282AD1FFE7E0
:10C1E0001D9800F51A7004F0C3FA012811D1FFE779
:10C1F0001D9800F51A700290022104F0C1FA02980D
:10C2000004F032FA42F61400C2F2004080ED000A57
:10C210000FE01D9800F51A7004F0AAFA032807D061
:10C22000FFE71D9800F51A70012104F0A9FAFFE755
:10C23000FFE7FFE71D9841F2CC310844FDF7F8F81D
:10C24000012806D1FFE71D9942F26D320120885482
:10C2500005E01D9942F26D3200208854FFE7FFE7A8
:10C26000FFE7FFE7FFE7FFE71D9800F51A70019071
:10C270009DED1F0A04F064FA01989DED1E0A04F07A
:10C280006BFA019842F61401C2F200410A6844F6C2
:10C290003C43C2F200431A6091ED000A04F0FCF93D
:10C2A00026B080BD0000000080B582B001900198EA
:10C2B000009000F041F8009800F036F90098FFF780
:10C2C00097FB0098FEF728FC0098FFF771F802B082
:10C2D00080BD00000000000080B582B00190019890
:10C2E000009000F029F8009800F01EF9009842F242
:10C2F000D631405C022806D0FFE7009942F2D732DF
:10C300000220885413E0009842F2D531405C0228A4
:10C3100006D0FFE7009942F2D7320120885405E0A9
:10C32000009942F2D73200208854FFE7FFE702B0BD
:10C3300080BD00000000000080B582B0019001982F
:10C34000009041F230310844FCF716FAB5EE400A8D
:10C35000F1EE10FA24D1FFE7009841F230310844A1
:10C36000FCF712FAB5EE400AF1EE10FA18D1FFE729
:10C37000009841F230310844FCF726FAB5EE400A45
:10C38000F1EE10FA0CD1FFE7009841F23031084489
:10C39000FCF722FAB5EE400AF1EE10FA06D0FFE7FC
:10C3A000009942F2D53200208854BBE0009841F257
:10C3B00030310844FCF7F0F9B5EE400AF1EE10FA1E
:10C3C00040F09A80FFE7009841F230310844FCF7D2
:10C3D000EBF9B5EE400AF1EE10FA40F08D80FFE780
:10C3E000009841F230310844FCF7E6F9B5EE400A16
:10C3F000F1EE10FA40F08080FFE7009841F2303112
:10C400000844FCF7C5FB002876D1FFE7009841F20D
:10C4100030310844FCF7D4FB00286DD1FFE70098C9
:10C4200041F230310844FCF70BFC002864D1FFE7EF
:10C43000009841F230310844FCF7F2FB00285BD150
:10C44000FFE7009841F230310844FCF721FC002856
:10C4500052D1FFE7009841F230310844FCF710FC5C
:10C46000002849D1FFE7009841F230310844FCF739
:10C47000C7FB002840D1FFE7009841F23031084463
:10C48000FCF7A6FBC0BBFFE7009841F2303108443F
:10C49000FCF7BEFB80BBFFE7009841F23031084457
:10C4A000FCF79EFB40BBFFE7009841F230310844A7
:10C4B000FCF79EFB00BBFFE7009841F230310844D7
:10C4C000FCF7C6FBC0B9FFE7009841F230310844E1
:10C4D000FCF76EFB80B9FFE7009841F23031084469
:10C4E000FCF7A6FB40B9FFE7009841F23031084461
:10C4F000FCF756FB30B1FFE7009942F2D53201203C
:10C5000088540EE0009841F230310844FCF750FAAC
:10C5100030B9FFE7009942F2D53202208854FFE794
:10C52000FFE7FFE702B080BD80B582B001900198BF
:10C53000009041F2CC310844FCF7EAFCB5EE400A29
:10C54000F1EE10FA24D1FFE7009841F2CC31084413
:10C55000FCF7E6FCB5EE400AF1EE10FA18D1FFE761
:10C56000009841F2CC310844FCF702FDB5EE400AD8
:10C57000F1EE10FA0CD1FFE7009841F2CC310844FB
:10C58000FCF7FEFCB5EE400AF1EE10FA06D0FFE72C
:10C59000009942F2D63200208854BBE0009841F264
:10C5A000CC310844FCF7CCFCB5EE400AF1EE10FAB1
:10C5B00040F09A80FFE7009841F2CC310844FCF744
:10C5C000C7FCB5EE400AF1EE10FA40F08D80FFE7AF
:10C5D000009841F2CC310844FCF7C2FCB5EE400AA9
:10C5E000F1EE10FA40F08080FFE7009841F2CC3184
:10C5F0000844FCF7DDFE002876D1FFE7009841F201
:10C60000CC310844FCF7ECFE00286DD1FFE7009820
:10C6100041F2CC310844FCF723FF002864D1FFE746
:10C62000009841F2CC310844FCF70AFF00285BD1A6
:10C63000FFE7009841F2CC310844FCF739FF0028AD
:10C6400052D1FFE7009841F2CC310844FCF728FFB3
:10C65000002849D1FFE7009841F2CC310844FCF7AB
:10C66000DFFE002840D1FFE7009841F2CC310844BA
:10C67000FCF7BEFEC0BBFFE7009841F2CC31084496
:10C68000FCF7D6FE80BBFFE7009841F2CC310844AE
:10C69000FCF7B6FE40BBFFE7009841F2CC310844FE
:10C6A000FCF7B6FE00BBFFE7009841F2CC3108442E
:10C6B000FCF7DEFEC0B9FFE7009841F2CC31084438
:10C6C000FCF786FE80B9FFE7009841F2CC310844C0
:10C6D000FCF7BEFE40B9FFE7009841F2CC310844B8
:10C6E000FCF76EFE30B1FFE7009942F2D63201202E
:10C6F00088540EE0009841F2CC310844FCF738FD34
:10C7000030B9FFE7009942F2D63202208854FFE7A1
:10C71000FFE7FFE702B080BD81B00090009842F2D1
:10C72000D231405C01B0704782B001908DF80310A7
:10C7300001999DF8030042F2D232885402B070474A
:10C7400081B00090009842F2D131405C01B0704756
:10C7500082B001908DF8031001999DF8030042F218
:10C76000D132885402B0704780B588B007900798DE
:10C77000039042F2C8328158013181504FF40E517A
:10C78000425892F82C208DF81B20425892F82D2008
:10C790008DF81A204258D28D40F67A03C2F2004337
:10C7A00001931A804258128E40F67803C2F2004379
:10C7B00002931A804158498EADF81810BDF8161032
:10C7C00000EE101AB8EEC00AB2EE041A80EE010AAA
:10C7D0008DED040A9DF81B1000F0A2FB019903984F
:10C7E000098800F0E9FB03989DF81A1000F0A4FBFB
:10C7F0000398BDF8181000F0B7FB02990398098858
:10C8000000F0C6FB08B080BD80B590B00F900F98C7
:10C810000290002107910E910D91ADF82E10ADF808
:10C820002C10ADF82A10ADF82810099100F51A70F7
:10C83000019003F06DFF01988DED0E0A03F074FF77
:10C8400001988DED0D0A03F01BFF02988DED090A8A
:10C8500041F68C21084404F05FFA8DED0C0A9DED41
:10C860000E0AF9EE000ACDED050AB1EE001A8DEDC3
:10C87000061A4FF63E60CFF6FF7004904FF4E17158
:10C880000391FAF725FE0399DDED050A9DED061AE1
:10C8900002460498ADF82E2040F26833C2F20043FD
:10C8A0000893BDF82E201A809DED0D0AFAF710FEB0
:10C8B000DDED050A9DED061A0899ADF82C00BDF8CE
:10C8C0002C0048809DED090A6FF0C700C821FAF7D7
:10C8D000FFFD089A014607984942ADF82A10BDF8B5
:10C8E0002A1091809DED0C0AFBEE040AB3EE091AA2
:10C8F00047F6FF71FAF7ECFD0899ADF82800BDF88E
:10C900002800C880099844F63841C2F20041086006
:10C9100010B080BD0000000081B0009000984FF47E
:10C920000E514258D26A46F2FC03C2F200431A602A
:10C930004058006B46F20011C2F20041086001B09D
:10C94000704700000000000080B584B00390039899
:10C95000019041F24C410844FDF71AFB0146019851
:10C9600042F26C320092815400F51A7003F000FF1D
:10C97000014601988DF80A1041F2F8410844FCF78D
:10C980008FFE014601988DF8091041F608510844C0
:10C99000FDF76EFD009A01998DF8080042F26D30A6
:10C9A000085CC0018A5C40EA82109DF8082040EAD9
:10C9B00042109DF8092040EAC20042F26832895CC8
:10C9C00040EA81009DF80A1008438DF80B0040F200
:10C9D0007031C2F200419DF80B00087004B080BDB8
:10C9E00080B584B003900398019000F5C85000F022
:10C9F000BFFB019842F28431084480ED000A40F206
:10CA0000EC11C2F2004191ED000A90ED001A30EEF7
:10CA1000410A8DED020A9DED020A9FED291AB4EE3E
:10CA2000410AF1EE10FA0DDDFFE740F2EC10C2F220
:10CA3000004090ED000A9FED231A30EE010A80EDD0
:10CA4000000A17E09DED020A9FED1E1AB4EE410A9E
:10CA5000F1EE10FA0DDAFFE740F2EC10C2F20040FE
:10CA600090ED000A9FED161A30EE010A80ED000AE3
:10CA7000FFE7FFE7019840F2EC11C2F200410968BC
:10CA800042F28C72C2F20042116042F2843141588B
:10CA900042F28872C2F20042116041F2F841084449
:10CAA000FCF71EFE019841F608510844FDF7F4FC1E
:10CAB000019841F24C410844FDF7A6FA04B080BD4C
:10CAC0000000B4430000B4C380B584B00390039861
:10CAD000029042F61B00C2F2004001780131017061
:10CAE0000078322840F08F80FFE742F61800C2F24B
:10CAF000004001780131017042F61902C2F2004291
:10CB000011780131117042F61A02C2F20042117816
:10CB10000131117000784AF6AA22C2F6AA224AF61A
:10CB2000AB21CAF6AA2100FB0120B0F1553F16D275
:10CB3000FFE7029800F0E0F8029841F23031084433
:10CB4000FCF7C6F8029841F2CC310844FCF7F0FC3F
:10CB500042F61801C2F2004100200870FFE742F6D9
:10CB60001900C2F20040007842F29242C1F249221A
:10CB700046F6B751CBF2DB6100FB012044F62411ED
:10CB8000C2F2924188420DD8FFE7029841F24C412F
:10CB90000844FDF745FA42F61901C2F200410020AF
:10CBA0000870FFE7029841F2F8410144019141F613
:10CBB0008C21084402F044FC029841F6A831084454
:10CBC00002F03EFC029800F5C85000F019FB0198F5
:10CBD00004F0EEFD029841F6C451084402F0F0F969
:10CBE000029841F6D461084402F0EAF9029841F64D
:10CBF000E471084402F0E4F942F61B01C2F200417C
:10CC000000200870FFE704B080BD000000000000B5
:10CC100080B58CB00B908DED0A0A0B98089000F54A
:10CC20001A700190B1EE000A8DED020A03F058FD72
:10CC300001989DED020A03F05FFD089942F2B820C9
:10CC400008444165052103910022049204F0B8FADA
:10CC50000399049A089B42F210301844436504F08B
:10CC6000AFFA089841F23031084445F68461C2F2C7
:10CC7000004145F65C52C2F20042FCF751F80499BB
:10CC800008980A9A42F27833C25042F2D73281545D
:10CC900041F2F84108440690FCF742FD069A0899D3
:10CCA00041F24C40059008440790C2F8040441F654
:10CCB00008500844C0F8B810FDF712FC079845F278
:10CCC000E041C2F20041FDF7C3F9059B069A0799BE
:10CCD0000898C250486045F62C40C2F200400990C6
:10CCE000EFF702FB09980421EFF75AFB05F07CFFF0
:10CCF0000CB080BD0000000080B582B001900199A9
:10CD0000009142F2C830085842F2CC328958884229
:10CD10000DD1FFE7009942F2D0320020885442F64C
:10CD20003400C2F20040062105F0CEFF05E0009974
:10CD300042F2D03201208854FFE7009942F2C83015
:10CD4000085842F2CC32885002B080BD000000008A
:10CD500080B582B001900198009000F039F90098F8
:10CD600000F51A7003F018FD009841F230310844C4
:10CD7000FCF7B2F8009841F2CC310844FCF738FCDB
:10CD8000009841F24C410844FDF74AFB009841F2FB
:10CD9000F8410844FDF758F8009841F60851084456
:10CDA000FDF72AFE009842F2B821084403F008FB80
:10CDB000009842F21031084403F03AFC009842F225
:10CDC00068320021815442F26932815442F26A325F
:10CDD000815442F26B32815442F26C32815442F2FD
:10CDE0006D32815442F26E32815442F26F3281547C
:10CDF00042F270330122C25442F27433C15042F203
:10CE00007C33C15440F27833C2F200434FF40E5CDD
:10CE100040F80C3042F2883C4FF0804340F80C3030
:10CE200042F28C3C4FF4C87320F80C3042F2903C34
:10CE300041F26F23C3F6832340F80C3042F2943C56
:10CE40004DF20A73C3F6234340F80C3042F2983C8B
:10CE500045F2EE13C3F6B87340F80C3042F29C3C36
:10CE600046F26763C3F6E67340F80C3042F2A03C2A
:10CE700046F66323C3F61A4340F80C3042F2A43C52
:10CE800040F80C3042F2A83C48F20003C4F21043D0
:10CE900040F80C3042F2AC3C40F80C3042F2B03C6E
:10CEA00049F6A633C3F6443340F80C3042F2B43CA2
:10CEB00040F80C3042F2B833C15242F2BA33C15298
:10CEC00042F2C833C15042F2CC33C15042F2D033A7
:10CED000C15442F2D133C15442F2D233C25442F26D
:10CEE000D333C25442F2D432815442F2D5330222B7
:10CEF000C25442F2D633C25442F2D732815402B005
:10CF000080BD00000000000080B582B00190019853
:10CF1000009000F51A7003F037FD009802B080BD54
:10CF200082B001908DF8031001999DF8030081F8FB
:10CF3000500002B07047000082B001908DF80310DD
:10CF400001999DF80320087E00F00F0040EA0210CE
:10CF5000087602B07047000081B000900098B0F8E9
:10CF6000690001B07047000082B00190ADF8021076
:10CF70000199BDF80200A1F8690002B070470000F5
:10CF800081B000900098B0F8560001B070470000E2
:10CF900082B00190ADF802100199BDF80200A1F82D
:10CFA000560002B07047000081B000900098B0F8C1
:10CFB000580001B07047000082B00190ADF8021037
:10CFC0000199BDF80200A1F8580002B070470000B6
:10CFD00080B582B0019001980090002101704172EB
:10CFE000052282720222C27202730161416100F263
:10CFF000331003F0E9FF009800F23B1003F0C4FF88
:10D00000009800F5A87003F0C7FF009800F5BA700B
:10D0100003F0CAFF009800F2C51003F0CDFF00989E
:10D0200000F2252003F0D8FF009802B080BD000078
:10D0300080B586B0059005990091D1F8F0002C30AC
:10D0400001900198C088ADF80E0001988088ADF875
:10D050000C0001984088ADF80A00BDF80E00B1F848
:10D060004821801A04900498D1F814114A42C1EB67
:10D07000D271B0EB610F07DAFFE70099D1F85001E8
:10D080000130C1F8500111E000990498D1F8141151
:10D0900001EBD171B0EB610F07DDFFE70099D1F82B
:10D0A00050010138C1F85001FFE7FFE70099D1F8BE
:10D0B000FC20D1F81431D1F85001BDF80EC000FBAE
:10D0C00003C01044C1F84C010198007881F82C018C
:10D0D00091ED451A91ED530AB8EEC00AB8EE411A27
:10D0E00080EE010A9FED1E1A20EE010A81ED4C0A26
:10D0F00091ED4C0A9FED1B1A20EE010A81ED4D0ABD
:10D10000BDF90C0000EE100AB8EEC00A81ED4E0A1F
:10D11000BDF90C0000EE100AB8EEC00A20EE010ABC
:10D1200081ED4F0ABDF80A0091ED410A70EE000A48
:10D13000002140F6FF729FED0C0AFAF7F9F9009909
:10D1400081ED500A0198407800EE100AB8EE400ACE
:10D1500081ED510ABDF80E00A1F8480106B080BD6E
:10D160000000B44335FA8E3C0000000000000000CF
:10D1700081B00090009890ED4C0A01B0704700001B
:10D1800081B000900098B0F90A0100EE100AB8EEE4
:10D19000C00A01B07047000082B001908DED000A16
:10D1A00001990098C1F8640102B0704700000000C6
:10D1B00082B001908DED000A01990098C1F87401C8
:10D1C00002B070470000000080B582B0019000916D
:10D1D0000198D0F81C110131C0F81C11FFF728FF8D
:10D1E00002B080BD0000000082B001908DF80310F5
:10D1F00001999DF8030081F8560102B070470000C4
:10D2000082B0019001990091D1F81C01D1F8201150
:10D21000884205D1FFE70099002081F8280104E049
:10D220000099012081F82801FFE70099D1F81C013D
:10D23000C1F8200102B07047B0B58AB00DF1100CF2
:10D24000CDF804C09446019A8E4604460F980E9974
:10D250000994CDF820E08DF81FC082ED020A0593F5
:10D26000C2ED000A8DF80F108DF80E00099802909B
:10D27000089800684AF20001C4F20001884208D10F
:10D28000FFE7029940F29020C2F20040C1F8F0009E
:10D2900011E0089800684AF20041C4F20001884297
:10D2A00008D1FFE7029940F27830C2F20040C1F89D
:10D2B000F000FFE7FFE702999DF81F0081F8F400F6
:10D2C0009DF80F0081F856019DF80E0081F8540179
:10D2D0000598C1F8FC000698C1F800010498C1F84F
:10D2E000040108989DF81F10F9F77EFE0299C1F815
:10D2F000F8000AB0B0BD000083B002900298009020
:10D3000090F85401803801460191282800F24C81A0
:10D310000199DFE811F043013D014901490149014B
:10D3200049014901490137014901490149014901BF
:10D33000490149014901490149014901490149019D
:10D34000490149014901490149011F0125012B01F9
:10D350003101490149014901290039005D00770087
:10D360009B00B900E100FB000099D1F8F820A12052
:10D37000107091F80C01D1F8F820107191F80D019E
:10D38000D1F8F810487110E10099D1F8F820A220E6
:10D39000107091F82601D1F8F820907091F82701CB
:10D3A000D1F8F820D07091F80C01D1F8F820107164
:10D3B00091F80D01D1F8F820507191F80E01D1F8D3
:10D3C000F820907191F80F01D1F8F810C871ECE0D5
:10D3D0000099D1F8F820A320107091F80C01D1F831
:10D3E000F820107191F80D01D1F8F820507191F8E2
:10D3F0000E01D1F8F820907191F80F01D1F8F810D2
:10D40000C871D2E00099D1F8F820A420107091F8EA
:10D410002401D1F8F820907091F82501D1F8F82076
:10D42000D07091F80C01D1F8F820107191F80D012D
:10D43000D1F8F820507191F80E01D1F8F8209071D0
:10D4400091F80F01D1F8F810C871AEE00099D1F849
:10D45000F820A5201070D1F8F8200020507091F825
:10D460000C01D1F8F820107191F80D01D1F8F820D5
:10D47000507191F80E01D1F8F820907191F80F01D8
:10D48000D1F8F810C87190E00099D1F8F820A620E2
:10D490001070D1F8F8200020507091F82401D1F8D4
:10D4A000F820907091F82501D1F8F820D07091F80B
:10D4B0000C01D1F8F820107191F80D01D1F8F82085
:10D4C000507191F80E01D1F8F820907191F80F0188
:10D4D000D1F8F810C87168E00099D1F8F820A720B9
:10D4E000107091F80C01D1F8F820107191F80D012D
:10D4F000D1F8F820507191F80E01D1F8F820907110
:10D5000091F80F01D1F8F810C8714EE00099D1F8E8
:10D51000F820A820107091F82401D1F8F82090701C
:10D5200091F82501D1F8F820D07091F80C01D1F8CC
:10D53000F820107191F80D01D1F8F820507191F890
:10D540000E01D1F8F820907191F80F01D1F8F81080
:10D55000C871FFE70098D0F8F8109A20087024E00E
:10D560000098D0F8F8109B2008701EE00098D0F8C2
:10D57000F8109C20087018E00098D0F8F8109D2052
:10D58000087012E00098D0F8F810882008700CE0BD
:10D590000098D0F8F8108120087006E00098D0F8C4
:10D5A000F8108020087000E0FFE703B0704700002B
:10D5B00083B002908DED010A029800909DED010A62
:10D5C000B0F90A0101EE100AB8EEC11AB4EE410A30
:10D5D000F1EE10FA06DDFFE70099B1F80A01A1F8B3
:10D5E0000C0121E000989DED010AB0F90A014042CA
:10D5F00001EE100AB8EEC11AB4EE410AF1EE10FACB
:10D6000007DAFFE70099B1F80A014042A1F80C01DE
:10D6100009E000999DED010ABDEEC00A10EE100A66
:10D62000A1F80C01FFE7FFE703B07047000000001E
:10D6300080B582B001900198009004F03DFC009804
:10D64000503004F039FC0098A03004F035FC00980C
:10D650000021C4F24831C0F800114CF25031A0F85A
:10D6600008114FF40062A0F80A210021A0F80C1163
:10D6700049F69A13C3F69963C0F810314FF480331A
:10D68000C0F8143180F81811C0F81C11C0F820112E
:10D690004FF6FF73A0F82431A0F8262180F8281156
:10D6A0009C2280F8542180F85511022280F85621DE
:10D6B000C0F85811C0F85C11C0F86011C0F86411CE
:10D6C000C0F86811C0F86C11C0F87011C0F874117E
:10D6D00002B080BD0000000080B582B001900198CA
:10D6E0000090183001F0ACFA009844F20001C4F246
:10D6F0009C61416400210165416580F8651080F8F6
:10D700006610816702B080BD81B00090009940F240
:10D71000E400C2F2004002684DF68363C4F21B339A
:10D72000A2FB0332920C8A60006844F6D352C1F225
:10D730006202A0FB02208009C86001B070470000AF
:10D7400080B584B0039002910398019000F09CFE94
:10D7500030B1FFE70199087940F08000087108E0D6
:10D76000019800F019FA01990246087910430871EE
:10D77000FFE7019800F0E4FD30B1FFE70199087977
:10D7800040F04000087108E0019800F06DF901993F
:10D790000246087910430871FFE70198407928B1E3
:10D7A000FFE70198029900F08FFA26E002994BF208
:10D7B0001F30C3F67B00486202994DF2C970C3F670
:10D7C0006B308862029944F62F70CBF6E220C86273
:10D7D00002994CF65830C4F21B100863029890ED81
:10D7E0000C1A9FED080A80EE010A80ED080A0299E2
:10D7F0000020C4F220208861FFE70198007904B07E
:10D8000080BD00BFC3F51C4180B586B00590049172
:10D810000598029042F61E02C2F2004203921221C3
:10D82000062300F0E1FF0298039A1178537841EA49
:10D83000032142F61C03C2F200431980B3F9001021
:10D8400000EE101AB8EEC00A40F21401C2F2004114
:10D8500091ED001A20EE010ADDF810C08CED000AEF
:10D8600092F802C092F803E04CEA0E2CA3F800C034
:10D87000B3F900C000EE10CAB8EEC00A91ED001A6C
:10D8800020EE010ADDF810C08CED010A92F804C008
:10D8900092F805E04CEA0E2CA3F800C0B3F9003072
:10D8A00000EE103AB8EEC00A91ED001A20EE010A1F
:10D8B000049981ED020A0021082300F05DFF03981E
:10D8C00000780F2840F09580FFE702984079002803
:10D8D0004AD0FFE742F61E03C2F200439878D97897
:10D8E00040EA012042F61C01C2F200410880B1F971
:10D8F000000000EE100AB8EEC01A40F21800C2F2A2
:10D90000004090ED002A049A92ED090A91EE020A75
:10D9100082ED030A1A7993F805C042EA0C220A80C4
:10D92000B1F9002000EE102AB8EEC01A90ED002ADE
:10D93000049A92ED0A0A91EE020A82ED040A9A799B
:10D94000DB7942EA03220A80B1F9001000EE101AD6
:10D95000B8EEC01A90ED002A049890ED0B0A91EEF3
:10D96000020A80ED050A43E042F61E03C2F20043BC
:10D970009878D97840EA012042F61C01C2F20041B1
:10D980000880B1F9000000EE100AB8EEC00A40F2BB
:10D990001800C2F2004090ED001A20EE010A049A2D
:10D9A00082ED030A1A7993F805C042EA0C220A8034
:10D9B000B1F9002000EE102AB8EEC00A90ED001A6E
:10D9C00020EE010A049A82ED040A9A79DB7942EA90
:10D9D00003220A80B1F9001000EE101AB8EEC00A56
:10D9E00090ED001A20EE010A049880ED050AFFE789
:10D9F000FFE7029842F61E02C2F200420192222183
:10DA0000022300F0F1FE019908784978C00040EA4D
:10DA1000511142F61C00C2F200400180B0F9000032
:10DA2000B0F5806F09DBFFE742F61C01C2F200414E
:10DA30000888A0F500600880FFE742F61C00C2F2EB
:10DA40000040B0F9000000EE100AB8EEC01AB4EEC3
:10DA5000002AB3EE070AA1EE020A049880ED070A35
:10DA600006B080BD0000000080B58AB0089008981C
:10DA70000590002103918DF81F108DF81E100DF1F7
:10DA80001E02049200F0ECFE05989621069101F02A
:10DA900027F80399049A059800F0E2FE0598069984
:10DAA00001F01EF805981421B62200F02DFF05980C
:10DAB000502100F0C9FF0399049A059800F0D0FEA8
:10DAC0000598069901F00CF80399049A059800F05E
:10DAD000C7FE0598069901F003F89DF81E000F286F
:10DAE00004D0FFE7FF208DF827004FE000208DF8DD
:10DAF0001F00FFE79DF81F00052843DCFFE705989E
:10DB00009DF81F1001EB410340F2BC11C2F200412D
:10DB10000291CA18C95C527800F0F6FE0598962169
:10DB2000019100F0DDFF059802999DF81F2002EB9E
:10DB30004202895C0DF11E0200F092FE05980199E7
:10DB400000F0CEFF02999DF81E009DF81F2002EB09
:10DB500042021144497888420DD0FFE79DF81F002A
:10DB600000EB400140F2BC10C2F200400844807853
:10DB70008DF827000AE0FFE79DF81F0001308DF8BF
:10DB80001F00B7E700208DF82700FFE79DF827006A
:10DB90000AB080BD0000000080B58AB008900898E7
:10DBA0000590002103918DF81F108DF81E100DF1C6
:10DBB0001F02049200F07CFE05989621069100F069
:10DBC0008FFF0399049A059800F072FE0598069954
:10DBD00000F086FF05987E21B62200F0B9FE059878
:10DBE000502100F031FF0399049A059800F060FE7F
:10DBF0000598069900F074FF0399049A059800F0BF
:10DC000057FE0598069900F06BFF9DF81F001E282F
:10DC100004D0FFE7FF208DF827004FE000208DF8AB
:10DC20001E00FFE79DF81E00052843DCFFE705986E
:10DC30009DF81E1001EB410340F2CE11C2F20041EB
:10DC40000291CA18C95C527800F082FE05989621AC
:10DC5000019100F045FF059802999DF81E2002EB06
:10DC60004202895C0DF11F0200F022FE0598019925
:10DC700000F036FF02999DF81F009DF81E2002EB70
:10DC800042021144497888420DD0FFE79DF81E00FA
:10DC900000EB400140F2CE10C2F200400844807810
:10DCA0008DF827000AE0FFE79DF81E0001308DF88F
:10DCB0001E00B7E700208DF82700FFE79DF827003A
:10DCC0000AB080BD0000000080B594B006AA0292A0
:10DCD0001390129113980390002011901090F9F76F
:10DCE0004FFB42F62800C2F2004080ED000AFFE739
:10DCF000F9F746FB42F62800C2F2004090ED001A08
:10DD000030EE410AB2EE041AB4EE410AF1EE10FA16
:10DD10001EDDFFE712994BF21F30C3F67B0048620D
:10DD200012994DF2C970C3F66B308862129944F6AD
:10DD30002F70CBF6E220C86212994CF65830C4F22C
:10DD40001B10086312990020C4F220208861E1E2D0
:10DD50009FEDE40AF9F794FE1299002008631299E6
:10DD60004862129988621299C862ADF81600FFE7FE
:10DD7000BDF8160040F2E011C2F200410988884265
:10DD800080F2DA81FFE70398122110AA019206239C
:10DD900000F02AFD9DF840009DF8411040EA012066
:10DDA000ADF83E00BDF93E0000EE100AB8EEC00A24
:10DDB00040F21400C2F2004090ED001A20EE010A79
:10DDC000129981ED000A9DF842109DF8432041EA26
:10DDD0000221ADF83E10BDF93E1000EE101AB8EE6B
:10DDE000C00A90ED001A20EE010A129981ED010A95
:10DDF0009DF844109DF8452041EA0221ADF83E10FF
:10DE0000BDF93E1000EE101AB8EEC00A90ED001AEF
:10DE100020EE010A129880ED020A129890ED002A75
:10DE200090ED010A90ED021A20EE000AA2EE020A1D
:10DE3000A1EE010A06F01AF802990398019A81ED01
:10DE4000020A91ED021A129991ED0C0A30EE010AC4
:10DE500081ED0C0A0021082300F08EFC9DF84000A3
:10DE60000F285FD1FFE79DF842009DF8431040EA7C
:10DE70000120ADF83E00BDF93E0000EE100AB8EEFC
:10DE8000C00A40F21800C2F2004090ED001A20EEE5
:10DE9000010A129981ED030A129991ED031A91ED8D
:10DEA000090A30EE010A81ED090A9DF844109DF837
:10DEB000452041EA0221ADF83E10BDF93E1000EECA
:10DEC000101AB8EEC00A90ED001A20EE010A12995D
:10DED00081ED040A129991ED041A91ED0A0A30EECF
:10DEE000010A81ED0A0A9DF846109DF8472041EA93
:10DEF0000221ADF83E10BDF93E1000EE101AB8EE4A
:10DF0000C00A90ED001A20EE010A129880ED050A71
:10DF1000129890ED051A90ED0B0A30EE010A80ED93
:10DF20000B0AFFE7BDF8160038BBFFE7089807901B
:10DF30000898069000208DF81500FFE79DF8150061
:10DF4000022819DCFFE712989DF8152000EB8200EB
:10DF5000C0680CA941F8220012989DF8152000EB2A
:10DF60008200C06809A941F82200FFE79DF815006A
:10DF700001308DF81500E1E764E0029890ED020AA7
:10DF800090ED011AB4EE410AF1EE10FA03DDFFE75D
:10DF900008980790FFE7029890ED020A90ED001AAA
:10DFA000B4EE410AF1EE10FA03DAFFE708980690A2
:10DFB000FFE700208DF81400FFE79DF81400022809
:10DFC0003FDCFFE712989DF8141000EB810090ED04
:10DFD000030A0CA800EB810090ED001AB4EE410A90
:10DFE000F1EE10FA0ADDFFE712989DF8142000EB1D
:10DFF0008200C0680CA941F82200FFE712989DF842
:10E00000141000EB810090ED030A09A800EB8100D9
:10E0100090ED001AB4EE410AF1EE10FA0ADAFFE7C9
:10E0200012989DF8142000EB8200C06809A941F8FD
:10E030002200FFE7FFE79DF8140001308DF814007F
:10E04000BBE7FFE7029890ED010A90ED001A30EE71
:10E05000410A44F65440C2F2004080ED000A00201C
:10E060008DF81300FFE79DF8130002281DDCFFE781
:10E070009DF813100CA800EB810090ED000A09A890
:10E0800000EB810090ED001A30EE410A44F6584052
:10E09000C2F2004000EB810080ED000AFFE79DF82E
:10E0A000130001308DF81300DDE744F65440C2F24E
:10E0B000004090ED000AB6EE001AB4EE410AF1EE0F
:10E0C00010FA2DDCFFE744F65840C2F2004090ED14
:10E0D000000A9FED961AB4EE410AF1EE10FA1FDC29
:10E0E00002E000BF0AD7A33B44F65840C2F200400A
:10E0F00090ED010A9FED8D1AB4EE410AF1EE10FA8F
:10E100000EDCFFE744F65840C2F2004090ED020AF0
:10E110009FED861AB4EE410AF1EE10FA01DDFFE739
:10E120000AE09FED830AF9F7ABFCFFE7BDF81600A4
:10E130000130ADF816001BE640F2E010C2F20040DC
:10E14000008800EE100AB8EE401A129890ED0C0A02
:10E1500080EE010A80ED0C0A00208DF81200FFE726
:10E160009DF8120002281BDCFFE740F2E010C2F22B
:10E170000040008800EE100AB8EE401A12989DF890
:10E18000121000EB810090ED090A80EE010A80ED8B
:10E19000090AFFE79DF8120001308DF81200DFE751
:10E1A0000398222110AA022300F01EFB9DF84000D4
:10E1B0009DF84110C00040EA5110ADF83E00BDF995
:10E1C0003E00B0F5806F07DBFFE7BDF83E00A0F52D
:10E1D0000060ADF83E00FFE7BDF93E0000EE100A1A
:10E1E000B8EEC01AB4EE002AB3EE070AA1EE020A96
:10E1F000129880ED060A42F65801C2F200410888E2
:10E2000001300880FFE744F65440C2F2004090ED30
:10E21000000A0120B6EE001AB4EE410AF1EE10FA3F
:10E22000009071DCFFE7129890ED0C0A9FED411A07
:10E2300030EE010AB0EEC00A0120B6EE001AB4EECC
:10E24000410AF1EE10FA00905EDCFFE744F6584018
:10E25000C2F2004090ED000A01209FED341AB4EEA6
:10E26000410AF1EE10FA00904EDCFFE744F6584008
:10E27000C2F2004090ED010A01209FED2C1AB4EE8D
:10E28000410AF1EE10FA00903EDCFFE744F65840F8
:10E29000C2F2004090ED020A01209FED241AB4EE74
:10E2A000410AF1EE10FA00902EDCFFE7129890ED93
:10E2B000090AB0EEC00A01209FED1F1AB4EE410A10
:10E2C000F1EE10FA00901FDCFFE7129890ED0A0AB9
:10E2D000B0EEC00A01209FED181AB4EE410AF1EE2B
:10E2E00010FA009010DCFFE7129890ED0B0AB0EEE8
:10E2F000C00A9FED111A0020B4EE410AF1EE10FAA7
:10E30000C8BF01200090FFE70098C00700287FF4F5
:10E31000EFACFFE7129890ED0C1A9FED080A80EE23
:10E32000010A80ED080A14B080BD00BF9A99193E19
:10E330006F12033ACDCC1CC10AD7233CC3F51C4154
:10E3400080B58AB0089008980590002102918DF858
:10E350001F108DF81E100DF11F02039200F080FABD
:10E3600005989621049100F0BBFB0299039A059849
:10E3700000F076FA0499059800F0B2FB0598142194
:10E38000B62200F0C1FA05985021069100F05CFB1E
:10E390000299039A059800F063FA0499059800F031
:10E3A0009FFB0299039A059800F05AFA0499059880
:10E3B00000F096FB05983C21012200F0A5FA059893
:10E3C000069900F041FBFFE705983C210DF11F0283
:10E3D00000F046FA0598962100F082FB9DF81E0099
:10E3E00001308DF81E00FFE79DF81F1000208907FF
:10E3F0000029019008D4FFE79DF81E1000200A298B
:10E40000B8BF01200190FFE70198C0070028DBD1C9
:10E41000FFE79DF81E000A2804D1FFE740208DF891
:10E4200027000DE09DF81F004007002804D5FFE7F6
:10E4300040208DF8270003E000208DF82700FFE73B
:10E440009DF827000AB080BD80B584B003908DF898
:10E450000B10039801909DF80B10026891720068F0
:10E460000068694601230B6040F60001C5F6020111
:10E470000822F2F739FB0198006890F88A0004B08E
:10E4800080BD00000000000080B596B01490149884
:10E490000C9000210A91ADF840100F918DF83B10BF
:10E4A0008DF83A100DF13B020B9200F001FA0C9836
:10E4B00096210D9100F014FB0A990B9A0C9800F02C
:10E4C000F7F90C980D9900F00BFB0C987E21B62201
:10E4D00000F03EFA0C98502100F0B6FA0A990B9A17
:10E4E0000C9800F0E5F90C980D9900F0F9FA0A99EA
:10E4F0000B9A0C9800F0DCF90C980D9900F0F0FAEA
:10E500009DF83B001E2804D0FFE7FF208DF8570040
:10E510002EE100208DF83A00FFE79DF83A0003282D
:10E5200047DCFFE70C989DF83A1001EB410344F2F9
:10E530003461C0F602010991CA18C95C527800F032
:10E5400007FA0C989621089100F0CAFA0C980999DC
:10E550009DF83A2002EB4202895C0DF13B0200F08B
:10E56000A7F90C98089900F0BBFA09999DF83B00AF
:10E570009DF83A2002EB42021144497888420DD0BE
:10E58000FFE79DF83A0000EB400144F23460C0F62A
:10E590000200084480788DF85700E9E00C9850217B
:10E5A00000F052FAFFE79DF83A0001308DF83A008A
:10E5B000B3E700208DF83A00FFE79DF83A00012804
:10E5C00075DCFFE70C989DF83A1001EB410144F22D
:10E5D0003462C0F6020207920A44117B527B00F0BB
:10E5E000B7F90C989621069100F07AFA0C98079AE0
:10E5F0009DF83A1001EB41011144097B0DF13B02FA
:10E6000000F056F90C98069900F06AFA079A9DF8FE
:10E610003B009DF83A1001EB41011144497B8842CF
:10E620000DD0FFE79DF83A0044F23461C0F60201D4
:10E6300000EB40000844807B8DF8570098E00C9870
:10E64000502100F001FA0C9812210FAA062300F0C5
:10E65000CBF89DF83C009DF83D1040EA01209DF864
:10E660003A1001EB410211A921F812009DF83E0079
:10E670009DF83F2040EA02209DF83A2002EB42023A
:10E6800001EB420250809DF840009DF8412040EA95
:10E6900002209DF83A2002EB420201EB4201888001
:10E6A000FFE79DF83A0001308DF83A0085E70C98B5
:10E6B0006D210491002200F04BF90C9896210591F0
:10E6C00000F00EFA04990C980DF13B0200F0F0F8FE
:10E6D0000C98059900F004FA9DF83B0020B1FFE783
:10E6E00004208DF8570043E00C987E21B62200F0FC
:10E6F0002FF90C98502100F0A7F9BDF94400BDF99D
:10E700004A10401A40F25551884213DBFFE7BDF929
:10E710004600BDF94C10401A40F25551884209DBC1
:10E72000FFE7BDF94800BDF94E10401AB0F52A7F49
:10E7300004DAFFE780208DF8570019E00C980021DB
:10E7400003910DF13B02019200F0B2F80C98962172
:10E75000029100F0C5F9019A0C98039900F0A8F80D
:10E760000C98029900F0BCF903988DF85700FFE768
:10E770009DF8570016B080BD80B586B005908DF825
:10E78000131003928DF80B300598019040F60000AD
:10E79000C5F602000821E7F763FF01989DF8131002
:10E7A00041F08001FFF750FEFFE79DF80B0078B1C4
:10E7B000FFE701985521FFF747FE0399087003987A
:10E7C000013003909DF80B0001388DF80B00ECE749
:10E7D00040F60000C5F602000821E7F741FF06B049
:10E7E00080BD00000000000080B586B005908DF867
:10E7F000131003928DF80B300598019040F600003D
:10E80000C5F602000121E7F72BFF01989DF81310D0
:10E8100041F08001FFF718FE01989DF8131041F0B8
:10E820008001FFF711FEFFE79DF80B0078B1FFE7CD
:10E8300001985521FFF708FE0399087003980130ED
:10E8400003909DF80B0001388DF80B00ECE740F6C3
:10E850000000C5F602000121E7F702FF06B080BD07
:10E8600080B586B005908DF813100392059800903E
:10E8700040F60000C5F60200029008210191E7F77A
:10E88000EFFE00989DF8131041F08001FFF7DCFDCA
:10E8900000985521FFF7D8FD019902460298039B85
:10E8A0001A70E7F7DDFE06B080BD00000000000032
:10E8B00080B588B007908DF81B10059207980290DC
:10E8C00040F60000C5F60200049001210391E7F72D
:10E8D000C7FE02989DF81B1041F08001FFF7B4FDC0
:10E8E000029855210191FFF7AFFD01990298FFF7BA
:10E8F000ABFD039902460498059B1A70E7F7B0FE3A
:10E9000008B080BD0000000080B586B005908DF88D
:10E9100013108DF812200598019040F60000C5F6FE
:10E920000200039008210291E7F79AFE01989DF8F2
:10E930001310FFF789FD01989DF81210FFF784FD71
:10E9400002990398E7F78CFE06B080BD0000000036
:10E9500080B586B005908DF813108DF812200598BB
:10E96000019040F60000C5F60200039001210291DB
:10E97000E7F776FE01989DF81310FFF765FD019803
:10E980009DF81210FFF760FD02990398E7F768FE03
:10E9900006B080BD0000000080B586B004900391F1
:10E9A000029204980190039820B9FFE700208DF8A7
:10E9B000170045E00398006843F20001C4F201012A
:10E9C000884207D1FFE7019940F23C50C2F2004073
:10E9D000086025E00398006843F60001C4F20001D6
:10E9E000884207D1FFE7019940F25060C2F200402F
:10E9F000086014E00398006843F60041C4F2000187
:10EA0000884207D1FFE7019940F26470C2F20040EA
:10EA1000086003E000208DF8170011E0FFE7FFE732
:10EA2000FFE70198FEF770FEFFE701980299FEF7F5
:10EA300087FE08B1FFE7F8E701208DF81700FFE730
:10EA40009DF8170006B080BD87B00690ADF816108F
:10EA500006990020049003900290019000904EF2DD
:10EA60001400CEF2000000680090BDF81600C968DE
:10EA7000484304904EF21800CEF200000068039064
:10EA8000FFE74EF21800CEF20000006802900298F4
:10EA9000039988421ED0FFE702980399884207D263
:10EAA000FFE703980299411A01980844019008E091
:10EAB00000980299401A0399014401980844019072
:10EAC000FFE70298039001980499884201D3FFE779
:10EAD00001E0FFE7D5E707B0704700000000000045
:10EAE00087B00690ADF816100699002004900390A8
:10EAF0000290019000904EF21400CEF200000068E7
:10EB00000090BDF816008968484304904EF2180042
:10EB1000CEF2000000680390FFE74EF21800CEF23C
:10EB20000000006802900298039988421ED0FFE717
:10EB300002980399884207D2FFE703980299411A85
:10EB400001980844019008E000980299401A03993E
:10EB50000144019808440190FFE70298039001984E
:10EB60000499884201D3FFE701E0FFE7D5E707B04A
:10EB7000704700000000000081B000900098002164
:10EB8000017141718160C16001B0704700000000F7
:10EB900082B00190009100994FF07E50086000997A
:10EBA00000204860009988600099C86002B07047F2
:10EBB00081B0009000984FF07E51016000214160CB
:10EBC0000022C4F27A428260C1600161416101B0F9
:10EBD000704700000000000080B582B001900198ED
:10EBE0000090002101704CF28F21C3F67541C16085
:10EBF0004CF20001C4F2054101610021C3F65071DD
:10EC000041614FF07E5181611C309FED040ADFEDC0
:10EC1000040A02F079F9009802B080BDACC527372C
:10EC200072F97F3F0000000080B582B0019001982A
:10EC300000901C3002F090F9009802B080BD0000F6
:10EC400081B0009000984FF07E518160C1600161F9
:10EC5000416100218161C161816201B070470000A2
:10EC600080B586B0059005980090D0F8A0002C30B3
:10EC70000190019804A9F8F77FFD019802300DF189
:10EC80000E01F8F779FD0198043003A9F8F774FD37
:10EC9000019806300DF10A01F8F76EFD009890F822
:10ECA000B40001282CD1FFE70099BDF81000D1F87D
:10ECB000E020801AADF81200BDF91200B1F8B610CC
:10ECC0004A42C1EBD271B0EB610F07DAFFE700995E
:10ECD000D1F8E8000130C1F8E80010E00099BDF972
:10ECE0001200B1F8B610B0EB510F07DDFFE7009945
:10ECF000D1F8E8000138C1F8E800FFE7FFE7FFE7D7
:10ED00000098D0F8E810B0F8B620BDF8103001FB3C
:10ED10000231C0F8E41090ED2B1A90ED390AB8EEEC
:10ED2000C00AB0F8B61002EE101AB8EE422A80EE11
:10ED3000020A9FED312A20EE020A80EE010A80EDE0
:10ED4000320A90ED2B1A90ED390AB8EEC00AB0F8ED
:10ED5000B61002EE101AB8EE422A80EE020A30EE29
:10ED6000000A9FED262A20EE020A80EE010A80EDBD
:10ED7000330ABDF90E1000EE101AB8EEC00A9FED6E
:10ED8000201A20EE010A90ED2B1A80EE010A80ED88
:10ED9000340ABDF90E1000EE101AB8EEC00AB1EE3A
:10EDA000081A20EE010A90ED2B1A80EE010A80ED80
:10EDB000350ABDF90C1000EE101AB8EEC00A80ED4D
:10EDC000360ABDF90A1000EE101AB8EEC00A9FED1F
:10EDD0000D1A30EE010A80ED370ABDF81010C0F8A8
:10EDE000E01090F8B40028B9FFE70099012081F8FD
:10EDF000B400FFE706B080BD0000B443DB0F49401C
:10EE00005077D63D3393884381B00090009890EDC1
:10EE1000330A01B07047000081B00090009890ED77
:10EE2000360A01B07047000081B000900098B0F839
:10EE3000B80001B07047000082B001908DED000A6B
:10EE400001990098C1F8000102B07047000000006D
:10EE500080B582B0019000910198D0F8BC100131CA
:10EE6000C0F8BC10FFF7FCFE02B080BD000000003F
:10EE700081B00090009890F8F40001B07047000055
:10EE800081B00090009890ED340A01B07047000006
:10EE900082B001908DED000A01990098C1F804013B
:10EEA00002B070470000000082B001908DF803109E
:10EEB00001999DF8030081F8F40002B0704700004A
:10EEC00080B586B005900598039090F8F40001464F
:10EED000049103286AD80499DFE801F00214263E61
:10EEE000039890ED2C1A90ED420A80EE010AB0F8DA
:10EEF000B81001EE101AB8EEC11A20EE010A80ED2A
:10EF0000430A58E0039890ED2C1A90ED420A80EEE7
:10EF1000010AB0F8B81001EE101AB8EEC11A20EECE
:10EF2000010A80ED430A46E0039901F15000029086
:10EF300091ED410A02F004FE0298039991ED340A22
:10EF400002F0AEFF029802F013FE029802F0A0FF5A
:10EF5000039880ED430A2EE0039890ED400A02F0FA
:10EF6000EFFD039890ED330A02F09AFF039802F048
:10EF7000FFFD039802F08CFF039981ED410A01F136
:10EF80005000019091ED410A02F0DAFD01980399D9
:10EF900091ED340A02F084FF019802F0E9FD019836
:10EFA00002F076FF039880ED430A04E00399002005
:10EFB000C1F80C01FFE7039800F08AF806B080BDA5
:10EFC00080B584B0039003990291D1F8BC00D1F8C8
:10EFD000C010884211D1FFE70298002180F8C410C8
:10EFE0009FED0C0A8DED010A02F0B6FD02989DED31
:10EFF000010A503002F0B0FD04E00299012081F8CE
:10F00000C400FFE70299D1F8BC00C1F8C00004B009
:10F0100080BD00BF0000000080B586B0059004915F
:10F020008DF80F208DF80E308DED020ACDED010A1E
:10F0300005980090049800684AF20001C4F20001AB
:10F04000884208D1FFE7009940F29020C2F20040C8
:10F05000C1F8A00023E0049800684AF20041C4F21D
:10F060000001884208D1FFE7009940F27830C2F2EF
:10F070000040C1F8A00011E0049800684DF2004182
:10F08000C4F20001884208D1FFE7009940F2D03075
:10F09000C2F20040C1F8A000FFE7FFE7FFE70099D8
:10F0A0009DF80F0081F8A4009DF80E0081F8F4008F
:10F0B0000298C1F8AC000198C1F8B00004989DF81E
:10F0C0000F10F8F729F80099C1F8A80006B080BD24
:10F0D00081B00090009991ED430ABDEEC00A10EE98
:10F0E000100A000AD1F8A820107091ED430ABDEE75
:10F0F000C00A10EE100AD1F8A810487001B070478D
:10F1000080B582B001908DED000A01980099C0F899
:10F110000C11FFF7DDFF02B080BD00000000000011
:10F1200080B582B001900198009002F0C5FE009871
:10F13000503002F0C1FE00980021C4F21021C0F846
:10F14000AC10002180F8B4104FF40052A0F8B620A3
:10F1500042F21072A0F8B820C0F8BC10C0F8C0107D
:10F1600080F8C410032280F8F420C0F8F810C0F82A
:10F17000FC10C0F80011C0F80411C0F80811C0F864
:10F180000C1102B080BD000080B582B001900198E2
:10F19000009002F091FE0098503002F08DFE009831
:10F1A0000021C0F8A41080F8BC104FF40052A0F861
:10F1B000BE204FF4FA52A0F8C020C0F8C410C0F826
:10F1C000C81080F8CC10032280F8FC20C0F8001191
:10F1D000C0F80411C0F80811C0F80C11C0F81011E3
:10F1E000C0F81411C0F81811C0F81C1102B080BD8D
:10F1F00080B58AB009900891099803900021ADF874
:10F200001E10089A11685268059204919DF8112009
:10F210009DF8121041EA0221ADF818109DF8131064
:10F220009DF81420090141EA1211ADF81C109DF857
:10F2300014209DF8151002F00F0241EA0221ADF8EA
:10F240001A109DF8101001F00F0180F8CC109DF8F5
:10F250001010090980F8CD10BDF9181000EE101A31
:10F26000B8EEC00A9FED4B1A20EE012A90ED2B1A42
:10F2700090ED3B0AB8EEC00A9FED473A20EE030A34
:10F28000A2EE030AB8EE411A30EE010AB0F8E4002B
:10F2900001EE100AB8EEC11A30EE410ABDEEC00A06
:10F2A00010EE100AADF81E00BDF91E0000EE100AA7
:10F2B000B8EEC00A9FED391AB4EE410AF1EE10FA29
:10F2C00007DAFFE70399D1F8EC000130C1F8EC0050
:10F2D00015E0BDF91E0000EE100AB8EEC00A9FED61
:10F2E000301AB4EE410AF1EE10FA07DDFFE7039998
:10F2F000D1F8EC000138C1F8EC00FFE7FFE7039814
:10F30000BDF9181000EE101AB8EEC00A9FED211AD0
:10F3100020EE011A9FED232A9FED230AA1EE020A97
:10F3200080ED340ABDF91C000021019140F6FF7206
:10F330000292BBEE0E0AF3EE0E0AF8F7F9F8019905
:10F34000029A039880ED350ABDF91A00BAEE040A54
:10F35000F2EE040AF8F7ECF8039981ED360A9DF80D
:10F36000160000EE100AB8EE400A81ED370A9DF84B
:10F37000170000EE100AB8EE400A81ED380A91ED50
:10F38000340ABCEEC00A10EE100AA1F8E4000AB07C
:10F3900080BD00BF000080370000B443000034C3CC
:10F3A00000003443DB0F4940C3F5C83F00000000B4
:10F3B00081B00090009890ED340A01B070470000D1
:10F3C00082B001908DED000A01990098C1F8FC000F
:10F3D00002B070470000000082B001908DED000A7D
:10F3E00001990098C1F8000102B0704700000000C8
:10F3F00082B001908DED000A01990098C1F80401D6
:10F4000002B070470000000080B582B0019000910A
:10F410000198D0F8C0100131C0F8C0100099FFF772
:10F42000E7FE02B080BD000082B001908DF80310AD
:10F4300001999DF8030081F8F10002B070470000C7
:10F4400080B586B0059005990491D1F8C000D1F837
:10F45000C410884205D1FFE70499002081F8C80054
:10F4600004E00499012081F8C800FFE7049890F8AF
:10F47000C8000146039120B1FFE7039801285BD043
:10F48000B5E0049890F8F10001460291042852D8A2
:10F490000299DFE801F00312213040000499D1F80D
:10F4A000A000006891F8A410F03140F22702C2F2E7
:10F4B00000420823E1F71CF93DE00499D1F8A000CF
:10F4C000006891F8A410F03140F22702C2F2004225
:10F4D0000823E1F70DF92EE00499D1F8A0000068A7
:10F4E00091F8A410F03140F22702C2F20042082342
:10F4F000E1F7FEF81FE00499D1F8A000006891F848
:10F50000A41001F5F87140F22702C2F2004208236C
:10F51000E1F7EEF80FE00499D1F8A000006891F847
:10F52000A41001F53C7140F22702C2F20042082308
:10F53000E1F7DEF8FFE75AE0049890F8F1000146A1
:10F540000191042852D80199DFE801F0031221301B
:10F5500040000499D1F8A000006891F8A410F0319F
:10F5600040F21F02C2F200420823E1F7C1F83DE079
:10F570000499D1F8A000006891F8A410F03140F28D
:10F580001F02C2F200420823E1F7B2F82EE004990C
:10F59000D1F8A000006891F8A410F03140F21F02E9
:10F5A000C2F200420823E1F7A3F81FE00499D1F862
:10F5B000A000006891F8A41001F5F87140F21F0254
:10F5C000C2F200420823E1F793F80FE00499D1F862
:10F5D000A000006891F8A41001F53C7140F21F02F0
:10F5E000C2F200420823E1F783F8FFE7FFE704993E
:10F5F000D1F8A000006891F8A410F03140F21F0289
:10F60000C2F200420823E1F773F80499D1F8C00070
:10F61000C1F8C40006B080BD80B596B015901598AD
:10F62000079090F8F10001460891042800F2EE815D
:10F630000899DFE811F00500A6003901C001D801E2
:10F64000079890ED3F0ADFEDF30A9FEDF31A0020D3
:10F6500006904FF6FF71F7F73BFF079902460698B1
:10F66000ADF8522091ED2C1A91ED400AF1EE410ACD
:10F6700040F6FF710591F7F72BFF0599079A0346AE
:10F680000698ADF8503092ED3D0ADFEDE40ACDED7D
:10F69000040A9FEDE31AF7F71BFFDDED040A059955
:10F6A000079A03460698ADF84E3092ED3E0AB1EE49
:10F6B000041AF7F70DFF0599079A03460698ADF867
:10F6C0004C3092ED2D1A92ED410AF1EE410AF7F716
:10F6D000FFFEADF84A000DF15200F8F73DF8079A29
:10F6E000D2F8A810BDF852000880BDF850000009FB
:10F6F0008DF84900D2F8A8109DF849008870BDF82F
:10F7000050109DF84F0040EA01108DF84800D2F8E3
:10F71000A8109DF84800C8709DF84E008DF847006D
:10F72000D2F8A8109DF847000871BDF84C000009F8
:10F730008DF84600D2F8A8109DF846004871BDF833
:10F740004C109DF84B0040EA01108DF84500D2F8AE
:10F75000A8109DF8450088719DF84A008DF8440076
:10F76000D2F8A8109DF84400C871D2F8A000006833
:10F7700092F8A410F031D2F8A8200823E0F7B8FFDF
:10F7800045E1079890ED3F0ADFEDA20A9FEDA21A2E
:10F79000002003904FF6FF71F7F79AFE0799024693
:10F7A0000398ADF8422091ED2C1A91ED400AF1EE4C
:10F7B000410A40F6FF710291F7F78AFE0299079A13
:10F7C00003460398ADF84030ADF83E0092ED3E0A96
:10F7D000DFED920AB1EE041AF7F77AFE0299079A62
:10F7E00003460398ADF83C3092ED2D1A92ED410A94
:10F7F000F1EE410AF7F76CFEADF83A000DF1420068
:10F80000F7F7AAFF079AD2F8A810BDF842000880BF
:10F81000BDF8400000098DF83900D2F8A8109DF815
:10F8200039008870BDF840109DF83F0040EA011093
:10F830008DF83800D2F8A8109DF83800C8709DF8EF
:10F840003E008DF83700D2F8A8109DF837000871F7
:10F85000BDF83C0000098DF83600D2F8A8109DF8DC
:10F8600036004871BDF83C109DF83B0040EA01109D
:10F870008DF83500D2F8A8109DF8350088719DF8F4
:10F880003A008DF83400D2F8A8109DF83400C87101
:10F89000D2F8A000006892F8A410F031D2F8A820A5
:10F8A0000823E0F725FFB2E0079890ED3F0ADFED6F
:10F8B000590A9FED591A002001904FF6FF71F7F792
:10F8C00007FE079902460198ADF8322091ED2C1AF7
:10F8D00091ED400AF1EE410A40F6FF710091F7F711
:10F8E000F7FD0099079A03460198ADF83030ADF85E
:10F8F0002E00ADF82C0092ED2D1A92ED410AF1EE9A
:10F90000410AF7F7E5FDADF82A000DF13200F7F7EF
:10F9100023FF079AD2F8A810BDF832000880BDF87E
:10F92000300000098DF82900D2F8A8109DF82900B0
:10F930008870BDF830109DF82F0040EA01108DF856
:10F940002800D2F8A8109DF82800C8709DF82E0055
:10F950008DF82700D2F8A8109DF827000871BDF88F
:10F960002C0000098DF82600D2F8A8109DF826007A
:10F970004871BDF82C109DF82B0040EA01108DF85D
:10F980002500D2F8A8109DF8250088719DF82A005E
:10F990008DF82400D2F8A8109DF82400C871D2F880
:10F9A000A000006892F8A410F031D2F8A820082333
:10F9B000E0F79EFE2BE0079AD2F8A810D2F8FC00E0
:10F9C0000860D2F8A810D2F800014860D2F8A00070
:10F9D000006892F8A41001F5F871D2F8A820082365
:10F9E000E0F786FE13E0079AD2F8A810D2F80001DB
:10F9F0000860D2F8A000006892F8A41001F53C71EC
:10FA0000D2F8A8200423E0F773FE00E0FFE716B069
:10FA100080BD00BFDB0F49C0DB0F49400000000084
:10FA20000000FA430000000080B586B0DDF820C079
:10FA3000059004918DF80F208DF80E308DED020A9F
:10FA4000CDED010A05980090049800684AF2000183
:10FA5000C4F20001884208D1FFE7009940F29020EB
:10FA6000C2F20040C1F8A00011E0049800684AF218
:10FA70000041C4F20001884208D1FFE7009940F23A
:10FA80007830C2F20040C1F8A000FFE7FFE700991C
:10FA90009DF80F0081F8A4009DF80E0081F8F10098
:10FAA0000898C1F8AC000298C1F8B0000198C1F8FC
:10FAB000B40004989DF80F10F7F7FEF90099C1F80B
:10FAC000A80006B080BD000080B58CB00B900B98EC
:10FAD000029090F8F10001460391052804D0FFE759
:10FAE0000398062848D08FE0029800F0A1F8029809
:10FAF00090ED2E0ADFED450A9FED451A002001909A
:10FB000040F6FF71F7F7E4FC029902460198ADF860
:10FB10002A209DF82B2002F00F028DF82920D1F821
:10FB2000A8309DF829209A71BDF82A208DF8282048
:10FB3000D1F8A8209DF82810D171ADF824004FF617
:10FB40007F71CFF27F0108918DF81F00FFE79DF8CC
:10FB50001F0005280FDCFFE70298D0F8A8109DF8D9
:10FB60001F2008A8805C8854FFE79DF81F00013023
:10FB70008DF81F00EBE747E0029800F059F8029873
:10FB800090ED2E0ADFED210A9FED211A0020009052
:10FB900040F6FF71F7F79CFC029902460098ADF819
:10FBA0001C209DF81D2002F00F028DF81B20D1F8BB
:10FBB000A8309DF81B209A71BDF81C208DF81A20E2
:10FBC000D1F8A8209DF81A10D171ADF818004FF6A1
:10FBD0007F71CFF27F0105918DF81300FFE79DF84B
:10FBE000130005280FDCFFE70298D0F8A8109DF855
:10FBF000132005A8805C8854FFE79DF813000130AE
:10FC00008DF81300EBE7FFE70CB080BD00F07FC577
:10FC100000F07F450000000082B001908DED000AE9
:10FC200001990098C1F8B80002B0704700000000C8
:10FC300082B001900198009090ED2E0A9FED131A6A
:10FC4000B4EE410AF1EE10FA08DDFFE700994FF239
:10FC50000000C4F27F50C1F8B80014E0009890EDA5
:10FC60002E0A9FED0B1AB4EE410AF1EE10FA08DAF3
:10FC7000FFE700994FF20000CCF27F50C1F8B800C6
:10FC800000E0FFE7FFE702B0704700BF00F07F45EC
:10FC900000F07FC50000000080B582B0019001989F
:10FCA000009002F009F90098503002F005F9009830
:10FCB0000021C0F8B8104FF48032C0F8BC20C0F862
:10FCC000C010C0F8C41080F8C81080F8F01080F898
:10FCD000F110C0F8F410C0F8F810C0F8FC10C0F82B
:10FCE0000011C0F8041102B080BD00000000000047
:10FCF00081B000900098002180F8B411C0F8B811CC
:10FD000001B070470000000080B586B005900598EE
:10FD1000039090F8511000EBC1025168013151601D
:10FD200090F8510001460491042800F228810499BA
:10FD3000DFE801F003225074CC000398406DFAF71D
:10FD400003FD0398406DBC30FFF766F8F7F770FECF
:10FD50000398406DB0F87A0501EE100AB8EEC11AAA
:10FD6000B4EE410AF1EE10FA05DBFFE7039801213A
:10FD700001F00AFAFFE702E10398406DFAF7E4FCAC
:10FD8000039890F8511000EBC1004068642805D337
:10FD9000FFE70398022101F0F7F91AE00398406D9C
:10FDA000BC30FFF739F8F7F743FE0398406DB0F821
:10FDB0007A0501EE100AB8EEC11AB4EE410AF1EE6E
:10FDC00010FA05DAFFE70398002101F0DDF9FFE7FB
:10FDD000FFE7D4E00398406DBC3003210291FFF7A8
:10FDE00063F80398406DBC30FFF70EF803989FED61
:10FDF000661A30EE010A416D01F5B56181ED000A28
:10FE0000416D01F1BC0001F5B56191ED000AFFF70C
:10FE100013F80398029901F0B7F9B0E00398406D28
:10FE2000BC30FEF7F9FFF7F703FE0398406DB0F81A
:10FE30007A0501EE100AB8EEC11AB4EE410AF1EEED
:10FE400010FA0EDAFFE742F62C01C2F200410888F0
:10FE50000130088042F62E01C2F2004100200880E5
:10FE60000DE042F62C01C2F200410020088042F66B
:10FE70002E01C2F20041088801300880FFE742F6F7
:10FE80002C00C2F200400088C8280ADBFFE7039874
:10FE900042F62C02C2F200420021118001F074F9F6
:10FEA000FFE742F62E00C2F200400088B0F5C87F9E
:10FEB0000BDBFFE7039842F62E02C2F2004200215C
:10FEC0001180042101F060F9FFE758E00398406DCC
:10FED000FAF73AFC0398406DBC300021FEF7E4FFCE
:10FEE0000398406DBC309FED270A8DED010A01F0AB
:10FEF00033FE03989DED010A406D00F5867001F018
:10FF00002BFE03989DED010A406DBC30FFF7F8F819
:10FF100042F63000C2F200400188013101800088C1
:10FF2000B0F57A7F2ADDFFE70398406DBC30FEF71D
:10FF300073FFF7F77DFD0398406DB0F87A0501EE89
:10FF4000100AB8EEC11AB4EE410AF1EE10FA14DA52
:10FF5000FFE70398406DBC300090FEF755FF009816
:10FF6000FEF76AFF039842F63002C2F20042002117
:10FF70001180012101F008F9FFE7FFE7FFE706B074
:10FF800080BD00BF00000000D00F49BF000000008E
:10FF900080B582B001900198009001F041F900987D
:10FFA00002B080BD0000000080B584B003900398CB
:10FFB000019090F8511000EBC1025168013151607D
:10FFC00090F8510001460291032800F2B580029991
:10FFD000DFE801F0023A49980198406D00F537706A
:10FFE000FEF71AFFF7F724FD0198406DB0F87C0585
:10FFF00001EE100AB8EEC11AB4EE410AF1EE10FAA1
:020000040802F0
:1000000015DBFFE70198406D00F53770FEF704FF40
:10001000F7F70EFD9FED5B1AB4EE410AF1EE10FA10
:1000200005DCFFE70198012101F0AEF80BE0019833
:10003000406D90F8980528B9FFE70198032101F079
:10004000A3F8FFE7FFE777E0019890F8511000EB85
:10005000C10040682D2805D3FFE70198022101F077
:1000600093F8FFE768E040F2D040C2F20040007829
:10007000B0B9FFE70198406D90F8990501280FD1BC
:10008000FFE70198406DFAF7F3F90146019840F255
:10009000D042C2F200421170002101F075F830E048
:1000A00040F2D040C2F200400078012815D1FFE7AD
:1000B0000198406D90F8990578B9FFE70198406D77
:1000C000FAF7D6F90146019840F2D042C2F2004256
:1000D0001170002101F058F812E00198426DB2F859
:1000E0005C100131A2F85C1090ED160AB2EE041A11
:1000F00030EE010A80ED160A002101F045F8FFE715
:10010000FFE719E00198406D00F53770FEF7B8FE83
:10011000F7F78EFC0198406D00F5B06090ED001A85
:10012000B4EE410AF1EE10FA05DBFFE70198002179
:1001300001F02AF8FFE7FFE7019890ED160AB5EE07
:10014000400AF1EE10FA17DDFFE70198406DD0F894
:10015000B800FCF715FF0146019800EE101AB8EE42
:10016000C00A9FED091A80EE011A90ED160A30EED2
:10017000010A80ED160A03E0019900208865FFE777
:1001800004B080BD00007A4500007AC40000000081
:1001900080B582B001900198009001F041F800987C
:1001A0000021816502B080BD80B58AB009900998B0
:1001B000079090F8511000EBC10251680131516075
:1001C00090F8510001460891042800F2F780089940
:1001D000DFE801F00341A3B8D90045F68460C2F21C
:1001E0000040D0F8900058B1FFE7079890F8511000
:1001F00000EBC10200215160042100F0C5FFFFE7C0
:100200000798406D41F230310844F8F7D1FB0128DE
:100210000BD1FFE7079890F8511000EBC1020021C5
:100220005160022100F0B0FFFFE7079890F85110ED
:1002300000EBC1004068B0F57A7F0BD9FFE7079863
:1002400090F8511000EBC10200215160012100F033
:100250009BFFFFE7B2E00798406D41F2CC310844C4
:10026000F8F786FFC8B9FFE70798406D41F60851D7
:10027000084400210691FAF7EFF807980699406DB7
:1002800041F2F8421044F9F713FA07980699406DC5
:1002900000F51A7000F074FAFFE70798406D41F21C
:1002A00030310844F8F784FB012822D1FFE7079892
:1002B000406D00F51A710491FCF742FA014604986A
:1002C00000F05EFA0798406D41F2F8410144059153
:1002D000FCF722FA01460598F9F7EAF9079890F831
:1002E000511000EBC10200215160022100F04CFFCF
:1002F000FFE745F68460C2F20040D0F8900058B1A4
:10030000FFE7079890F8511000EBC10200215160FF
:10031000042100F039FFFFE750E00798406D41F2FB
:1003200030310844F8F744FB58B9FFE7079890F8D4
:10033000511000EBC10200215160032100F024FFA5
:10034000FFE73BE00798406D029000F51A7000F05F
:100350000FFA01460298FCF7FBF90798406D0390ED
:1003600041F2F8410844F9F79BF901460398FCF77C
:10037000DBF9079890F8511000EBC10200215160A1
:1003800000F002FF1AE045F68460C2F200400190DE
:10039000ECF78EFE019840F61461C2F20041B1F80C
:1003A00004218431ECF7DCFA079890F8511000EB47
:1003B000C1020021516000F0E7FEFFE70AB080BDF6
:1003C00080B582B001900198009000F029FF00985C
:1003D00002B080BD0000000081B0009000980021B4
:1003E000C4F2202141604FF08241816001B070472A
:1003F00080B582B0019001980090FEF7C5FE00988C
:100400000021C0F83411C0F8381180F83C1102B056
:1004100080BD00000000000080B58AB009900998F6
:10042000079090F8511000EBC10251680131516002
:1004300090F8510001460891042800F2F7800899CD
:10044000DFE801F00341A3B8D90045F65C50C2F2E1
:100450000040D0F8900058B1FFE7079890F851108D
:1004600000EBC10200215160042100F08DFEFFE786
:100470000798406D41F2CC310844F8F779FE012825
:100480000BD1FFE7079890F8511000EBC102002153
:100490005160022100F078FEFFE7079890F85110B4
:1004A00000EBC1004068B0F57A7F0BD9FFE70798F1
:1004B00090F8511000EBC10200215160012100F0C1
:1004C00063FEFFE7B2E00798406D41F23031084427
:1004D000F8F76EFAC8B9FFE70798406D41F6085182
:1004E000084400210691F9F7B7FF07980699406D77
:1004F00041F2F8421044F9F7DBF807980699406D8D
:1005000000F51A7000F03CF9FFE70798406D41F2E2
:10051000CC310844F8F72CFE012822D1FFE70798D8
:10052000406D00F51A710491FCF70AF90146049830
:1005300000F026F90798406D41F2F8410144059119
:10054000FCF7EAF801460598F9F7B2F8079890F831
:10055000511000EBC10200215160022100F014FE95
:10056000FFE745F65C50C2F20040D0F8900058B169
:10057000FFE7079890F8511000EBC102002151608D
:10058000042100F001FEFFE750E00798406D41F2C2
:10059000CC310844F8F7ECFD58B9FFE7079890F81C
:1005A000511000EBC10200215160032100F0ECFD6D
:1005B000FFE73BE00798406D029000F51A7000F0ED
:1005C000D7F801460298FCF7C3F80798406D0390EE
:1005D00041F2F8410844F9F763F801460398FCF743
:1005E000A3F8079890F8511000EBC1020021516068
:1005F00000F0CAFD1AE045F65C50C2F200400190DE
:10060000ECF756FD019840F6D411C2F20041B1F862
:1006100004218431ECF7A4F9079890F8511000EB0D
:10062000C1020021516000F0AFFDFFE70AB080BDBC
:1006300080B582B001900198009000F0F1FD009823
:10064000002180F8521002B080BD000000000000C0
:1006500081B00090009800F55C6090ED000A01B058
:10066000704700000000000081B00090009800F684
:10067000C85090ED000A01B0704700000000000073
:1006800081B00090009800F6246090ED000A01B05F
:10069000704700000000000082B001908DED000A5C
:1006A00001990098C1F8240E02B0704700000000C4
:1006B00081B00090009800F6B85090ED000A01B0AB
:1006C000704700000000000081B00090009800F624
:1006D000BC5090ED000A01B070470000000000001F
:1006E00082B001908DED000A01990098C1F8B80D13
:1006F00002B070470000000082B001908DED000A4A
:1007000001990098C1F8BC0D02B0704700000000CC
:1007100081B00090009800F61C6090ED000A01B0D6
:10072000704700000000000081B00090009800F5C4
:10073000626090ED000A01B0704700000000000008
:1007400082B001908DED000A01990098C1F81C0E4D
:1007500002B070470000000082B001908DED000AE9
:1007600001990098C1F8200E02B070470000000007
:1007700081B00090009890F8180E01B0704700000A
:1007800082B001908DF8031001999DF8030081F863
:10079000180E02B07047000080B58CB00A900A981D
:1007A00007900B900830F8F737FF07982430F8F7D8
:1007B00033FF07984030F8F72FFF07985C30FFF7BA
:1007C00097FA079800F50670FCF786FF079800F582
:1007D0002570FEF701FA079800F54B70FFF7FCFD56
:1007E000079901F5876001F6B80108910990FFE7C4
:1007F00009980690FEF7C8FC0698089A00F59071D3
:10080000084691420990F3D1FFE7079901F6B80035
:1008100001F6B85104910590FFE705980390FFF7A2
:10082000E7FD0398049A00F5A071084691420590EF
:10083000F3D1FFE707984FF08141C0F8B81DC0F829
:10084000BC1DC0F8C01D4FF07C510291C0F8C41D02
:100850000021C4F2A011C0F8C81D46F20001C4F284
:10086000EA61C0F8CC1D4FF08D41C0F8D01D0021C9
:100870000191C0F8041EC0F8081EC0F80C1EC0F894
:10088000101EC0F8141E80F8181EC0F81C1EC0F8F8
:10089000201EC0F8241EC0F8281EC0F82C1EC0F868
:1008A000301EC0F8341E00F6386001F005FB0798D2
:1008B00000F6886001F000FB079800F6D86001F0B0
:1008C000FBFA0198029A0799C1F8280FC1F82C0F7A
:1008D000C1F8300FC1F8340F4FF07E53C1F8383FE4
:1008E000C1F83C0F4FF07F53C1F8403F4CF6CD4369
:1008F000C3F64C73C1F8443F4EF24813C3F67A7303
:10090000C1F8483F0023C4F24823C1F84C3FC1F866
:10091000500FC1F8540FC1F8580FC1F85C0FC1F85F
:10092000600FC1F8642FC1F8682F81F86C0F81F84F
:100930006D0F81F86E0F81F86F0FC1F8700FC1F85D
:10094000740FC1F8780FC1F87C0F3220C1F8800F06
:100950004CF6E530C4F21600C1F8840F4CF6E530D1
:10096000CCF21600C1F8880F40F6DC70CBF6497067
:10097000C1F88C0F40F6DC70C3F64970C1F8900FD7
:100980000B980CB080BD000080B582B0019001983A
:10099000009000F52570FEF747F9009802B080BD81
:1009A00080B582B0019001980090D0F8780100F0F5
:1009B0003FFC009880ED600AD0F8780100F098FCC8
:1009C000009880ED620AD0F8780100F0ADFC009844
:1009D00080ED610A02B080BD81B00090009890ED7A
:1009E000610A01B07047000080B58AB0099009988B
:1009F000079090F8560101460891062800F22E81D2
:100A00000899DFE811F08D00570029002B0107003D
:100A10002B01E900079890ED411A90ED442A90EDE2
:100A20005D0A20EE020A80EE010AB0F9081101EE1B
:100A3000101AB8EEC11A20EE010ABDEEC00A10EE7F
:100A4000101AA0F80C11B0F90C1100EE101AB8EE43
:100A5000C00AFCF7ADFDFFE7079890ED590A01F0D9
:100A60006FF8079890ED4C0A01F01AFA079801F018
:100A70007FF8079801F00CFA079981ED5B0A01F104
:100A80005000069091ED5B0A01F05AF8069807991C
:100A900091ED4F0A01F004FA069801F069F8069802
:100AA00001F0F6F90799BDEEC00A10EE100AA1F8A0
:100AB0000C01D9E0079901F1500091ED5B0A01F0BA
:100AC0003FF80798D0F8780100F046FC40B9FFE7FE
:100AD000079901F1500091ED4E0A01F0E1F907E0AC
:100AE000079901F1500091ED620A01F0D9F9FFE791
:100AF00007985030059001F03BF8059801F0C8F9CF
:100B00000798BDEEC00A10EE101AA0F80C11B0F94B
:100B10000C1100EE101AB8EEC00AFCF749FDA3E074
:100B2000079890ED590A01F00BF80798D0F8780172
:100B300000F012FCE0B1FFE7079890ED610A01F0C8
:100B4000AFF9079801F014F8079801F0A1F9079997
:100B500081ED5B0A01F15000049091ED5B0A00F019
:100B6000EFFF0799049891ED620A01F099F91BE0F3
:100B7000079890ED4C0A01F093F9079800F0F8FF00
:100B8000079801F085F9079981ED5B0A01F15000A2
:100B9000039091ED5B0A00F0D3FF0799039891ED64
:100BA0004E0A01F07DF9FFE707985030029000F0FF
:100BB000DFFF029801F06CF90798BDEEC00A10EE55
:100BC000101AA0F80C11B0F90C1100EE101AB8EEC2
:100BD000C00AFCF7EDFC47E0079842F28C71C2F2C4
:100BE000004191ED000A9FED231A30EE010A00F05A
:100BF000A7FF079842F28871C2F2004191ED000A06
:100C000001F04EF9079800F0B3FF079801F040F9A2
:100C1000079981ED5B0A01F15000019091ED5B0AAB
:100C200000F08EFF0198079991ED4F0A01F038F915
:100C3000019800F09DFF019801F02AF90798BDEE98
:100C4000C00A10EE101AA0F80C11B0F90C1100EE49
:100C5000101AB8EEC00AFCF7ABFC05E007989FED50
:100C6000060AFCF7A5FCFFE70798FCF745FB0AB06E
:100C700080BD00BF3333A34100000000000000002E
:100C800080B582B00190019800900521FCF7ACFA84
:100C900000989FED040AFCF78BFC0098FCF72CFBF6
:100CA00002B080BD0000000080B582B001900198C4
:100CB0000090FCF7BDFC00980021C0F87C11C0F842
:100CC0008011C0F88411C0F8881102B080BD000006
:100CD00080B582B0019001980090D0F8080100F032
:100CE0000FFB0098B1EE400A80ED440AD0F80801ED
:100CF00000F022FB0098B1EE400A80ED460AD0F8E1
:100D0000080100F021FB0098B1EE400A80ED450A91
:100D100002B080BD0000000081B00090009890ED0E
:100D2000450A01B07047000080B588B00790079869
:100D3000059090F8F10001460691052804D0FFE7E0
:100D4000069806286FD06FE0059890ED3F0A00F0F6
:100D5000F7FE0598D0F8080100F0FEFAE0B1FFE7D1
:100D6000059890ED450A01F09BF8059800F000FF0A
:100D7000059801F08DF8059981ED400A01F15000C8
:100D8000049091ED400A00F0DBFE0599049891ED86
:100D9000350A01F085F81FE0059890ED340A01F05E
:100DA0007FF8059800F0E4FE059801F071F80599C8
:100DB00081ED400A01F15000039091ED400A00F0EE
:100DC000BFFE0599039891ED350A9FED1D1A20EE9F
:100DD000010A01F065F8FFE705985030019000F036
:100DE000C7FE019801F054F8059880ED410A90ED96
:100DF000410A8DED020A90ED440A02F02BFB40F20D
:100E00003000C2F2004090ED001A20EE010AF6F721
:100E10000FFE0598B0EE401A9DED020A30EE410A31
:100E2000FEF7FAFE06E0FFE705989FED060AFEF7DB
:100E3000F3FEFFE70598FEF747FE08B080BD00BF50
:100E4000ED2E65420000000080B582B0019001984F
:100E500000900621FEF7E8FA00989FED040AFEF7DD
:100E6000DBFE0098FEF730FE02B080BD00000000FF
:100E700080B582B0019001980090FEF70DFF0098B8
:100E80000021C0F80C11C0F81011C0F81411C0F8FE
:100E9000181102B080BD000080B5A2B02190219849
:100EA000039011A8019000F0E7F80199039800F170
:100EB000080219A8009001F017F800990398103063
:100EC00000F04AF9009800F03FF9019800F03CF971
:100ED0000BA8029000F088F802990398303000F0D7
:100EE000BFF8029800F0B4F805A8049000F07CF870
:100EF00003980499483000F0B3F8049800F0A8F87B
:100F000022B080BD0000000080B584B003908DED5C
:100F1000020ACDED010A03980090022101600199B7
:100F20004160029981600021C160103000F0FCF83E
:100F30000098303000F07CF80098483000F078F8E5
:100F40000098603000F050F80098FFF7A5FF009877
:100F500004B080BD0000000080B582B0019001980F
:100F60000090603000F074F80098483000F070F89D
:100F70000098303000F06CF80098103000F0E4F881
:100F8000009802B080BD000081B00090009840F24F
:100F90000111018001B0704781B0009000984FF4BA
:100FA0008171018001B0704781B00090009840F2DB
:100FB0000311018001B0704781B0009000984FF498
:100FC0008271018001B0704781B0009000984FF4A9
:100FD0008071018001B0704781B0009000984FF49B
:100FE0008871018001B0704780B584B00390002102
:100FF0000291019101A900F003F804B080BD000046
:1010000080B584B0039002910398019000F010F82D
:101010000198029A116852684261034643F8101F12
:101020000221012201F0F4F8019804B080BD000013
:1010300080B582B001900198009002218160012268
:10104000C26000F1100301F0E3F8009802B080BD27
:1010500081B00090009801B07047000000000000CF
:1010600082B00A460190009201981169526942616A
:10107000016102B07047000080B58AB0039009900A
:10108000002008900790069005900490FFE79DEDE2
:10109000040AB8EEC00B8DED000B0221084600F0EB
:1010A00057FFB0EE401B9DED000BB4EE410BF1EE8F
:1010B00010FA0DDAFFE7049800EB400205A94FF0A3
:1010C0007E5041F82200FFE7049801300490DEE7EB
:1010D000039805A900F004F80AB080BD00000000E4
:1010E00080B584B0039002910398019000F01CF841
:1010F0000198DDF808C0DCF80010DCF80420DCF80A
:101100000830DCF80CC0C0F81CC0836142610346A3
:1011100043F8101F0222114601F07AF8019804B03A
:1011200080BD00000000000080B582B001900198F1
:10113000009002228260C26000F11003114601F0AB
:1011400067F8009802B080BD81B00090009801B0AF
:10115000704700000000000082B08C460190CDF87E
:1011600000C00198DCF81010DCF81420DCF818300E
:10117000DCF81CC0C0F81CC083614261016102B090
:10118000704700000000000082B001908DF803104D
:10119000019991F85120002001F8320091F8512076
:1011A00001EBC20250609DF80320012001F83200DB
:1011B0009DF8030081F8510002B070470000000064
:1011C00084B003908DF80B108DF80A2003990091DC
:1011D0009DF80B0081F850009DF80A0081F851003D
:1011E00000200190FFE70099019891F85010884283
:1011F0000EDAFFE70099019A002001F83200019A07
:1012000001EBC2014860FFE7019801300190EAE775
:1012100000999DF80A20012001F8320004B07047BF
:1012200081B000900098002180F8511001B0704703
:1012300081B00090009890ED410A9FED051A80EE74
:10124000010A9FED041A20EE010A01B0704700BFA9
:1012500000003443DB0F494084B0039002918DF8C5
:101260000720ADF80430BDF8040002990968C96A86
:10127000884206D9FFE702980068C06AADF804000A
:10128000FFE7BDF80400B0F1FF3F04DCFFE70020FA
:10129000ADF80400FFE79DF80700014600910C2817
:1012A00021D80099DFE801F0071F1F1F0D1F1F1F26
:1012B000131F1F1F1900BDF8040002990968486335
:1012C00011E0BDF804000299096888630BE0BDF8DD
:1012D000040002990968C86305E0BDF8040002999A
:1012E00009680864FFE704B07047000000000000D0
:1012F00081B00090009890ED290A01B0704700007D
:1013000081B00090009890ED3F0A9FED051A80EEA5
:10131000010A9FED041A20EE010A01B0704700BFD8
:1013200000003443DB0F494081B00090009890EDFD
:10133000410A01B07047000081B00090009890ED24
:10134000280A01B07047000081B00090009890ED2D
:101350003F0A01B07047000081B00090009890F8FB
:10136000880001B07047000081B00090009890EDB7
:10137000400A01B07047000084B0039002910192CE
:101380000093009890ED002A90ED014A90ED026ADA
:1013900090ED035AB6EE001AB0EE417AA6EE467A08
:1013A000A5EE457A029822EE050A94EE060AD0EDE3
:1013B000000AD0ED011A90ED023A20EE210AA7EEC4
:1013C000200A22EE062AA4EE052AA2EE030A30EE37
:1013D000000A019880ED000A009890ED002A90ED37
:1013E000016A90ED024A90ED035A22EE057AA6EECC
:1013F000047A0298B0EE410AA6EE460AA5EE450A26
:10140000D0ED000AD0ED011A90ED023A20EE210A4B
:10141000A7EE200A22EE062A94EE052AA2EE030A7F
:1014200030EE000A019880ED010A009890ED000A64
:1014300090ED014A90ED023A90ED032A20EE035A16
:1014400094EE025A029820EE040AA3EE020A90EDEE
:10145000006A90ED017A90ED022A20EE070AA5EECF
:10146000060AA4EE441AA3EE431AA1EE020A30EED5
:10147000000A019880ED020A04B0704700000000E5
:1014800084B00390029101920093009890ED002A9D
:1014900090ED014A90ED026A90ED035AB6EE001A03
:1014A000B0EE417AA6EE467AA5EE457A029822EE93
:1014B000050AA4EE060AD0ED000AD0ED011A90ED5F
:1014C000023A20EE210AA7EE200A22EE062A94EE26
:1014D000052AA2EE030A30EE000A019880ED000A08
:1014E000009890ED002A90ED016A90ED024A90ED8F
:1014F000035A22EE057A96EE047A0298B0EE410A7B
:10150000A6EE460AA5EE450AD0ED000AD0ED011A76
:1015100090ED023A20EE210AA7EE200A22EE062ADA
:10152000A4EE052AA2EE030A30EE000A019880ED2F
:10153000010A009890ED000A90ED014A90ED023A00
:1015400090ED032A20EE035AA4EE025A029820EEF0
:10155000040A93EE020A90ED006A90ED017A90ED94
:10156000022A20EE070AA5EE060AA4EE441AA3EE0C
:10157000431AA1EE020A30EE000A019880ED020A39
:1015800004B070470000000080B586B00590059853
:10159000029042F63202C2F200421178013111701B
:1015A00000F56F70F5F738FC029981EDED0A91EDC9
:1015B000ED1A91EDEE0A30EE010A81EDEE0A01F12D
:1015C000280001F53C71FCF71FF90298D0F8F012E1
:1015D000C0F8A810D0F8F412C0F8AC10D0F8F81287
:1015E000C0F8B010D0F8FC12C0F89C10D0F800136E
:1015F000C0F8A010D0F80413C0F8A41090ED270A8A
:10160000D0ED280A90ED291AD0ED2A1A90ED2B2A58
:10161000D0ED2C2A90EDED3A00F58870ECF780FEC5
:101620000298D0F86012D0F86422D0F86832D0F86E
:101630006CC2C0F898C0C0F89430C0F8902003463F
:1016400043F88C1F039300F5567100F1D002FFF7A9
:1016500093FE0298039B00F5597100F1DC02FFF73D
:101660008BFE0298039B00F55C7100F1E802FFF726
:1016700083FE0298039B00F5697142F29072C2F2F8
:101680000042FFF7FDFE00208DF81300FFE79DF8F4
:10169000130002282CDCFFE702999DF8133001EBC0
:1016A000830042F29072C2F2004202EB830292ED9A
:1016B000002A90ED2A0A90ED2D1A30EE420A91EDA3
:1016C000333A91EDED2A20EE020A33EE022A80EE43
:1016D000020A21EE031A81EE021A30EE010A80EDB1
:1016E0002D0AFFE79DF8130001308DF81300CEE7B7
:1016F000029800F18C0300F1B40100F1C002FFF781
:101700003BFE029800F030F942F63200C2F200408F
:1017100000784BF65001C0F21E5145F62942CCF23A
:101720008F2200FB02104FEA7000884235D8FFE795
:10173000029901F13800019091EDC30A00F0B0FB6D
:1017400001989FED190A00F0FBF9019800F010FADA
:10175000019800F09DFBB5EE400AF1EE10FA0ADCAC
:10176000FFE7029845F67841C2F200410C220023BF
:10177000FFF772FD10E00298383000F089FB029804
:10178000BCEEC00A10EE103A45F67841C2F20041B4
:101790000C22FFF761FDFFE7FFE70299012081F8C6
:1017A000C40306B080BD00BF00002042000000005E
:1017B00010B582B001900198009090F8C403002801
:1017C00061D0FFE7009890EDBC1A90EDC90AB4EE25
:1017D000410AF1EE10FA1BD1FFE7009890EDBD1A17
:1017E00090EDCA0AB4EE410AF1EE10FA10D1FFE70B
:1017F000009890EDBE1A90EDCB0AB4EE410AF1EEDE
:1018000010FA05D1FFE70099002081F8880004E074
:101810000099012081F88800FFE70099D1F8F002D3
:10182000D1F8F422D1F8F832D1F8FCC2D1F800E3B3
:10183000D1F80443C1F83843C1F834E3C1F830C3E8
:10184000C1F82C33C1F82823C1F82403D1F80803C8
:10185000D1F80C23D1F81033D1F814C3D1F818E320
:10186000D1F81C43C1F85043C1F84CE3C1F848C358
:10187000C1F84433C1F84023C1F83C03D1F8200338
:10188000C1F85403FFE702B010BD000000000000E3
:1018900080B584B003900399019101F1280001F50E
:1018A0003C7245F6A431C2F20041FDF775F86420A0
:1018B000E3F73EF9019800F55F71FDF769F90198CA
:1018C00040F2E811C2F20041D1ED002A00F5887023
:1018D000B2EE040ADFED1A0ACDED020A9FED191AE5
:1018E000DFED191A9FED192AECF76EFC0198DDED7A
:1018F000024A4CF6CD41C3F64C51C0F8CC103830FA
:101900009FED130ADFED130A9FED132ADFED132A73
:101910009FED135A0021B0EE451AF0EE451AB0EED5
:10192000453AF0EE453AB0EE454A00F075FA45F614
:101930007840C2F200400C21EAF732FD04B080BDCD
:101940006F12833A8096184BC9E57F3FCDCC4C3D52
:10195000000048430000964300007A430000FA4329
:10196000000000000000000080B586B005900598DA
:10197000039044F64042C2F20042136851680133BA
:1019800041F1000113605160D0F8B812C0F80411A1
:10199000D0F8B412C0F80011D0F8B012C0F8FC10A2
:1019A000D0F8C012C0F8081190EDDF2A90EDE01ACF
:1019B00090EDE10A90EDE23A21EE000AA2EE030A70
:1019C00030EE000A21EE011AA2EE021AB0EE002A51
:1019D0008DED022AFFEE000ACDED010AE1EE020ACA
:1019E00001F0E2FB039880EDE30A90EDDF0A90ED51
:1019F000E01A90EDE13A90EDE22A20EE030A91EE32
:101A0000020AB8EE001A20EE010A01F037FBDDED04
:101A1000010A9DED022A039880EDE40A90EDDF3A79
:101A200090EDE04A90EDE10A90EDE21A20EE010A15
:101A3000A3EE040A30EE000A21EE011AA3EE031A07
:101A4000E1EE020A01F0B0FB039880EDE50A002008
:101A50000490FFE70498022815DCFFE70398049937
:101A600000EB810090EDE30A9FED081A20EE010AD9
:101A70009FED071A80EE010A80EDE60AFFE7049861
:101A800001300490E6E706B080BD00BF000034439B
:101A9000DA0F49400000000080B582B00190019843
:101AA0000090FDF785F800982830FDF765F800985C
:101AB000383000F001FA00984FF07E52C0F85823F9
:101AC0000021C0F85C13C0F86013C0F86413C0F8BC
:101AD0006823C0F86C13C0F87013C0F87413C0F812
:101AE0007823C0F87C13C0F88013C0F88413C0F8C2
:101AF0008813C0F88C13C0F89013C0F89413C0F882
:101B00009813C0F89C13C0F8A013C0F8A413C0F831
:101B1000A8134FF2C352C4F21C12C0F8AC23002227
:101B2000C4F22022C0F8B02380F8C01380F8C1139B
:101B300080F8C21380F8C31380F8C41302B080BDCC
:101B400082B001908DED000A01990098486402B0BE
:101B5000704700000000000082B001908DED000A87
:101B600001990098C86402B07047000000000000AE
:101B700080B58AB0099009980190002108910791D9
:101B80000691059190ED110A90ED121A30EE410A7E
:101B90008DED040A9DED040AF5F756FF01988DEDD1
:101BA000030A9DED030A90ED011AB4EE410AF1EE2D
:101BB00010FA07DAFFE70199886C48640020049066
:101BC0000390FFE7019890ED080A9DED041A20EEBE
:101BD000010A8DED080A90ED0E0AB5EE400AF1EE0D
:101BE00010FA0DD1FFE7019890ED0F0AB5EE400A0B
:101BF000F1EE10FA04D1FFE74FF07E50029044E07E
:101C000001989DED030A90ED0E1AB4EE410AF1EE33
:101C100010FA04DCFFE74FF07E50029026E00198B6
:101C200090ED0E0A9DED031AB4EE410AF1EE10FAA2
:101C30001BDAFFE701989DED030A90ED0F1AB4EE51
:101C4000410AF1EE10FA10DAFFE7019890ED0E2A42
:101C500090ED0F1A9DED030A31EE400A31EE421A63
:101C600080EE010A8DED020AFFE7FFE701989DED86
:101C7000030A90ED0F1AB4EE410AF1EE10FA03DBFD
:101C8000FFE700200290FFE7FFE7019890ED0C0AC4
:101C9000B5EE400AF1EE10FA10D0FFE7019901F11C
:101CA0004C0091ED092A91ED0C1AB1EE410A80EE3B
:101CB000020AC1EE020AF5F7D7F8FFE7019890EDA6
:101CC000100AB5EE400AF1EE10FA18D1FFE70198BC
:101CD0009DED021A90ED002A90ED130A21EE021AF2
:101CE0009DED042AA1EE020A80ED130A90ED090A87
:101CF00090ED131A20EE010A8DED070A28E00198F5
:101D00009DED030A90ED101AB4EE410AF1EE10FABF
:101D100018DAFFE701989DED021A90ED002A90ED88
:101D2000130A21EE021A9DED042AA1EE020A80EDAB
:101D3000130A90ED090A90ED131A20EE010A8DEDB9
:101D4000070A04E001990020C8640790FFE7FFE755
:101D50000198007A90B9FFE7019890ED001A90ED94
:101D6000063A90ED0A0A9DED042A32EE432A20EE4F
:101D7000020A80EE010A8DED060A11E0019890ED4D
:101D8000001A90ED053A90ED072A90ED0A0A32EE1E
:101D9000432A20EE020A80EE010A8DED060AFFE7D3
:101DA000019890ED042A90ED0B1A90ED110A30EE97
:101DB000420A20EE010A8DED050A9DED080A9DED0F
:101DC000071A30EE010A9DED061A30EE010A9DED6C
:101DD000051A30EE010A80ED070A90ED0D0AB5EE06
:101DE000400AF1EE10FA0AD0FFE7019901F11C0058
:101DF000D1ED0D0AB1EE600AF5F736F8FFE701996B
:101E0000886CC860486C0861C8694861049888613A
:101E10000AB080BD000000008EB002AA0092024607
:101E200000980D9280ED0A0AC0ED090A80ED081AAB
:101E3000C0ED071A80ED062AC0ED052A80ED043AB0
:101E4000C0ED033A80ED024AC0ED014A80ED005A30
:101E50008DF807100D990C9808620B9848620A9843
:101E600088620998C86208980863079848630398CD
:101E7000086002984860069888630598C8630498CB
:101E800008649DF8070008720EB07047000000005B
:101E900081B00090009890ED070A01B070470000F3
:101EA00082B001908DED000A01990098886402B01B
:101EB000704700000000000081B0009000980021F1
:101EC000C160016141618161C16101624162816200
:101ED000C162016341638163C163016441648164E0
:101EE000C16401B07047000080B586B001900590D4
:101EF000049103920499009100218DF80B10FFF7D3
:101F000013F900980199039A92ED000A00F0FCFC85
:101F100001208DF80B009DF80B0020B9FFE7019818
:101F2000FFF712F9FFE706B080BD000000000000D7
:101F300084B08DED020B8DED001B9DED020B9DED30
:101F4000001B80FE410B04B0704700000000000041
:101F500080B582B0019000919DED010AB8EEC00BF2
:101F60009DED001AB8EEC11BFFF7E2FF02B080BD85
:101F700080B582B08DED010A9DED010A01F076FF7A
:101F800002B080BD0000000081B0ADF80200BDF9D4
:101F9000020000280ED4FFE7BDF9021001F01F0275
:101FA000012090404A094EF20011CEF2000141F8A2
:101FB0002200FFE701B070474EF60C50CEF2000051
:101FC0000068C0F30220704782B0ADF806000091AF
:101FD000BDF9060000280AD4FFE700980001BDF90A
:101FE00006104EF20042CEF2000288540BE0009838
:101FF0000001BDF8061001F00F014EF61452CEF2AA
:1020000000028854FFE702B07047000000000000A3
:1020100083B00290029800F0070000904EF60C5139
:10202000CEF200010868019001984FF6FF021040BF
:1020300001900198009A40EA02200022C0F2FA5270
:10204000104301900198086003B070470000000041
:1020500080B582B042F66000C2F200400190FAF70B
:1020600077FE01994CF60970C0F6010040F20002BB
:10207000C0F60002DEF7B4F902B080BD0000000037
:102080004AF24000C4F20000006840F23841C2F257
:102090000041086070470000704700000000000029
:1020A000704700000000000089B08DED080A9DED2A
:1020B000081A9FED3A2AB5EE000AA1EE020A8DED4C
:1020C000050A9DED050ABDEEC00A8DED010A9DEDE4
:1020D000050AB5EE400AF1EE10FA04DAFFE70198BE
:1020E00001380190FFE79DED050A9DED011AB8EE5C
:1020F000C11A30EE410A8DED050A9DED050A9FEDEE
:10210000281A20EE010A8DED000A9DED000ABCEEB2
:10211000C00A10EE100AADF81200BDF81200B0F5BA
:10212000007F0CDBFFE70020ADF812009DED000AF8
:102130009FED1C1A30EE010A8DED000AFFE79DEDC0
:10214000000ABDF8120001EE100AB8EE411A30EE96
:10215000410A8DED060ABDF8121044F24860C0F63F
:10216000020050F821100391BDF8121000EB81001D
:10217000406802909DED060AB7EE001A31EE401A53
:102180009DED032A9DED023A20EE030AA1EE020A1C
:102190008DED070A9DED070A09B0704783F9223ECD
:1021A00000000044000000C489B008900791069226
:1021B0000898406805900798406804900698406821
:1021C0000390089908884988484302900298019032
:1021D000FFE70198A8B1FFE70598011D059190ED73
:1021E000000A0498011D049190ED001A30EE010AD6
:1021F0000398011D039180ED000A019801380190B8
:10220000E7E700208DF803009DF9030009B070474F
:1022100083B00290ADF80610ADF804200093BDF82D
:10222000060002990880BDF80400029948800098D1
:102230000299486003B07047BBB039903891399823
:1022400040683790389840683690399800883490C4
:102250003998408833900020329031902B903698F6
:10226000359034982C90FFE72C9858B3FFE73498BA
:102270002C99401A2A90FFE72A9848B1FFE7359930
:10228000081D3590002008602A9801382A90F3E74D
:102290003599081D35904FF07E5008602C98013814
:1022A0002A90FFE72A9848B1FFE73599081D359035
:1022B000002008602A9801382A90F3E72C9801380A
:1022C0002C90D1E700202990FFE729983399884284
:1022D00080F04D82FFE700202B9029982F903999AC
:1022E00048684988299A01FB022100EB810035905A
:1022F00035980068329029983090299801302D90B7
:10230000FFE72D983499884225D2FFE7399948682C
:1023100049882D9A299B01FB023100EB8100359001
:102320003598006831909DED310AB0EEC00A9DED00
:10233000321AB0EEC11AB4EE410AF1EE10FA05DD20
:10234000FFE72D98309031983290FFE7FFE72D9806
:1023500001302D90D5E79DED320AB5EE400AF1EE41
:1023600010FA76D0FFE730982999884271D0FFE7BC
:102370003998406825903998406824903998408869
:10238000239023982999401A22902F982399299ACB
:1023900000FB0121259800EB8100259030982399BE
:1023A000299A00FB0121249800EB81002490002051
:1023B0002790FFE727982299884213DAFFE72598AC
:1023C000006826902498006825990A1D25920860C7
:1023D000269824990A1D24920860FFE72798013067
:1023E0002790E7E7389840681F90389840681E901B
:1023F000389840881D901D981C902F981D99414336
:102400001F9800EB81001F9030981D9941431E9842
:1024100000EB81001E9000202190FFE721981C997D
:10242000884213DAFFE71F98006820901E98006822
:102430001F990A1D1F92086020981E990A1D1E925E
:102440000860FFE7219801302190E7E701202B90F9
:10245000FFE72B9801280CD0FFE79DED320AB5EE7F
:10246000400AF1EE10FA04D1FFE7FB208DF8EB00F3
:10247000BCE19DED321AB7EE000A80EE010A8DED47
:10248000320A399840681A903998408819901998FA
:102490002999401A18902F981999299A00FB01211F
:1024A0001A9800EB81001A9000201B90FFE71B9800
:1024B0001899884210DAFFE79DED321A1A98011D2B
:1024C0001A9190ED000A20EE010A80ED000AFFE764
:1024D0001B9801301B90EAE73898406816903898AE
:1024E00040881590159814902F9815994143169887
:1024F00000EB8100169000201790FFE717981499C1
:10250000884210DAFFE79DED321A1698011D1691E8
:1025100090ED000A20EE010A80ED000AFFE717980F
:1025200001301790EAE700202D90FFE72D982F99B2
:10253000884280F08780FFE73999486849882D9A5A
:10254000299B01FB023100EB810035903598006832
:1025500032903998406812903998406811903998B3
:102560004088109010982999401A0F9012982D9930
:10257000109A514300EB8100299900EB81001290E1
:1025800011982F99109A514300EB8100299900EB83
:102590008100119000201390FFE713980F99884253
:1025A00015DAFFE79DED321A1198011D119190ED9A
:1025B000002A1298011D129190ED000AA1EE420A24
:1025C00080ED000AFFE7139801301390E5E7389893
:1025D00040680D90389840680C90389840880B906F
:1025E0000B980A900D982D990B9A514300EB81009E
:1025F0000D900C982F990B9A514300EB81000C9091
:1026000000200E90FFE70E980A99884215DAFFE73E
:102610009DED321A0C98011D0C9190ED002A0D9839
:10262000011D0D9190ED000AA1EE420A80ED000A15
:10263000FFE70E9801300E90E5E7FFE72D98013097
:102640002D9073E72F9801302D90FFE72D98349946
:10265000884280F08780FFE73999486849882D9A39
:10266000299B01FB023100EB810035903598006811
:1026700032903998406808903998406807903998A6
:102680004088069006982999401A059008982D9937
:10269000069A514300EB8100299900EB81000890D4
:1026A00007982F99069A514300EB8100299900EB76
:1026B0008100079000200990FFE70998059988425A
:1026C00015DAFFE79DED321A0798011D079190ED8D
:1026D000002A0898011D089190ED000AA1EE420A17
:1026E00080ED000AFFE7099801300990E5E7389886
:1026F000406803903898406802903898408801906C
:102700000198009003982D99019A514300EB8100A4
:10271000039002982F99019A514300EB8100029097
:1027200000200490FFE704980099884215DAFFE73B
:102730009DED321A0298011D029190ED002A039836
:10274000011D039190ED000AA1EE420A80ED000AFE
:10275000FFE7049801300490E5E7FFE72D9801308A
:102760002D9073E7FFE7299801302990ADE500200F
:102770008DF8A3002B98012833D0FFE79DED320A96
:10278000B5EE400AF1EE10FA2BD1FFE73998406818
:10279000379000202E90FFE72E983499339A5143BA
:1027A000884212D2FFE737982E9900EB810090ED16
:1027B000000AB5EE400AF1EE10FA01D0FFE704E09E
:1027C000FFE72E9801302E90E6E72E983499339A41
:1027D0005143884204D1FFE7FB208DF8A300FFE7B7
:1027E000FFE79DF8A3008DF8EB00FFE79DF9EB00F4
:1027F0003BB070470000000092B008AB009311900E
:1028000010910F92119840680E90109840680D90AA
:10281000119840680C90109840680B900F98406891
:102820000A9011980088ADF81E0010984088ADF805
:102830001C0011984088ADF81A0000200490BDF8E3
:102840001E000390FFE70A98049900EB81000990AD
:10285000BDF81C000590109840680D90FFE700201F
:1028600008900C980E90BDF81A000290FFE70298AD
:10287000C8B1FFE700980E990A1D0E9291ED001A5B
:102880000D9991ED002A90ED000AA1EE020A80ED6B
:10289000000ABDF81C100D9800EB81000D90029805
:1028A00001380290E3E7089809990A1D0992086027
:1028B0000598013805900B98BDF81C10059A891AE7
:1028C00000EB81000D90FFE705980028C7D1FFE7D6
:1028D0000498BDF81C10084404900C98BDF81A1018
:1028E00000EB81000C90039801380390FFE70398F8
:1028F0000028A8D1FFE700208DF807009DF9070008
:1029000012B070470000000089B007AA009202468A
:102910000098089280ED000A06910898406805909A
:1029200006984068049008990888498848430390AD
:1029300003980290FFE7029898B1FFE70098059985
:102940000A1D059291ED000A90ED001A20EE010A91
:102950000498011D049180ED000A0298013802904C
:10296000E9E700208DF807009DF9070009B07047DE
:1029700089B00890079106920898406805900798DA
:102980004068049006984068039008990888498830
:102990004843029002980190FFE70198A8B1FFE731
:1029A0000598011D059190ED000A0498011D049100
:1029B00090ED001A30EE410A0398011D039180ED5D
:1029C000000A019801380190E7E700208DF8030024
:1029D0009DF9030009B070478AB0099008910998E1
:1029E0004068079008984068069009980088ADF8FC
:1029F000120009984088ADF81000BDF8120002904E
:102A000000200190FFE70698019900EB81000590F6
:102A1000BDF810000390FFE7039880B1FFE7079827
:102A2000011D0791006805990860BDF8121005980E
:102A300000EB81000590039801380390ECE70198C2
:102A400001300190029801380290FFE702980028B7
:102A5000D9D1FFE700208DF803009DF903000AB0EB
:102A6000704700000000000089B08DED080A9DED60
:102A7000080A9FED391A20EE010A8DED050A9DED39
:102A8000050ABDEEC00A8DED010A9DED050AB5EE01
:102A9000400AF1EE10FA04DAFFE7019801380190DC
:102AA000FFE79DED050A9DED011AB8EEC11A30EE63
:102AB000410A8DED050A9DED050A9FED281A20EECD
:102AC000010A8DED000A9DED000ABCEEC00A10EE71
:102AD000100AADF81200BDF81200B0F5007F0CDB53
:102AE000FFE70020ADF812009DED000A9FED1C1AD3
:102AF00030EE010A8DED000AFFE79DED000ABDF8FA
:102B0000120001EE100AB8EE411A30EE410A8DEDC6
:102B1000060ABDF8121044F24860C0F6020050F8F0
:102B200021100391BDF8121000EB81004068029063
:102B30009DED060AB7EE001A31EE401A9DED032A0C
:102B40009DED023A20EE030AA1EE020A8DED070A7E
:102B50009DED070A09B0704783F9223E000000444A
:102B6000000000C40000000070B589B0109D0F9CEB
:102B7000DDF838E0DDF834C007950694CDF814E0B0
:102B8000CDF810C003930292019100900099019832
:102B9000029A039BDDF810C0DDF814E0069C4C613E
:102BA000C1F810E0C1F80CC08B604A60086007985B
:102BB0008861009940204877009942F66150C0F63C
:102BC00002000861009942F67950C0F60200C86020
:102BD000009942F6B960C0F6020088609DF82300B3
:102BE00009B070BD00000000B0B58EB045F62C40B5
:102BF000C2F200400B9004200C90E6F785FD4000E7
:102C00000690069845F6C441C2F200410968896AF7
:102C1000B0FBF1F0C00842F29501C0F64F11A0FBE5
:102C20000110400800EE100AB8EE400B8DED040BC9
:102C30009FED210BBAEE061B00F0B6FCB0EE401B78
:102C40009DED040B80EE010B9FED1D1BB4EE410BBF
:102C5000F1EE10FA08DAFFE745F6C440C2F2004090
:102C60000168F0208862FFE745F6C440C2F20040E8
:102C70000168896AADF81C100068C06AADF81E00D2
:102C80000699079A089B0998DDF828E00B9C0C9D93
:102C9000EC46CCF80C50CCF80840CCF804E0CCF86A
:102CA000000042F63400C2F20040FFF75DFF9DF8DD
:102CB00037000EB0B0BD00BF6379D9928FF3F03FFB
:102CC00000000000E0FFEF4083B001908DF803109A
:102CD0009DF803000199497F884208DAFFE79DF8D3
:102CE00003000199487700208DF80B0003E00120D4
:102CF0008DF80B00FFE79DF80B0003B07047000054
:102D000080B582B000200190E3F7EEFCEEF700F80A
:102D1000ECF74EFDECF7F8FBECF78AFCECF7C8FC9F
:102D2000ECF706FDECF708FEECF7B2FEECF7F8FF67
:102D3000EDF71AF9EDF7CCF8EDF75EF9ECF7A0FF37
:102D4000ECF75AFFECF714FFEDF732F8EDF778F8EF
:102D5000ECF72EFEEEF7E4FEFFE7EEF755FFFCE79B
:102D600080B582B00090E3F7A7FC009908609DF859
:102D7000070002B080BD00008BB009900891ADF84B
:102D80001E2009980590BDF81E00002806D4FFE714
:102D9000BDF81E00B0F5803F04DBFFE702208DF890
:102DA0002B0083E0BDF81E0005990968C8620898E9
:102DB00078B9FFE7BDF81E0045F25651C5F25551EE
:102DC000A0FB011041000846059A12685163049067
:102DD00066E0089804280FD1FFE7BDF81E0045F211
:102DE0005651C5F25551A0FB011041000846059A05
:102DF00012689163039050E0089808280FD1FFE70C
:102E0000BDF81E0045F25651C5F25551A0FB011008
:102E100041000846059A1268D16302903AE008988A
:102E20000C280FD1FFE7BDF81E0045F25651C5F240
:102E30005551A0FB011041000846059A1268116423
:102E4000019024E0089810280FD1FFE7BDF81E007C
:102E500045F25651C5F25551A0FB011041000846FC
:102E6000059A1268916500900EE0BDF81E0045F2CB
:102E70005651C5F25551A0FB011041000846059A74
:102E80001268D1650090FFE700980190FFE7019874
:102E90000290FFE702980390FFE703980490FFE792
:102EA0000498069006988DF82B00FFE79DF82B00FC
:102EB0000BB070470000000080B588B00690059107
:102EC0008DF81320069802909DF813000146019199
:102ED00020B1FFE70198012806D00BE00298059980
:102EE000E9F75EFA039009E002980599E9F7ACFB6F
:102EF000039003E002208DF81F0003E003988DF893
:102F00001F00FFE79DF81F0008B080BD03B40198C3
:102F10004100009850EAC12018BF04204A0D18BF94
:102F200040F0010040F2FF72B2EB515F08BF40F089
:102F30000200012808BF052002B0704741000802C6
:102F400018BF04200A0E18BF40F001004FF07F4266
:102F500032EA010108BF40F00200012808BF052045
:102F60007047000010B510EE104A4FF01A402DEDDA
:102F7000028B00EB4400B0F1C85F4AD84FF0FC4030
:102F8000B0EB440F22D2B0EEC00AF7EE000A30EEEA
:102F9000C00AF6EE000A20EE208A18EE100A01F0B0
:102FA0003CF900EE100A14F0004F1DBF9FED281AE7
:102FB000DFED280AB1EE400A9FED271A08BFF0EEB8
:102FC000410AF8EE001A20EE210A05E020EE008A00
:102FD0009FED221ADFED220ADFED221A9FED222A51
:102FE00070EEC00A20EE080A08EE212ADFED1F1A53
:102FF00048EE021A9FED1E2A08EE212ADFED1D1A67
:1030000048EE021ABDEC028B40EE610A30EE810AF6
:1030100010BD4FF0CC40B0EB440F82BF9FED160ABD
:10302000BDEC028B10BD4FF07F40B0EB440F05D2DA
:10303000BDEC028BBDE8104000F0A2BF012001F002
:103040006FF8BDEC028BBDE8104000F09FBF0000A0
:103050000000494022AA7D3A000000000000C93F5C
:1030600022AAFD3924FE1C3DC78AD83C1E67383D84
:103070001B93993DAFAA2A3EDB0FC93F10B54FF015
:103080000E402DED028BB0EE408A18EE104A00EB98
:103090004400B0F1506F4AD84FF0FC40B0EB440F01
:1030A00022D2B0EEC80AF7EE000A30EEC00AF6EE01
:1030B000000A60EE208A18EE900A01F0AEF801EEE8
:1030C000100A14F0004F1DBFDFED2D0A9FED2D0AF1
:1030D000B1EE411ADFED2C0A08BF9FED2C0AF8EE85
:1030E000001A21EE218A05E0DFED290A68EE088A40
:1030F000B0EE600A9FED271ADFED271A30EE080ABE
:1031000048EE811A9FED251A08EEA11ADFED241A68
:1031100048EE811A9FED231A08EEA11A68EE281ACC
:10312000BDEC028B01EE810A30EE200A10BD4FF09B
:10313000E440B0EB440F0CD918EE100AFFF7FEFE86
:10314000042808BF00F02AFFB0EE480ABDEC028B4D
:1031500010BD4FF07F40B0EB440F07D2B0EE480AED
:10316000BDEC028BBDE8104000F00ABF012000F06A
:10317000D7FFBDEC028BBDE8104000F007BF000098
:103180000000C9BF22AAFDB90000C93F22AAFD392B
:103190000000000024FE1C3DC78AD83C1E67383D55
:1031A0001B93993DAFAA2A3E70B54FF068422DEDB2
:1031B000048BF0EE408A18EE900AB0EE608A18EEAA
:1031C000101A02EB4003B3F1654F3CBF02EB410222
:1031D000B2F1654F7DD200BFC0F3C753C1F3C752F0
:1031E0009A1A1B2A09DD10F0004F14BF9FED830AC5
:1031F0009FED830ABDEC048B70BD12F11A0F36DA15
:1032000011F0004F09D010F0004F0CBF9FED7D0A68
:103210009FED7D0ABDEC048B70BD88EE889A19EE97
:10322000100AFFF78BFE042808BF00F0B7FE18EE67
:10323000900AFFF783FE054618EE100AFFF77EFEA0
:10324000044619EE100AFFF779FE042D18BF052D6C
:1032500008D1042C18BF052C04D1002804BF02207B
:1032600000F05EFFB0EE490ABDEC048B70BD420079
:10327000B2EB410F3AD910F0004F19BFDFED630AEE
:103280009FED630ADFED630A9FED630AB0EE481A13
:103290000A46B1EE688A80F00041F0EE418A10469D
:1032A0000A1A5200B2F1807F34D2484010F0004F29
:1032B000DFED5A1A9FED5A2A1DBFBEEE001A70EEBE
:1032C000E10A30EE420AB6EE001A08BF70EEA10A1B
:1032D00000E040E008BF30EE020AB0EE682A01EEDE
:1032E000482A08EE818AC2EE081A15E011F0004F54
:1032F00004BF9FED4C0AF0EE400AD1D010F0004F11
:1033000019BFDFED490A9FED490ADFED490A9FED3C
:10331000490AC5E7C8EE881A21EEA11A9FED462A90
:10332000DFED462A41EE022A9FED452A01EE222AD0
:10333000DFED442A41EE022A9FED432ABDEC048BC7
:1033400001EE222A21EE811A01EE020A30EE210A54
:1033500030EE200A70BD4FF07F42B2EB400F28BF25
:10336000B2EB410F09D2F0EE480AB0EE680ABDECAC
:10337000048BBDE8704000F006BE40EA01035B002C
:1033800008BF41F0FF410BD0B2EB400F08BFB2EBDA
:10339000410F08D120F0804008EE900A21F08041D2
:1033A00008EE101A18E7B2EB400F12BF5FEA4103B4
:1033B00040F0FF4001F000413FF40EAFB2EB410F8F
:1033C00012BF5FEA400200F0004041F0FF413FF4CD
:1033D00003AF4A0092EA40033FF5FEAE002AACBFBD
:1033E0009FED1A0A9FED1A0A68EE808A28EE008A7D
:1033F00018EE900A18EE101AEEE60000DB0FC9BFB7
:10340000DB0FC93FDB0F4940DB0F49C00000C9BFDC
:1034100022AAFDB90000C93F22AAFD390060ED3E95
:10342000C30ACE3700000000000049C022AA7DBABE
:103430000000494022AA7D3A2DAD65BD8FB8D53D2B
:103440000FB511BE61C84C3EA8AAAABE0000804FAD
:103450000000802F10EE101A08B5444A6846B2EBFF
:10346000410F28D94FF0E640B0EB410F94BF002048
:103470004FF0FF3000900098002861DB60EE000AFA
:1034800010F0010F45D010F0020FDFED391A9FED5B
:10349000391A00EEA11ADFED381A40EE811A21EE3A
:1034A000A01AF0EE400A40EE010A08BFF1EE600AF1
:1034B000B0EE600A08BD314B21F0004293423CD986
:1034C00011F0004FDFED2E0A20EE201ADFED2D0A5D
:1034D00019BF31EE601A71EE200A31EE201A71EE3A
:1034E000600ABDEEE01A11EE100A9FED271A00F0F7
:1034F000030000EEC10A9FED251A009000EEC10AFC
:103500009FED231A00EEC10A9FED221A00EEC10AB8
:10351000B1E79FED211A9FED210A10F0020F00EE96
:10352000810A9FED1F1A00EE801AB7EE000A00EE26
:10353000810A18BFB1EE400A08BD00F037FD9AE7D6
:1035400010EE100A4000B0F17F4F3CBFB7EE000A0A
:1035500008BD07D14FF0010000F0E2FDBDE80840D2
:1035600000F014BDBDE8084000F00ABDB61F927E11
:10357000336D4CB9DA82083CA0AA2ABE490E4946EE
:1035800083F9223F0000004B0000C93F00A0FD3935
:103590000020A2331A61342CB93AB2BACA9F2A3D2C
:1035A000DDFFFFBE000000002DE9F04D2DED040B06
:1035B0002DED0A8B9AB0DDE92550279CDDF890A00F
:1035C00025F0004624F00048BAF1000F14BF012195
:1035D000002101EB4502F84953184A10934228D3C1
:1035E000002814BF0123002303EB44030B44F349D9
:1035F0008B421ED358EA000172D0DFF8C4B35D4598
:1036000003D1BAF1000F05D186E0BAF1000F08BF6F
:10361000002100D0012101EB450111F5001F08D860
:10362000002814BF0121002101EB440111F5001F06
:103630000BD99DED261B9DED240B1AB0BDEC0A8B1A
:1036400004B0BDE8F04D00F073BC0027002DBCBFF6
:10365000DC49884521DADC498845A8BF02271CDA05
:10366000C3451ADCD94901EB2851142908DDC1F101
:10367000340220FA02F101FA02F282420DD108E08E
:1036800058B9C1F1140228FA02F101FA02F24245D6
:1036900003D101F00101C1F1020756EA0A0120D16C
:1036A000002C1EDA002D18BF022F01D0012F0AD0E6
:1036B000022000F035FD1AB0BDEC0A8B04B0BDE865
:1036C000F04D00F029BC022000F02AFD00F024FC9F
:1036D000B1EE400B1AB0BDEC0A8B04B0BDE8F08D22
:1036E0001AE09FEDBB9B9FEDBC8BB7EE00AB0028B3
:1036F0007DD1B44880451CD105F1804010F5801083
:1037000008BFBAF1000F07D0B34508DC002CA8BFF2
:103710009DED260BDEDA07E0B7EE000BDAE7002CB2
:10372000B8BF9DED260BD3DBAD48784490ED000B80
:10373000D0E7D84548D1002C43DA2EB186423AD1A1
:10374000BAF1000F3DD126E0BAF1000F13D00220EC
:1037500000F0E6FC00F0FCFB8DED020B9DED240B70
:103760008DED000B10EE900A039961F31E0003909B
:103770009DED020BAEE78DED029B9DED240B19EE46
:10378000901A10EE900A8DED000B61F31E0003906D
:103790009DED020B9EE78DED028B9DED240B18EE47
:1037A000901A10EE900A8DED000B61F31E0003904D
:1037B0009DED020B8EE704DA9DED241B8AEE010BD2
:1037C00088E79DED240B85E786421ADAB4F1804F35
:1037D00004BF9DED240B20EE000B3FF47BAFA4F162
:1037E0000050B0F1FF500CD1002D0ADB00E008E0E2
:1037F0009DED240B51EC100B00F0DAFC41EC100BAA
:1038000068E79DED240B51EC100B00F08FFCBAF132
:10381000000FCDE90E0140D19FED730B46B3A6F129
:10382000E040B0F17F600ED05E4536D1002D00DA69
:1038300097B3022F0CBF01204FF0FF3000EE100AAB
:10384000B8EEC00B46E7002D01DD002C0DDA002D8F
:1038500001DD002C1DDB002D14DA002C12DB012F02
:1038600008BF9FED630B3FF435AFB0EE490B31E776
:10387000022F18BF002D0CD0012F0AD1002DFFF60A
:1038800029AF06E0002DB8BF002C06DA012F3FF467
:1038900021AFB0EE480B1DE719E0012000EBE57009
:1038A00050EA070113D0B0EE4A8B791E084308BFD7
:1038B000BFEE008B5048002580457ADD4F495048C7
:1038C000884514DDB0420DDB002C19DB2CE0012013
:1038D00000F026FC1AB0BDEC0A8B04B0BDE8F04D38
:1038E00000F02ABBB34502DC002C09DC1CE0864258
:1038F00002DA002C18DA03E05E4528DD002C13DD27
:10390000022000F00DFC00F023FB8DED020B28EEF1
:10391000090B8DED000B10EE900A039961F31E0068
:1039200003909DED020BD5E6022000F0F9FB00F0BC
:103930001BFB10EE901A18EE900A8DED020B8DED28
:10394000008B61F31E0003909DED020BC2E69DED1E
:103950000E0B30EE4A0B8DED040B20EE002B9DED8F
:10396000041B9FED290BB5EE003B01EE430B9DEDD3
:10397000043BB6EE001B03EE401B22EE012B9DED37
:10398000040B9FED231B20EE011B9FED233B20EE3C
:10399000030B9FED233B02EE430B31EE002B8DED2D
:1039A000022B02959DED022B32EE411B30EE411BA6
:1039B00011E139E000000000FFFF1F00FFFF0F00D2
:1039C0000000F03F0000F07F0000404301FCFFFFDB
:1039D000000000000000F07F000000000000000078
:1039E000B20B00000000000000000000000000809A
:1039F000000000000000F0FF0000E0410000F04384
:103A0000FFFFEF3F00000000555555555555D53F78
:103A1000000000604715F73F44DF5DF80BAE543EF1
:103A2000FE822B654715F73F0020B6F5801F0BDAA5
:103A30009DED0E0B9FEDEC1B20EE010B10EE906A3E
:103A40008DED0E0B6FF0340000EB2650C6F3130122
:103A5000A0F2FF37E64A41F07F6040F040509142CB
:103A6000D8BF002408DDE34A8A42C8BF012403DC32
:103A70000024A0F580107F1CDF49794401EBC401CC
:103A80000F9091ED001B9DED0E0B30EE410B9DED67
:103A90000E2B31EE023B8AEE032B20EE029BD74920
:103AA0008DED029B7944029591ED003B4FF0005162
:103AB00041EA600000EB84408DED043B00F50020FE
:103AC00005909DED043B33EE411B9DED0E3B33EE27
:103AD000411B9DED023B9DED044B03EE440B03EEB9
:103AE000410B20EE02BB29EE09CBB0EE4C0BC448D3
:103AF0000621784400F0D7F92CEE0C1B20EE010BC8
:103B00009DED021B31EE091B0BEE010B9DED021B1F
:103B100021EE011BB0EE082B31EE023B33EE003BF1
:103B20008DED043B04959DED043B33EE422B32EECC
:103B3000411B30EE412B9DED020B9DED041B20EE51
:103B4000011B9DED040B2BEE000B02EE090B31EE79
:103B5000002B8DED022B02959DED022B32EE411BC9
:103B600030EE411B9DED020B9FEDA72B20EE020BCB
:103B70009DED022B9FEDA63B22EE032B9FEDA63B76
:103B800001EE032BA648784400EBC40090ED001B27
:103B900032EE011B02EE107AB8EEC22B8DED042B33
:103BA00030EE013B9F48784400EBC40090ED002BC1
:103BB00033EE023B9DED044B33EE043B8DED023BB7
:103BC00002959DED023B33EE443B33EE422B32EE49
:103BD000400B31EE401B9DED260B8DED000B00954B
:103BE0009DED260B9DED002B30EE420B9DED022B43
:103BF00020EE020B9DED262B02EE010B9DED001B2E
:103C00009DED022B21EE021B8DED021B30EE011B00
:103C100011EE900A11EE101A834A8DED001B9042AE
:103C200024DB821A11430ED19FED811B30EE011B64
:103C30009DED002B9DED023B32EE432BB4EEC21BFB
:103C4000F1EE10FA26DD022000F06AFA00F080F9A9
:103C500010EE901A18EE900A8DED020B8DED008B90
:103C600061F31E0003909DED020B33E5724B20F0D3
:103C700000429A420ED3714A024411437FF454AE7B
:103C80009DED022B31EE421BB4EEC01BF1EE10FA9B
:103C9000BFF64AAE20F00041694A6A4B002402EBAD
:103CA00021529942D8BF9DED021B27DD511C4FF4D4
:103CB000801222FA01F10144634BC1F30A527B44A2
:103CC000A2F2FF3293ED001B604B8DED041BD3403D
:103CD00021EA0303C1F3130141F48011C2F114027C
:103CE00021FA02F405930028B8BF64429DED021B3F
:103CF0009DED042B31EE421B8DED021B30EE011BBE
:103D00008DED041B04959DED041B9FED512B21EEC1
:103D1000021B9DED042B9DED023B32EE432B30EE5A
:103D2000420B9FED4D2B20EE020B9DED042B9FEDE2
:103D30004C3B02EE030B31EE002B8DED002B32EEEF
:103D4000411B30EE419B9DED000B20EE000B4648E1
:103D50008DED040B0521784400F0A5F89DED001BC6
:103D60009DED042B02EE401B8DED021B9DED000B23
:103D700020EE010BB0EE002B31EE422B80EE021B49
:103D80009DED002BB0EE490B02EE090B31EE400B1E
:103D90009DED001B30EE410B3AEE400B10EE900A09
:103DA0008DED000B00EB045001150029C8BF0190F8
:103DB00013DC224651EC100BDCF75AFBFFF7A6F898
:103DC000042808BF00F0D0F822469DED000B51EC0E
:103DD000100BDCF74DFBCDE900019DED000B28EE4B
:103DE000000B77E4000000000000000000004043EA
:103DF0008E9803007AB60B00DA070000380800003E
:103E00009207000000000000000000E009C7EE3F3C
:103E1000F5015B14E02F3EBEFD033ADC09C7EE3F1F
:103E2000EE060000BE06000000009040000000000A
:103E3000FE822B654715973C00CC904000346F3FC5
:103E400001FCFFFF0000E03F1E060000FFFF0F0027
:103E500000000000432EE63FEF39FAFE422EE63F17
:103E6000396CA80C615C20BE5E05000010B52DED1C
:103E7000028BB1EEC08A18EE100A20F00040C0F1AB
:103E8000FF40C00F0AD010EE100A20F00040C0F131
:103E9000FF40C00F04BF012000F042F9B0EE480A15
:103EA000BDEC028B10BDB0EE401B491E00EBC10201
:103EB00092ED000B31F006020DD0491E00EBC1025D
:103EC00092ED002BB0EE403BB0EE420B03EE010B47
:103ED00031F00602F1D1022914D004290AD00629B2
:103EE00018BF704790ED0A2B00EE012B90ED080BE8
:103EF00002EE010B90ED062B00EE012B90ED040B72
:103F000002EE010B90ED022B00EE012B90ED000B69
:103F100002EE010B704700009FED031BB7EE002B74
:103F200082EE010B7047000000000000000000005E
:103F300030EE010B704700009FED031B81EE010B7B
:103F400070470000000000000000000000000000BA
:103F50009FED030B20EE000B7047000000000000F7
:103F600000000000000000709FED030B20EE000B2E
:103F7000704700000000000000000000000000107A
:103F800030EE000A704730EE200A7047DFED020A7B
:103F900080EEA00A70470000000000009FED020ABA
:103FA00020EE000A70470000000000102DE9F0012B
:103FB0004FF07F42B2EB410F9FBF4FF0FF310160E6
:103FC000BDE8F00170474FF0004242EA0123C1F31F
:103FD000C752783A551112F01F0C434CCCF1200611
:103FE0007C44C1F3C752A2F178024FEA621204EB9B
:103FF000820254F8254008BFD2E9015612D0556814
:1040000004FA0CF425FA06F73C43976805FA0CF518
:1040100027FA06F8D26807FA0CFCF24045EA0805D0
:104020004CEA0206A4FB034CA5FB0352A6FB036368
:104030001D449D4234BF012600261319334416B196
:10404000934202D903E0934201D2012200E0002210
:10405000624402F1200C9206DC0C42EA443200EE8B
:10406000102A5B03DFED210AF8EEC01A00EE103AC9
:104070004FEA9C1C11F0004FB8EE400AC0F800C097
:1040800020EE201A00EE105ADFED190AB8EE400AB1
:1040900020EE200A71EE810A70EE800A10EE902A5E
:1040A00002F500626FF30B0200EE902A70EEE11A47
:1040B00031EEC11ADFED101A30EE411A9FED0D0AF4
:1040C00020EE800A01EE210A9FED0C1A00EE810A13
:1040D00004BFBDE8F0017047CCF180510160BDE83C
:1040E000F001B1EE400A7047040300000000003602
:1040F0000000802C22AAFD29DB0FC92F0000C92F48
:1041000002E008C8121F08C1002AFAD170477047A0
:10411000002001E001C1121F002AFBD170470000FE
:1041200001490860704700000800002482B0CDE912
:10413000000121F0004001909DED000B02B051EC18
:10414000100B7047F0B50B30154D20F0070100241F
:10415000144A0FE003688B420BD38B4205D95E1AD9
:1041600043184768C3E9006700E04368136002C072
:1041700004E0021D10680028ECD12046002802D17E
:10418000286808B10020F0BD064A07481060074AB9
:10419000121A22F00702C0E9002401202860D7E7A4
:1041A00004000024000000240C61002408C1002445
:1041B00000B541EC100B2DED028B83B0B1EEC08B3E
:1041C00018EE100A18EE901A8DED008B002818BF1B
:1041D0000120084320F00040C0F17F6000F1E04082
:1041E000C00F14D010EE101A10EE900A8DED000BD7
:1041F000002918BF0121084320F00040C0F17F6072
:1042000000F1E040C00F04BF0120FFF789FF51EC2F
:10421000180B03B0BDEC028B00BD10B500EE100A08
:104220002DED028BB1EEC08A18EE100A20F000408E
:10423000C0F1FF40C00F0AD010EE100A20F000407D
:10424000C0F1FF40C00F04BF0120FFF769FF18EE67
:10425000100ABDEC028B10BD000000000000F03F12
:10426000000000000000F83F000000000000000017
:104270000000004003B8E23F000000000000000022
:1042800006D0CF43EBFD4C3E033333333333E33FB0
:10429000FFAB6FDBB66DDB3F4D268F515555D53FDC
:1042A00001411DA96074D13F65DBC9934A86CD3FAA
:1042B000EF4E454A287ECA3F3E5555555555C53F98
:1042C00093BDBE166CC166BF2CDE25AF6A56113F8A
:1042D000F16BD2C541BDBBBED0A4BE726937663E8C
:1042E0000000000000000000000000006E83F9A242
:1042F0002915444ED15727FCC0DD34F5999562DB72
:104300004190433CAB6351FE000000000000000000
:10431000000000000000000000000000010000009C
:104320000200000003000000040000000000000084
:104330000500000000000000000000000000000078
:104340000600000000000000000000000000000067
:104350000700000000000000010203040102030442
:10436000060708090001020304050607080C1014DB
:10437000182030400006101600061016080402042B
:104380000801010101010103070100000100020011
:104390000400060008000A000C0010002000400085
:1043A000800000010000803F0000000000000000CD
:1043B00000000000000000000000000000000000FD
:1043C0000000803F0000000000000000000000002E
:1043D0000000000000000000000000000000803F1E
:1043E00000000000000000000000000000000000CD
:1043F00000000000000000000000803F00000000FE
:1044000000000000000000000000000000000000AC
:10441000000000000000803F0000000000000000DD
:10442000000000000000000000000000000000008C
:104430000000803F0000891112239B322446AD57B3
:104440003665BF74488CC19D5AAFD3BE6CCAE5DBDC
:104450007EE9F7F88110080193331A22A5562C47FC
:10446000B7753E64C99C408DDBBF52AEEDDA64CBBC
:10447000FFF976E802218B30100299132667AF7698
:104480003444BD554AADC3BC588ED19F6EEBE7FA9C
:104490007CC8F5D983310A2091121803A7772E66BC
:1044A000B5543C45CBBD42ACD99E508FEFFB66EA7C
:1044B000FDD874C904428D5316619F702004A9155C
:1044C0003227BB364CCEC5DF5EEDD7FC6888E1995C
:1044D0007AABF3BA85520C4397711E60A11428057C
:1044E000B3373A26CDDE44CFDFFD56ECE99860893C
:1044F000FBBB72AA06638F7214409D512225AB3418
:104500003006B9174EEFC7FE5CCCD5DD6AA9E3B81B
:10451000788AF19B87730E6295501C41A3352A243B
:10452000B1163807CFFF46EEDDDC54CDEBB962A8FB
:10453000F99A708B088481951AA793B62CC2A5D3DB
:104540003EE1B7F04008C919522BDB3A644EED5FEB
:10455000766DFF7C899400859BB712A6ADD224C3EB
:10456000BFF136E0C1184809D33B5A2AE55E6C4FCB
:10457000F77D7E6C0AA583B4188691972EE3A7F287
:104580003CC0B5D14229CB38500AD91B666FEF7EAB
:10459000744CFD5D8BB502A499961087AFF326E2AB
:1045A000BDD034C1C3394A28D11A580BE77F6E6E8B
:1045B000F55C7C4D0CC685D71EE597F42880A1914B
:1045C0003AA3B3B2444ACD5B5669DF78600CE91D6B
:1045D000722FFB3E8DD604C79FF516E4A99020816B
:1045E000BBB332A2C55A4C4BD7795E68E11C680D4B
:1045F000F33F7A2E0EE787F61CC495D52AA1A3B007
:104600003882B193466BCF7A5448DD59622DEB3C2A
:10461000700EF91F8FF706E69DD414C5ABB122A02A
:10462000B9923083C77B4E6AD5585C49E33D6A2C0A
:10463000F11E780F40AC037D04014103057C0002AC
:104640006D0D026D0902000000000000900E493C53
:10465000B00AC93C2CC3163D2FFB483D742B7B3D53
:1046600005A9963D80B6AF3D36BDC83D2EBCE13DA7
:1046700073B2FA3D86CF093E8340163EB6AB223E6A
:10468000A2102F3ECF6E3B3EC2C5473E0115543EA1
:10469000135C603E7F9A6C3ECCCF783EC07D823EFC
:1046A000938E883E229A8E3E31A0943E86A09A3EFA
:1046B000E59AA03E128FA63ED47CAC3EEF63B23E9C
:1046C0002A44B83E4A1DBE3E15EFC33E53B9C93E0B
:1046D000CA7BCF3E4136D53E80E8DA3E4F92E03E7F
:1046E0007533E63EBBCBEB3EEA5AF13ECBE0F63EFD
:1046F000275DFC3EE4E7003F3D9C033F824B063FC5
:104700009BF5083F6B9A0B3FDA390E3FCDD3103F34
:104710002A68133FD9F6153FC07F183FC6021B3FDA
:10472000D17F1D3FCBF61F3F9967223F25D2243F03
:104730005636273F1594293F4AEB2B3FDE3B2E3F51
:10474000BB85303FC9C8323FF304353F233A373F7A
:104750004268393F3B8F3B3FF9AE3D3F67C73F3F24
:1047600070D8413F00E2433F03E4453F65DE473FE9
:1047700012D1493FF8BB4B3F029F4D3F1F7A4F3F3D
:104780003D4D513F4918533F31DB543FE595563F6E
:104790005348583F6AF2593F1A945B3F532D5D3F8F
:1047A00005BE5E3F2146603F98C5613F5A3C633F6E
:1047B00059AA643F880F663FD86B673F3CBF683F8C
:1047C000A7096A3F0C4B6B3F5E836C3F93B26D3F12
:1047D0009ED86E3F73F56F3F0809713F5213723FC9
:1047E0004714733FDD0B743F0BFA743FC6DE753F11
:1047F00007BA763FC58B773FF853783F9812793FD9
:104800009DC7793F02737A3FBE147B3FCDAC7B3F9F
:10481000283B7C3FC9BF7C3FAC3A7D3FCCAB7D3F62
:1048200024137E3FB0707E3F6DC47E3F580E7F3FA5
:104830006D4E7F3FAB847F3F0FB17F3F98D37F3F6B
:1048400043EC7F3F11FB7F3F0000803F11FB7F3F28
:1048500043EC7F3F98D37F3F0FB17F3FAB847F3FD7
:104860006D4E7F3F580E7F3F6DC47E3FB0707E3FE0
:1048700024137E3FCCAB7D3FAC3A7D3FC9BF7C3F2C
:10488000283B7C3FCDAC7B3FBE147B3F02737A3F1D
:104890009DC7793F9812793FF853783FC58B773F92
:1048A00007BA763FC6DE753F0BFA743FDD0B743FE7
:1048B0004714733F5213723F0809713F73F56F3FFE
:1048C0009ED86E3F93B26D3F5E836C3F0C4B6B3F47
:1048D000A7096A3F3CBF683FD86B673F880F663FB8
:1048E00059AA643F5A3C633F98C5613F2146603FE7
:1048F00005BE5E3F532D5D3F1A945B3F6AF2593F00
:104900005348583FE595563F31DB543F4918533FD4
:104910003D4D513F1F7A4F3F029F4D3FF8BB4B3FEC
:1049200012D1493F65DE473F03E4453F00E2433F84
:1049300070D8413F67C73F3FF9AE3D3F3B8F3B3F9C
:104940004268393F233A373FF304353FC9C8323F05
:10495000BB85303FDE3B2E3F4AEB2B3F1594293F72
:104960005636273F25D2243F9967223FCBF61F3F7B
:10497000D17F1D3FC6021B3FC07F183FD9F6153FB0
:104980002A68133FCDD3103FDA390E3F6B9A0B3FA5
:104990009BF5083F824B063F3D9C033FE4E7003F09
:1049A000275DFC3ECBE0F63EEA5AF13EBBCBEB3E48
:1049B0007533E63E4F92E03E80E8DA3E4136D53E22
:1049C000CA7BCF3E53B9C93E15EFC33E4A1DBE3E1A
:1049D0002A44B83EEF63B23ED47CAC3E128FA63E72
:1049E000E59AA03E86A09A3E31A0943E229A8E3E41
:1049F000938E883EC07D823ECCCF783E7F9A6C3EBF
:104A0000135C603E0115543EC2C5473ECF6E3B3E2F
:104A1000A2102F3EB6AB223E8340163E86CF093E03
:104A200073B2FA3D2EBCE13D36BDC83D80B6AF3D08
:104A300005A9963D742B7B3D2FFB483D2CC3163DAD
:104A4000B00AC93C900E493C00000000900E49BCE1
:104A5000B00AC9BC2CC316BD2FFB48BD742B7BBD4F
:104A600005A996BD80B6AFBD36BDC8BD2EBCE1BDA3
:104A700073B2FABD86CF09BE834016BEB6AB22BE66
:104A8000A2102FBECF6E3BBEC2C547BE011554BE9D
:104A9000135C60BE7F9A6CBECCCF78BEC07D82BEF8
:104AA000938E88BE229A8EBE31A094BE86A09ABEF6
:104AB000E59AA0BE128FA6BED47CACBEEF63B2BE98
:104AC0002A44B8BE4A1DBEBE15EFC3BE53B9C9BE07
:104AD000CA7BCFBE4136D5BE80E8DABE4F92E0BE7B
:104AE0007533E6BEBBCBEBBEEA5AF1BECBE0F6BEF9
:104AF000275DFCBEE4E700BF3D9C03BF824B06BFC1
:104B00009BF508BF6B9A0BBFDA390EBFCDD310BF30
:104B10002A6813BFD9F615BFC07F18BFC6021BBFD6
:104B2000D17F1DBFCBF61FBF996722BF25D224BFFF
:104B3000563627BF159429BF4AEB2BBFDE3B2EBF4D
:104B4000BB8530BFC9C832BFF30435BF233A37BF76
:104B5000426839BF3B8F3BBFF9AE3DBF67C73FBF20
:104B600070D841BF00E243BF03E445BF65DE47BFE5
:104B700012D149BFF8BB4BBF029F4DBF1F7A4FBF39
:104B80003D4D51BF491853BF31DB54BFE59556BF6A
:104B9000534858BF6AF259BF1A945BBF532D5DBF8B
:104BA00005BE5EBF214660BF98C561BF5A3C63BF6A
:104BB00059AA64BF880F66BFD86B67BF3CBF68BF88
:104BC000A7096ABF0C4B6BBF5E836CBF93B26DBF0E
:104BD0009ED86EBF73F56FBF080971BF521372BFC5
:104BE000471473BFDD0B74BF0BFA74BFC6DE75BF0D
:104BF00007BA76BFC58B77BFF85378BF981279BFD5
:104C00009DC779BF02737ABFBE147BBFCDAC7BBF9B
:104C1000283B7CBFC9BF7CBFAC3A7DBFCCAB7DBF5E
:104C200024137EBFB0707EBF6DC47EBF580E7FBFA1
:104C30006D4E7FBFAB847FBF0FB17FBF98D37FBF67
:104C400043EC7FBF11FB7FBF000080BF11FB7FBF24
:104C500043EC7FBF98D37FBF0FB17FBFAB847FBFD3
:104C60006D4E7FBF580E7FBF6DC47EBFB0707EBFDC
:104C700024137EBFCCAB7DBFAC3A7DBFC9BF7CBF28
:104C8000283B7CBFCDAC7BBFBE147BBF02737ABF19
:104C90009DC779BF981279BFF85378BFC58B77BF8E
:104CA00007BA76BFC6DE75BF0BFA74BFDD0B74BFE3
:104CB000471473BF521372BF080971BF73F56FBFFA
:104CC0009ED86EBF93B26DBF5E836CBF0C4B6BBF43
:104CD000A7096ABF3CBF68BFD86B67BF880F66BFB4
:104CE00059AA64BF5A3C63BF98C561BF214660BFE3
:104CF00005BE5EBF532D5DBF1A945BBF6AF259BFFC
:104D0000534858BFE59556BF31DB54BF491853BFD0
:104D10003D4D51BF1F7A4FBF029F4DBFF8BB4BBFE8
:104D200012D149BF65DE47BF03E445BF00E243BF80
:104D300070D841BF67C73FBFF9AE3DBF3B8F3BBF98
:104D4000426839BF233A37BFF30435BFC9C832BF01
:104D5000BB8530BFDE3B2EBF4AEB2BBF159429BF6E
:104D6000563627BF25D224BF996722BFCBF61FBF77
:104D7000D17F1DBFC6021BBFC07F18BFD9F615BFAC
:104D80002A6813BFCDD310BFDA390EBF6B9A0BBFA1
:104D90009BF508BF824B06BF3D9C03BFE4E700BF05
:104DA000275DFCBECBE0F6BEEA5AF1BEBBCBEBBE44
:104DB0007533E6BE4F92E0BE80E8DABE4136D5BE1E
:104DC000CA7BCFBE53B9C9BE15EFC3BE4A1DBEBE16
:104DD0002A44B8BEEF63B2BED47CACBE128FA6BE6E
:104DE000E59AA0BE86A09ABE31A094BE229A8EBE3D
:104DF000938E88BEC07D82BECCCF78BE7F9A6CBEBB
:104E0000135C60BE011554BEC2C547BECF6E3BBE2B
:104E1000A2102FBEB6AB22BE834016BE86CF09BEFF
:104E200073B2FABD2EBCE1BD36BDC8BD80B6AFBD04
:104E300005A996BD742B7BBD2FFB48BD2CC316BDA9
:104E4000B00AC9BC900E49BC000000804344432016
:104E5000496E746572666163650043444320436F25
:104E60006E6669670053544D6963726F656C656364
:104E700074726F6E6963730053544D3332205669F8
:104E8000727475616C20436F6D506F727400000016
:104E9000B84E020800000024F80100003E0500089A
:104EA000D84F0208F8010024103F01001041020809
:104EB000611FFFFF551FFFFF0114480DE7416B3ACB
:104EC00058A08B3A828101FF015AFC0832FD180874
:104ED000484269450108D9041AF9041E214601080F
:104EE00071041A190C1A89045108081250C347CDCD
:104EF000CCCC3D0409531C110B1AC8421C112C9038
:104F0000D00304480B5138010881350108B13BA892
:104F10001B7136B81D3401081114C11E7137010808
:104F200001041AE1041AE9241409024313020125B9
:104F3000C03209041B01020B1305241610010524BD
:104F40000110090104240202052406170107058245
:104F50000308151009040133020A2E070501024057
:104F6000072A810711130A0632023340011A12235D
:104F70001302021E4083044057591B0203151311EC
:104F8000081B08090413A9071B0849081A990407F4
:104F900018040309041A0314FFFF0F1608108209EE
:104FA00011160A15800B1610090C18010D7D04014D
:104FB0007C160240AB0341200A055308065804073B
:104FC0007017280D48E1DA3FE02D103BF62851C25A
:084FD000803210000000000017
:04000005080002CD20
:00000001FF
